#
# There is insufficient memory for the Java Runtime Environment to continue.
# Native memory allocation (mmap) failed to map 292552704 bytes. Error detail: G1 virtual space
# Possible reasons:
#   The system is out of physical RAM or swap space
#   This process is running with CompressedOops enabled, and the Java Heap may be blocking the growth of the native heap
# Possible solutions:
#   Reduce memory load on the system
#   Increase physical memory or swap space
#   Check if swap backing store is full
#   Decrease Java heap size (-Xmx/-Xms)
#   Decrease number of Java threads
#   Decrease Java thread stack sizes (-Xss)
#   Set larger code cache with -XX:ReservedCodeCacheSize=
#   JVM is running with Unscaled Compressed Oops mode in which the Java heap is
#     placed in the first 4GB address space. The Java Heap base address is the
#     maximum limit for the native heap growth. Please use -XX:HeapBaseMinAddress
#     to set the Java Heap base and to place the Java Heap above 4GB virtual address.
# This output file may be truncated or incomplete.
#
#  Out of Memory Error (os_windows.cpp:3766), pid=21840, tid=24288
#
# JRE version: OpenJDK Runtime Environment (25.0.2) (build 25.0.2+-15348964-b329.117)
# Java VM: OpenJDK 64-Bit Server VM (25.0.2+-15348964-b329.117, mixed mode, tiered, compressed oops, compressed class ptrs, g1 gc, windows-amd64)
# No core dump will be written. Minidumps are not enabled by default on client versions of Windows
#

---------------  S U M M A R Y ------------

Command Line: --add-opens=java.base/java.lang=ALL-UNNAMED --add-opens=java.base/java.lang.invoke=ALL-UNNAMED --add-opens=java.base/java.util=ALL-UNNAMED --add-opens=java.prefs/java.util.prefs=ALL-UNNAMED --add-exports=jdk.compiler/com.sun.tools.javac.api=ALL-UNNAMED --add-exports=jdk.compiler/com.sun.tools.javac.util=ALL-UNNAMED --add-opens=java.base/java.nio.charset=ALL-UNNAMED --add-opens=java.base/java.net=ALL-UNNAMED --add-opens=java.base/java.util.concurrent=ALL-UNNAMED --add-opens=java.base/java.util.concurrent.atomic=ALL-UNNAMED --add-opens=java.xml/javax.xml.namespace=ALL-UNNAMED --add-opens=java.base/java.time=ALL-UNNAMED --enable-native-access=ALL-UNNAMED -Xmx2048m -Dfile.encoding=UTF-8 -Duser.country=ID -Duser.language=en -Duser.variant -javaagent:C:\Users\Lenovo\.gradle\wrapper\dists\gradle-9.5.0-bin\bvnork1r7n8i6kp5cnkibsc9q\gradle-9.5.0\lib\agents\gradle-instrumentation-agent-9.5.0.jar org.gradle.launcher.daemon.bootstrap.GradleDaemon 9.5.0

Host: 13th Gen Intel(R) Core(TM) i7-13620H, 16 cores, 7G,  Windows 11 , 64 bit Build 26100 (10.0.26100.9444)
Time: Tue Sep 22 15:52:11 2026 SE Asia Standard Time elapsed time: 17.868664 seconds (0d 0h 0m 17s)

---------------  T H R E A D  ---------------

Current thread (0x00000178f78b70a0):  VMThread "VM Thread"          [id=24288, stack(0x0000003db2500000,0x0000003db2600000) (1024K)]

Stack: [0x0000003db2500000,0x0000003db2600000]
Native frames: (J=compiled Java code, j=interpreted, Vv=VM code, C=native code)
V  [jvm.dll+0x7bd439]  (no source info available)
V  [jvm.dll+0x78763d]  (no source info available)
V  [jvm.dll+0xa0c885]  (no source info available)
V  [jvm.dll+0xa0ef04]  (no source info available)
V  [jvm.dll+0xa0f603]  (no source info available)
V  [jvm.dll+0x309bf6]  (no source info available)
V  [jvm.dll+0x7b9545]  (no source info available)
V  [jvm.dll+0x7ac047]  (no source info available)
V  [jvm.dll+0x3fdeab]  (no source info available)
V  [jvm.dll+0x406066]  (no source info available)
V  [jvm.dll+0x3f2516]  (no source info available)
V  [jvm.dll+0x3f27f8]  (no source info available)
V  [jvm.dll+0x3c7b82]  (no source info available)
V  [jvm.dll+0x3c7c1a]  (no source info available)
V  [jvm.dll+0x4172d0]  (no source info available)
V  [jvm.dll+0x415bf1]  (no source info available)
V  [jvm.dll+0x3c72b7]  (no source info available)
V  [jvm.dll+0x41502f]  (no source info available)
V  [jvm.dll+0xa158ca]  (no source info available)
V  [jvm.dll+0xa16bd1]  (no source info available)
V  [jvm.dll+0xa17148]  (no source info available)
V  [jvm.dll+0xa173d3]  (no source info available)
V  [jvm.dll+0x9ab9c8]  (no source info available)
V  [jvm.dll+0x7bb985]  (no source info available)
C  [ucrtbase.dll+0x2cd30]  (no source info available)
C  [KERNEL32.DLL+0x2cd87]  (no source info available)
C  [ntdll.dll+0xacaec]  (no source info available)

VM_Operation (0x0000003db92fe440): G1CollectForAllocation, mode: safepoint, requested by thread 0x00000178814c8050


---------------  P R O C E S S  ---------------

Threads class SMR info:
_java_thread_list=0x000001788046b8a0, length=107, elements={
0x00000178df520730, 0x00000178f78e3de0, 0x00000178f78e4ec0, 0x00000178f78e5920,
0x00000178fc011090, 0x00000178fc011850, 0x00000178fc012010, 0x00000178fc012e90,
0x00000178fc013a50, 0x00000178fc014260, 0x00000178fc1b1ff0, 0x00000178fc3b16f0,
0x00000178fd3b77c0, 0x00000178fd3b5780, 0x00000178fe3a4f50, 0x00000178feb31020,
0x00000178feba48a0, 0x00000178fee5d100, 0x00000178febcd1b0, 0x00000178febc01d0,
0x00000178febd5ad0, 0x00000178febdb890, 0x00000178febda8f0, 0x00000178febdb0c0,
0x00000178ff160e00, 0x00000178ff15eec0, 0x00000178ff15e6f0, 0x00000178ff1615d0,
0x00000178ff164c80, 0x00000178ff161da0, 0x00000178ff162d40, 0x00000178ff31e450,
0x00000178ff31cce0, 0x00000178ff31dc80, 0x00000178ff321b00, 0x00000178ff5b0d00,
0x00000178ff5b2c40, 0x00000178ff5b3410, 0x0000017880a34940, 0x0000017880a358e0,
0x0000017880a37ff0, 0x0000017880a387c0, 0x0000017880a360b0, 0x0000017880a37050,
0x0000017880b02fa0, 0x0000017880b03770, 0x0000017880b027d0, 0x0000017880b01830,
0x0000017880b02000, 0x0000017880b000c0, 0x0000017880b06e20, 0x0000017880b056b0,
0x000001788163e980, 0x000001788163f920, 0x00000178816408c0, 0x0000017881642030,
0x0000017881641860, 0x0000017881642fd0, 0x0000017881643f70, 0x0000017881644f10,
0x0000017880411750, 0x000001788040e870, 0x00000178804126f0, 0x0000017880412ec0,
0x00000178804155d0, 0x0000017880413690, 0x0000017880417510, 0x0000017880414630,
0x0000017880418c80, 0x0000017880419450, 0x0000017880415da0, 0x000001788041daa0,
0x00000178ff31f3f0, 0x000001788188be40, 0x000001788188d5b0, 0x000001788188c610,
0x000001788188dd80, 0x000001788188e550, 0x000001788188b670, 0x0000017881890490,
0x0000017881890c60, 0x0000017881891c00, 0x00000178818923d0, 0x0000017881894310,
0x0000017881896250, 0x00000178818952b0, 0x0000017881893b40, 0x0000017881895a80,
0x0000017881898190, 0x00000178814bfb80, 0x00000178814c49a0, 0x00000178814c1ac0,
0x00000178814c8ff0, 0x00000178814c97c0, 0x00000178814c8820, 0x00000178814c8050,
0x00000178814c9f90, 0x00000178814caf30, 0x00000178814cbed0, 0x00000178814cc6a0,
0x000001788041d2d0, 0x00000178882ab710, 0x00000178882a8060, 0x00000178882a97d0,
0x00000178882ac6b0, 0x00000178882aaf40, 0x00000178882ace80
}

Java Threads: ( => current thread )
  0x00000178df520730 JavaThread "main"                              [_thread_blocked, id=25564, stack(0x0000003db1e00000,0x0000003db1f00000) (1024K)]
  0x00000178f78e3de0 JavaThread "Common-Cleaner"             daemon [_thread_blocked, id=12500, stack(0x0000003db2600000,0x0000003db2700000) (1024K)]
  0x00000178f78e4ec0 JavaThread "Reference Handler"          daemon [_thread_blocked, id=3372, stack(0x0000003db2700000,0x0000003db2800000) (1024K)]
  0x00000178f78e5920 JavaThread "Finalizer"                  daemon [_thread_blocked, id=13792, stack(0x0000003db2800000,0x0000003db2900000) (1024K)]
  0x00000178fc011090 JavaThread "Signal Dispatcher"          daemon [_thread_blocked, id=17148, stack(0x0000003db2900000,0x0000003db2a00000) (1024K)]
  0x00000178fc011850 JavaThread "Attach Listener"            daemon [_thread_blocked, id=11236, stack(0x0000003db2a00000,0x0000003db2b00000) (1024K)]
  0x00000178fc012010 JavaThread "Service Thread"             daemon [_thread_blocked, id=12572, stack(0x0000003db2b00000,0x0000003db2c00000) (1024K)]
  0x00000178fc012e90 JavaThread "Monitor Deflation Thread"   daemon [_thread_blocked, id=21860, stack(0x0000003db2c00000,0x0000003db2d00000) (1024K)]
  0x00000178fc013a50 JavaThread "C2 CompilerThread0"         daemon [_thread_blocked, id=13104, stack(0x0000003db2d00000,0x0000003db2e00000) (1024K)]
  0x00000178fc014260 JavaThread "C1 CompilerThread0"         daemon [_thread_blocked, id=25504, stack(0x0000003db2e00000,0x0000003db2f00000) (1024K)]
  0x00000178fc1b1ff0 JavaThread "C1 CompilerThread1"         daemon [_thread_blocked, id=8228, stack(0x0000003db2f00000,0x0000003db3000000) (1024K)]
  0x00000178fc3b16f0 JavaThread "Notification Thread"        daemon [_thread_blocked, id=13436, stack(0x0000003db3000000,0x0000003db3100000) (1024K)]
  0x00000178fd3b77c0 JavaThread "C1 CompilerThread2"         daemon [_thread_blocked, id=14344, stack(0x0000003db3200000,0x0000003db3300000) (1024K)]
  0x00000178fd3b5780 JavaThread "C1 CompilerThread3"         daemon [_thread_blocked, id=8512, stack(0x0000003db3300000,0x0000003db3400000) (1024K)]
  0x00000178fe3a4f50 JavaThread "Daemon health stats"               [_thread_blocked, id=19064, stack(0x0000003db3900000,0x0000003db3a00000) (1024K)]
  0x00000178feb31020 JavaThread "Incoming local TCP Connector on port 49785"        [_thread_in_native, id=7492, stack(0x0000003db3e00000,0x0000003db3f00000) (1024K)]
  0x00000178feba48a0 JavaThread "Daemon periodic checks"            [_thread_blocked, id=24704, stack(0x0000003db3f00000,0x0000003db4000000) (1024K)]
  0x00000178fee5d100 JavaThread "Daemon"                            [_thread_blocked, id=5756, stack(0x0000003db4500000,0x0000003db4600000) (1024K)]
  0x00000178febcd1b0 JavaThread "Handler for socket connection from /127.0.0.1:49785 to /127.0.0.1:49786"        [_thread_in_native, id=13996, stack(0x0000003db4600000,0x0000003db4700000) (1024K)]
  0x00000178febc01d0 JavaThread "Cancel handler"                    [_thread_blocked, id=18884, stack(0x0000003db4700000,0x0000003db4800000) (1024K)]
  0x00000178febd5ad0 JavaThread "Daemon worker"                     [_thread_blocked, id=24060, stack(0x0000003db4800000,0x0000003db4900000) (1024K)]
  0x00000178febdb890 JavaThread "Asynchronous log dispatcher for DefaultDaemonConnection: socket connection from /127.0.0.1:49785 to /127.0.0.1:49786"        [_thread_blocked, id=24304, stack(0x0000003db4900000,0x0000003db4a00000) (1024K)]
  0x00000178febda8f0 JavaThread "Stdin handler"                     [_thread_blocked, id=1868, stack(0x0000003db4a00000,0x0000003db4b00000) (1024K)]
  0x00000178febdb0c0 JavaThread "Daemon client event forwarder"        [_thread_blocked, id=25860, stack(0x0000003db4b00000,0x0000003db4c00000) (1024K)]
  0x00000178ff160e00 JavaThread "Cache worker for journal cache (C:\Users\Lenovo\.gradle\caches\journal-1)"        [_thread_blocked, id=16088, stack(0x0000003db3100000,0x0000003db3200000) (1024K)]
  0x00000178ff15eec0 JavaThread "File lock request listener"        [_thread_in_native, id=5572, stack(0x0000003db4c00000,0x0000003db4d00000) (1024K)]
  0x00000178ff15e6f0 JavaThread "Cache worker for file hash cache (C:\Users\Lenovo\.gradle\caches\9.5.0\fileHashes)"        [_thread_blocked, id=25752, stack(0x0000003db4d00000,0x0000003db4e00000) (1024K)]
  0x00000178ff1615d0 JavaThread "Cache worker for file hash cache (E:\AndroidStudioProjects\MyApplication\Pertemuan 4\.gradle\9.5.0\fileHashes)"        [_thread_blocked, id=15276, stack(0x0000003db4e00000,0x0000003db4f00000) (1024K)]
  0x00000178ff164c80 JavaThread "Cache worker for checksums cache (E:\AndroidStudioProjects\MyApplication\Pertemuan 4\.gradle\9.5.0\checksums)"        [_thread_blocked, id=23100, stack(0x0000003db4f00000,0x0000003db5000000) (1024K)]
  0x00000178ff161da0 JavaThread "Cache worker for Build Output Cleanup Cache (E:\AndroidStudioProjects\MyApplication\Pertemuan 4\.gradle\buildOutputCleanup)"        [_thread_blocked, id=26488, stack(0x0000003db5000000,0x0000003db5100000) (1024K)]
  0x00000178ff162d40 JavaThread "Cache worker for file content cache (C:\Users\Lenovo\.gradle\caches\9.5.0\fileContent)"        [_thread_blocked, id=6368, stack(0x0000003db5100000,0x0000003db5200000) (1024K)]
  0x00000178ff31e450 JavaThread "File watcher server"        daemon [_thread_blocked, id=11232, stack(0x0000003db5200000,0x0000003db5300000) (1024K)]
  0x00000178ff31cce0 JavaThread "File watcher consumer"      daemon [_thread_blocked, id=21292, stack(0x0000003db5300000,0x0000003db5400000) (1024K)]
  0x00000178ff31dc80 JavaThread "Cache worker for cache directory md-supplier (C:\Users\Lenovo\.gradle\caches\9.5.0\md-supplier)"        [_thread_blocked, id=26124, stack(0x0000003db5400000,0x0000003db5500000) (1024K)]
  0x00000178ff321b00 JavaThread "Cache worker for cache directory md-rule (C:\Users\Lenovo\.gradle\caches\9.5.0\md-rule)"        [_thread_blocked, id=25792, stack(0x0000003db5500000,0x0000003db5600000) (1024K)]
  0x00000178ff5b0d00 JavaThread "build event listener"              [_thread_blocked, id=15412, stack(0x0000003db5700000,0x0000003db5800000) (1024K)]
  0x00000178ff5b2c40 JavaThread "build event listener"              [_thread_blocked, id=26064, stack(0x0000003db5800000,0x0000003db5900000) (1024K)]
  0x00000178ff5b3410 JavaThread "Build operations"                  [_thread_blocked, id=14072, stack(0x0000003db5900000,0x0000003db5a00000) (1024K)]
  0x0000017880a34940 JavaThread "Memory manager"                    [_thread_blocked, id=21448, stack(0x0000003db5600000,0x0000003db5700000) (1024K)]
  0x0000017880a358e0 JavaThread "included builds"                   [_thread_blocked, id=24780, stack(0x0000003db5a00000,0x0000003db5b00000) (1024K)]
  0x0000017880a37ff0 JavaThread "Execution worker"                  [_thread_blocked, id=6600, stack(0x0000003db5b00000,0x0000003db5c00000) (1024K)]
  0x0000017880a387c0 JavaThread "Execution worker Thread 2"         [_thread_blocked, id=22664, stack(0x0000003db5c00000,0x0000003db5d00000) (1024K)]
  0x0000017880a360b0 JavaThread "Execution worker Thread 3"         [_thread_blocked, id=14808, stack(0x0000003db5d00000,0x0000003db5e00000) (1024K)]
  0x0000017880a37050 JavaThread "Execution worker Thread 4"         [_thread_blocked, id=17300, stack(0x0000003db5e00000,0x0000003db5f00000) (1024K)]
  0x0000017880b02fa0 JavaThread "Execution worker Thread 5"         [_thread_blocked, id=5740, stack(0x0000003db5f00000,0x0000003db6000000) (1024K)]
  0x0000017880b03770 JavaThread "Execution worker Thread 6"         [_thread_blocked, id=23304, stack(0x0000003db6000000,0x0000003db6100000) (1024K)]
  0x0000017880b027d0 JavaThread "Execution worker Thread 7"         [_thread_blocked, id=6336, stack(0x0000003db6100000,0x0000003db6200000) (1024K)]
  0x0000017880b01830 JavaThread "Execution worker Thread 8"         [_thread_blocked, id=22656, stack(0x0000003db6200000,0x0000003db6300000) (1024K)]
  0x0000017880b02000 JavaThread "Execution worker Thread 9"         [_thread_blocked, id=22972, stack(0x0000003db6300000,0x0000003db6400000) (1024K)]
  0x0000017880b000c0 JavaThread "Execution worker Thread 10"        [_thread_blocked, id=8876, stack(0x0000003db6400000,0x0000003db6500000) (1024K)]
  0x0000017880b06e20 JavaThread "Execution worker Thread 11"        [_thread_blocked, id=8260, stack(0x0000003db6500000,0x0000003db6600000) (1024K)]
  0x0000017880b056b0 JavaThread "Execution worker Thread 12"        [_thread_blocked, id=20740, stack(0x0000003db6600000,0x0000003db6700000) (1024K)]
  0x000001788163e980 JavaThread "Execution worker Thread 13"        [_thread_blocked, id=9468, stack(0x0000003db6700000,0x0000003db6800000) (1024K)]
  0x000001788163f920 JavaThread "Execution worker Thread 14"        [_thread_blocked, id=11012, stack(0x0000003db6800000,0x0000003db6900000) (1024K)]
  0x00000178816408c0 JavaThread "Execution worker Thread 15"        [_thread_blocked, id=21580, stack(0x0000003db6900000,0x0000003db6a00000) (1024K)]
  0x0000017881642030 JavaThread "Cache worker for execution history cache (E:\AndroidStudioProjects\MyApplication\Pertemuan 4\.gradle\9.5.0\executionHistory)"        [_thread_blocked, id=17836, stack(0x0000003db6a00000,0x0000003db6b00000) (1024K)]
  0x0000017881641860 JavaThread "Build operations Thread 2"         [_thread_blocked, id=21220, stack(0x0000003db6b00000,0x0000003db6c00000) (1024K)]
  0x0000017881642fd0 JavaThread "Build operations Thread 3"         [_thread_blocked, id=2596, stack(0x0000003db6c00000,0x0000003db6d00000) (1024K)]
  0x0000017881643f70 JavaThread "Build operations Thread 4"         [_thread_blocked, id=4400, stack(0x0000003db6d00000,0x0000003db6e00000) (1024K)]
  0x0000017881644f10 JavaThread "Build operations Thread 5"         [_thread_blocked, id=9840, stack(0x0000003db6e00000,0x0000003db6f00000) (1024K)]
  0x0000017880411750 JavaThread "Build operations Thread 6"         [_thread_blocked, id=8172, stack(0x0000003db6f00000,0x0000003db7000000) (1024K)]
  0x000001788040e870 JavaThread "Build operations Thread 7"         [_thread_blocked, id=24536, stack(0x0000003db7000000,0x0000003db7100000) (1024K)]
  0x00000178804126f0 JavaThread "Build operations Thread 9"         [_thread_blocked, id=7748, stack(0x0000003db7100000,0x0000003db7200000) (1024K)]
  0x0000017880412ec0 JavaThread "Build operations Thread 8"         [_thread_blocked, id=12284, stack(0x0000003db7200000,0x0000003db7300000) (1024K)]
  0x00000178804155d0 JavaThread "Build operations Thread 10"        [_thread_blocked, id=10684, stack(0x0000003db7300000,0x0000003db7400000) (1024K)]
  0x0000017880413690 JavaThread "Build operations Thread 11"        [_thread_blocked, id=15124, stack(0x0000003db7400000,0x0000003db7500000) (1024K)]
  0x0000017880417510 JavaThread "Build operations Thread 13"        [_thread_blocked, id=22556, stack(0x0000003db7500000,0x0000003db7600000) (1024K)]
  0x0000017880414630 JavaThread "Build operations Thread 12"        [_thread_blocked, id=9504, stack(0x0000003db7600000,0x0000003db7700000) (1024K)]
  0x0000017880418c80 JavaThread "Build operations Thread 14"        [_thread_blocked, id=12036, stack(0x0000003db7700000,0x0000003db7800000) (1024K)]
  0x0000017880419450 JavaThread "Build operations Thread 15"        [_thread_blocked, id=4220, stack(0x0000003db7800000,0x0000003db7900000) (1024K)]
  0x0000017880415da0 JavaThread "Build operations Thread 16"        [_thread_blocked, id=6560, stack(0x0000003db7900000,0x0000003db7a00000) (1024K)]
  0x000001788041daa0 JavaThread "WorkerExecutor Queue"              [_thread_blocked, id=17984, stack(0x0000003db7a00000,0x0000003db7b00000) (1024K)]
  0x00000178ff31f3f0 JavaThread "ForkJoinPool-1-worker-1"    daemon [_thread_blocked, id=16464, stack(0x0000003db7b00000,0x0000003db7c00000) (1024K)]
  0x000001788188be40 JavaThread "ForkJoinPool-1-worker-2"    daemon [_thread_blocked, id=11344, stack(0x0000003db7c00000,0x0000003db7d00000) (1024K)]
  0x000001788188d5b0 JavaThread "ForkJoinPool-1-worker-3"    daemon [_thread_blocked, id=22356, stack(0x0000003db7d00000,0x0000003db7e00000) (1024K)]
  0x000001788188c610 JavaThread "ForkJoinPool-1-worker-4"    daemon [_thread_blocked, id=10768, stack(0x0000003db7e00000,0x0000003db7f00000) (1024K)]
  0x000001788188dd80 JavaThread "ForkJoinPool-1-worker-5"    daemon [_thread_blocked, id=6076, stack(0x0000003db7f00000,0x0000003db8000000) (1024K)]
  0x000001788188e550 JavaThread "ForkJoinPool-1-worker-6"    daemon [_thread_blocked, id=13192, stack(0x0000003db8000000,0x0000003db8100000) (1024K)]
  0x000001788188b670 JavaThread "ForkJoinPool-1-worker-7"    daemon [_thread_blocked, id=22064, stack(0x0000003db8100000,0x0000003db8200000) (1024K)]
  0x0000017881890490 JavaThread "ForkJoinPool-1-worker-8"    daemon [_thread_blocked, id=14996, stack(0x0000003db8200000,0x0000003db8300000) (1024K)]
  0x0000017881890c60 JavaThread "ForkJoinPool-1-worker-9"    daemon [_thread_blocked, id=5908, stack(0x0000003db8300000,0x0000003db8400000) (1024K)]
  0x0000017881891c00 JavaThread "ForkJoinPool-1-worker-10"   daemon [_thread_blocked, id=13744, stack(0x0000003db8400000,0x0000003db8500000) (1024K)]
  0x00000178818923d0 JavaThread "ForkJoinPool-1-worker-11"   daemon [_thread_blocked, id=22900, stack(0x0000003db8500000,0x0000003db8600000) (1024K)]
  0x0000017881894310 JavaThread "ForkJoinPool-1-worker-12"   daemon [_thread_blocked, id=10848, stack(0x0000003db8600000,0x0000003db8700000) (1024K)]
  0x0000017881896250 JavaThread "ForkJoinPool-1-worker-13"   daemon [_thread_blocked, id=7532, stack(0x0000003db8700000,0x0000003db8800000) (1024K)]
  0x00000178818952b0 JavaThread "ForkJoinPool-1-worker-14"   daemon [_thread_blocked, id=17528, stack(0x0000003db8800000,0x0000003db8900000) (1024K)]
  0x0000017881893b40 JavaThread "ForkJoinPool-1-worker-15"   daemon [_thread_blocked, id=12028, stack(0x0000003db8900000,0x0000003db8a00000) (1024K)]
  0x0000017881895a80 JavaThread "ForkJoinPool-1-worker-16"   daemon [_thread_blocked, id=21304, stack(0x0000003db8a00000,0x0000003db8b00000) (1024K)]
  0x0000017881898190 JavaThread "WorkerExecutor Queue Thread 2"        [_thread_blocked, id=11244, stack(0x0000003db8b00000,0x0000003db8c00000) (1024K)]
  0x00000178814bfb80 JavaThread "WorkerExecutor Queue Thread 3"        [_thread_blocked, id=12716, stack(0x0000003db8c00000,0x0000003db8d00000) (1024K)]
  0x00000178814c49a0 JavaThread "Thread-59"                         [_thread_in_native, id=11884, stack(0x0000003db8d00000,0x0000003db8e00000) (1024K)]
  0x00000178814c1ac0 JavaThread "ForkJoinPool-2-worker-1"    daemon [_thread_blocked, id=20528, stack(0x0000003db8e00000,0x0000003db8f00000) (1024K)]
  0x00000178814c8ff0 JavaThread "ForkJoinPool-2-worker-2"    daemon [_thread_blocked, id=8792, stack(0x0000003db8f00000,0x0000003db9000000) (1024K)]
  0x00000178814c97c0 JavaThread "ForkJoinPool-2-worker-3"    daemon [_thread_blocked, id=8960, stack(0x0000003db9000000,0x0000003db9100000) (1024K)]
  0x00000178814c8820 JavaThread "ForkJoinPool-2-worker-4"    daemon [_thread_blocked, id=12064, stack(0x0000003db9100000,0x0000003db9200000) (1024K)]
  0x00000178814c8050 JavaThread "ForkJoinPool-2-worker-5"    daemon [_thread_blocked, id=3312, stack(0x0000003db9200000,0x0000003db9300000) (1024K)]
  0x00000178814c9f90 JavaThread "ForkJoinPool-2-worker-7"    daemon [_thread_blocked, id=4728, stack(0x0000003db9300000,0x0000003db9400000) (1024K)]
  0x00000178814caf30 JavaThread "ForkJoinPool-2-worker-6"    daemon [_thread_blocked, id=14300, stack(0x0000003db9400000,0x0000003db9500000) (1024K)]
  0x00000178814cbed0 JavaThread "ForkJoinPool-2-worker-8"    daemon [_thread_blocked, id=24156, stack(0x0000003db9500000,0x0000003db9600000) (1024K)]
  0x00000178814cc6a0 JavaThread "ForkJoinPool-2-worker-9"    daemon [_thread_blocked, id=7648, stack(0x0000003db9600000,0x0000003db9700000) (1024K)]
  0x000001788041d2d0 JavaThread "ForkJoinPool-2-worker-10"   daemon [_thread_blocked, id=22216, stack(0x0000003db9700000,0x0000003db9800000) (1024K)]
  0x00000178882ab710 JavaThread "ForkJoinPool-2-worker-11"   daemon [_thread_blocked, id=9848, stack(0x0000003db9800000,0x0000003db9900000) (1024K)]
  0x00000178882a8060 JavaThread "ForkJoinPool-2-worker-12"   daemon [_thread_blocked, id=11464, stack(0x0000003db9900000,0x0000003db9a00000) (1024K)]
  0x00000178882a97d0 JavaThread "ForkJoinPool-2-worker-13"   daemon [_thread_blocked, id=13208, stack(0x0000003db9a00000,0x0000003db9b00000) (1024K)]
  0x00000178882ac6b0 JavaThread "ForkJoinPool-2-worker-14"   daemon [_thread_blocked, id=24468, stack(0x0000003db9b00000,0x0000003db9c00000) (1024K)]
  0x00000178882aaf40 JavaThread "ForkJoinPool-2-worker-15"   daemon [_thread_blocked, id=5948, stack(0x0000003db9c00000,0x0000003db9d00000) (1024K)]
  0x00000178882ace80 JavaThread "ForkJoinPool-2-worker-16"   daemon [_thread_blocked, id=11612, stack(0x0000003db9d00000,0x0000003db9e00000) (1024K)]
Total: 107

Other Threads:
=>0x00000178f78b70a0 VMThread "VM Thread"                           [id=24288, stack(0x0000003db2500000,0x0000003db2600000) (1024K)]
  0x00000178f7877650 WatcherThread "VM Periodic Task Thread"        [id=13860, stack(0x0000003db2400000,0x0000003db2500000) (1024K)]
  0x00000178df57a240 WorkerThread "GC Thread#0"                     [id=9164, stack(0x0000003db1f00000,0x0000003db2000000) (1024K)]
  0x00000178fd5794f0 WorkerThread "GC Thread#1"                     [id=18452, stack(0x0000003db3400000,0x0000003db3500000) (1024K)]
  0x00000178fd5a1d00 WorkerThread "GC Thread#2"                     [id=14608, stack(0x0000003db3500000,0x0000003db3600000) (1024K)]
  0x00000178fd4ba6e0 WorkerThread "GC Thread#3"                     [id=8748, stack(0x0000003db3600000,0x0000003db3700000) (1024K)]
  0x00000178fd4bab10 WorkerThread "GC Thread#4"                     [id=24612, stack(0x0000003db3700000,0x0000003db3800000) (1024K)]
  0x00000178fc230f10 WorkerThread "GC Thread#5"                     [id=22564, stack(0x0000003db3800000,0x0000003db3900000) (1024K)]
  0x00000178fdfb2970 WorkerThread "GC Thread#6"                     [id=25700, stack(0x0000003db3a00000,0x0000003db3b00000) (1024K)]
  0x00000178fdfb47a0 WorkerThread "GC Thread#7"                     [id=24912, stack(0x0000003db3b00000,0x0000003db3c00000) (1024K)]
  0x00000178fdfb6180 WorkerThread "GC Thread#8"                     [id=8708, stack(0x0000003db3c00000,0x0000003db3d00000) (1024K)]
  0x00000178fdfb5490 WorkerThread "GC Thread#9"                     [id=22524, stack(0x0000003db3d00000,0x0000003db3e00000) (1024K)]
  0x00000178fdfb3210 WorkerThread "GC Thread#10"                    [id=16788, stack(0x0000003db4000000,0x0000003db4100000) (1024K)]
  0x00000178fdfb58e0 WorkerThread "GC Thread#11"                    [id=23640, stack(0x0000003db4100000,0x0000003db4200000) (1024K)]
  0x00000178fdfb5d30 WorkerThread "GC Thread#12"                    [id=20692, stack(0x0000003db4200000,0x0000003db4300000) (1024K)]
  0x00000178df5933b0 ConcurrentGCThread "G1 Main Marker"            [id=8676, stack(0x0000003db2000000,0x0000003db2100000) (1024K)]
  0x00000178df594d90 WorkerThread "G1 Conc#0"                       [id=13412, stack(0x0000003db2100000,0x0000003db2200000) (1024K)]
  0x00000178fdfb2520 WorkerThread "G1 Conc#1"                       [id=13544, stack(0x0000003db4300000,0x0000003db4400000) (1024K)]
  0x00000178fdfb65d0 WorkerThread "G1 Conc#2"                       [id=21924, stack(0x0000003db4400000,0x0000003db4500000) (1024K)]
  0x00000178df5de970 ConcurrentGCThread "G1 Refine#0"               [id=2768, stack(0x0000003db2200000,0x0000003db2300000) (1024K)]
  0x00000178f773cbd0 ConcurrentGCThread "G1 Service"                [id=14140, stack(0x0000003db2300000,0x0000003db2400000) (1024K)]
Total: 21

Threads with active compile tasks:
C2 CompilerThread0  18049 10934       4       com.android.tools.r8.internal.ak4::b (36 bytes)
Total: 1

VM state: at safepoint (normal execution)

VM Mutex/Monitor currently owned by a thread:  ([mutex/lock_event])
[0x00007ffec2134698] Threads_lock - owner thread: 0x00000178f78b70a0
[0x00007ffec2134818] Heap_lock - owner thread: 0x00000178814c8050

Heap address: 0x0000000080000000, size: 2048 MB, Compressed Oops mode: 32-bit

CDS archive(s) not mapped
Compressed class space mapped at: 0x0000000009000000-0x0000000049000000, reserved size: 1073741824
UseCompressedClassPointers 1, UseCompactObjectHeaders 0
Narrow klass pointer bits 32, Max shift 3
Narrow klass base: 0x0000000000000000, Narrow klass shift: 0
Encoding Range: [0x0000000000000000 - 0x0000000100000000), (4294967296 bytes)
Klass Range:    [0x0000000009000000 - 0x0000000049000000), (1073741824 bytes)
Klass ID Range:  [150994944 - 1224736761) (1073741817)
No protection zone.

GC Precious Log:
 CardTable entry size: 512
 Card Set container configuration: InlinePtr #cards 5 size 8 Array Of Cards #cards 10 size 36 Howl #buckets 4 coarsen threshold 1843 Howl Bitmap #cards 512 size 80 coarsen threshold 460 Card regions per heap region 1 cards per card region 2048
 CPUs: 16 total, 16 available
 Memory: 7916M
 Large Page Support: Disabled
 NUMA Support: Disabled
 Compressed Oops: Enabled (32-bit)
 Heap Region Size: 1M
 Heap Min Capacity: 8M
 Heap Initial Capacity: 124M
 Heap Max Capacity: 2G
 Pre-touch: Disabled
 Parallel Workers: 13
 Concurrent Workers: 3
 Concurrent Refinement Workers: 13
 Periodic GC: Disabled

Heap:
 garbage-first heap   total reserved 2097152K, committed 442368K, used 319414K [0x0000000080000000, 0x0000000100000000)
  region size 1024K, 14 young (14336K), 14 survivors (14336K)

Heap Regions: E=young(eden), S=young(survivor), O=old, HS=humongous(starts), HC=humongous(continues), CS=collection set, F=free, TAMS=top-at-mark-start, PB=parsable bottom
|   0|0x0000000080000000, 0x0000000080100000, 0x0000000080100000|100%|HS|  |TAMS 0x0000000080100000| PB 0x0000000080000000| Complete |  0
|   1|0x0000000080100000, 0x0000000080200000, 0x0000000080200000|100%|HC|  |TAMS 0x0000000080200000| PB 0x0000000080100000| Complete |  0
|   2|0x0000000080200000, 0x0000000080300000, 0x0000000080300000|100%|HC|  |TAMS 0x0000000080300000| PB 0x0000000080200000| Complete |  0
|   3|0x0000000080300000, 0x0000000080400000, 0x0000000080400000|100%|HC|  |TAMS 0x0000000080400000| PB 0x0000000080300000| Complete |  0
|   4|0x0000000080400000, 0x0000000080500000, 0x0000000080500000|100%| O|  |TAMS 0x0000000080500000| PB 0x0000000080400000| Untracked |  0
|   5|0x0000000080500000, 0x0000000080600000, 0x0000000080600000|100%| O|  |TAMS 0x0000000080600000| PB 0x0000000080500000| Untracked |  0
|   6|0x0000000080600000, 0x0000000080700000, 0x0000000080700000|100%| O|  |TAMS 0x0000000080700000| PB 0x0000000080600000| Untracked |  0
|   7|0x0000000080700000, 0x0000000080800000, 0x0000000080800000|100%|HS|  |TAMS 0x0000000080800000| PB 0x0000000080700000| Complete |  0
|   8|0x0000000080800000, 0x0000000080900000, 0x0000000080900000|100%| O|  |TAMS 0x0000000080900000| PB 0x0000000080800000| Untracked |  0
|   9|0x0000000080900000, 0x0000000080a00000, 0x0000000080a00000|100%| O|  |TAMS 0x0000000080a00000| PB 0x0000000080900000| Untracked |  0
|  10|0x0000000080a00000, 0x0000000080b00000, 0x0000000080b00000|100%| O|  |TAMS 0x0000000080b00000| PB 0x0000000080a00000| Untracked |  0
|  11|0x0000000080b00000, 0x0000000080c00000, 0x0000000080c00000|100%| O|  |TAMS 0x0000000080c00000| PB 0x0000000080b00000| Untracked |  0
|  12|0x0000000080c00000, 0x0000000080d00000, 0x0000000080d00000|100%| O|  |TAMS 0x0000000080d00000| PB 0x0000000080c00000| Untracked |  0
|  13|0x0000000080d00000, 0x0000000080e00000, 0x0000000080e00000|100%| O|  |TAMS 0x0000000080e00000| PB 0x0000000080d00000| Untracked |  0
|  14|0x0000000080e00000, 0x0000000080f00000, 0x0000000080f00000|100%| O|  |TAMS 0x0000000080f00000| PB 0x0000000080e00000| Untracked |  0
|  15|0x0000000080f00000, 0x0000000081000000, 0x0000000081000000|100%| O|  |TAMS 0x0000000081000000| PB 0x0000000080f00000| Untracked |  0
|  16|0x0000000081000000, 0x0000000081100000, 0x0000000081100000|100%| O|  |TAMS 0x0000000081100000| PB 0x0000000081000000| Untracked |  0
|  17|0x0000000081100000, 0x0000000081200000, 0x0000000081200000|100%| O|  |TAMS 0x0000000081200000| PB 0x0000000081100000| Untracked |  0
|  18|0x0000000081200000, 0x0000000081300000, 0x0000000081300000|100%| O|  |TAMS 0x0000000081300000| PB 0x0000000081200000| Untracked |  0
|  19|0x0000000081300000, 0x0000000081400000, 0x0000000081400000|100%|HS|  |TAMS 0x0000000081400000| PB 0x0000000081300000| Complete |  0
|  20|0x0000000081400000, 0x0000000081500000, 0x0000000081500000|100%| O|  |TAMS 0x0000000081500000| PB 0x0000000081400000| Untracked |  0
|  21|0x0000000081500000, 0x0000000081600000, 0x0000000081600000|100%| O|  |TAMS 0x0000000081600000| PB 0x0000000081500000| Untracked |  0
|  22|0x0000000081600000, 0x0000000081700000, 0x0000000081700000|100%| O|  |TAMS 0x0000000081700000| PB 0x0000000081600000| Untracked |  0
|  23|0x0000000081700000, 0x0000000081800000, 0x0000000081800000|100%| O|  |TAMS 0x0000000081800000| PB 0x0000000081700000| Untracked |  0
|  24|0x0000000081800000, 0x0000000081900000, 0x0000000081900000|100%| O|  |TAMS 0x0000000081900000| PB 0x0000000081800000| Untracked |  0
|  25|0x0000000081900000, 0x0000000081a00000, 0x0000000081a00000|100%|HS|  |TAMS 0x0000000081a00000| PB 0x0000000081900000| Complete |  0
|  26|0x0000000081a00000, 0x0000000081b00000, 0x0000000081b00000|100%| O|  |TAMS 0x0000000081b00000| PB 0x0000000081a00000| Untracked |  0
|  27|0x0000000081b00000, 0x0000000081c00000, 0x0000000081c00000|100%|HS|  |TAMS 0x0000000081c00000| PB 0x0000000081b00000| Complete |  0
|  28|0x0000000081c00000, 0x0000000081d00000, 0x0000000081d00000|100%|HS|  |TAMS 0x0000000081d00000| PB 0x0000000081c00000| Complete |  0
|  29|0x0000000081d00000, 0x0000000081e00000, 0x0000000081e00000|100%|HS|  |TAMS 0x0000000081e00000| PB 0x0000000081d00000| Complete |  0
|  30|0x0000000081e00000, 0x0000000081f00000, 0x0000000081f00000|100%|HC|  |TAMS 0x0000000081f00000| PB 0x0000000081e00000| Complete |  0
|  31|0x0000000081f00000, 0x0000000082000000, 0x0000000082000000|100%|HS|  |TAMS 0x0000000082000000| PB 0x0000000081f00000| Complete |  0
|  32|0x0000000082000000, 0x0000000082100000, 0x0000000082100000|100%|HS|  |TAMS 0x0000000082100000| PB 0x0000000082000000| Complete |  0
|  33|0x0000000082100000, 0x0000000082200000, 0x0000000082200000|100%| O|  |TAMS 0x0000000082200000| PB 0x0000000082100000| Untracked |  0
|  34|0x0000000082200000, 0x0000000082300000, 0x0000000082300000|100%| O|  |TAMS 0x0000000082300000| PB 0x0000000082200000| Untracked |  0
|  35|0x0000000082300000, 0x0000000082400000, 0x0000000082400000|100%| O|  |TAMS 0x0000000082400000| PB 0x0000000082300000| Untracked |  0
|  36|0x0000000082400000, 0x0000000082500000, 0x0000000082500000|100%| O|  |TAMS 0x0000000082500000| PB 0x0000000082400000| Untracked |  0
|  37|0x0000000082500000, 0x0000000082600000, 0x0000000082600000|100%|HS|  |TAMS 0x0000000082600000| PB 0x0000000082500000| Complete |  0
|  38|0x0000000082600000, 0x0000000082700000, 0x0000000082700000|100%|HC|  |TAMS 0x0000000082700000| PB 0x0000000082600000| Complete |  0
|  39|0x0000000082700000, 0x0000000082800000, 0x0000000082800000|100%| O|  |TAMS 0x0000000082800000| PB 0x0000000082700000| Untracked |  0
|  40|0x0000000082800000, 0x0000000082900000, 0x0000000082900000|100%| O|  |TAMS 0x0000000082900000| PB 0x0000000082800000| Untracked |  0
|  41|0x0000000082900000, 0x0000000082a00000, 0x0000000082a00000|100%| O|  |TAMS 0x0000000082a00000| PB 0x0000000082900000| Untracked |  0
|  42|0x0000000082a00000, 0x0000000082b00000, 0x0000000082b00000|100%| O|  |TAMS 0x0000000082b00000| PB 0x0000000082a00000| Untracked |  0
|  43|0x0000000082b00000, 0x0000000082c00000, 0x0000000082c00000|100%| O|  |TAMS 0x0000000082c00000| PB 0x0000000082b00000| Untracked |  0
|  44|0x0000000082c00000, 0x0000000082d00000, 0x0000000082d00000|100%| O|  |TAMS 0x0000000082d00000| PB 0x0000000082c00000| Untracked |  0
|  45|0x0000000082d00000, 0x0000000082e00000, 0x0000000082e00000|100%| O|  |TAMS 0x0000000082e00000| PB 0x0000000082d00000| Untracked |  0
|  46|0x0000000082e00000, 0x0000000082f00000, 0x0000000082f00000|100%|HS|  |TAMS 0x0000000082f00000| PB 0x0000000082e00000| Complete |  0
|  47|0x0000000082f00000, 0x0000000083000000, 0x0000000083000000|100%| O|  |TAMS 0x0000000083000000| PB 0x0000000082f00000| Untracked |  0
|  48|0x0000000083000000, 0x0000000083100000, 0x0000000083100000|100%|HS|  |TAMS 0x0000000083100000| PB 0x0000000083000000| Complete |  0
|  49|0x0000000083100000, 0x0000000083200000, 0x0000000083200000|100%| O|  |TAMS 0x0000000083200000| PB 0x0000000083100000| Untracked |  0
|  50|0x0000000083200000, 0x0000000083300000, 0x0000000083300000|100%| O|  |TAMS 0x0000000083300000| PB 0x0000000083200000| Untracked |  0
|  51|0x0000000083300000, 0x0000000083400000, 0x0000000083400000|100%| O|  |TAMS 0x0000000083400000| PB 0x0000000083300000| Untracked |  0
|  52|0x0000000083400000, 0x0000000083500000, 0x0000000083500000|100%| O|  |TAMS 0x0000000083500000| PB 0x0000000083400000| Untracked |  0
|  53|0x0000000083500000, 0x0000000083600000, 0x0000000083600000|100%| O|  |TAMS 0x0000000083600000| PB 0x0000000083500000| Untracked |  0
|  54|0x0000000083600000, 0x0000000083700000, 0x0000000083700000|100%|HS|  |TAMS 0x0000000083700000| PB 0x0000000083600000| Complete |  0
|  55|0x0000000083700000, 0x0000000083800000, 0x0000000083800000|100%|HS|  |TAMS 0x0000000083800000| PB 0x0000000083700000| Complete |  0
|  56|0x0000000083800000, 0x0000000083900000, 0x0000000083900000|100%| O|  |TAMS 0x0000000083900000| PB 0x0000000083800000| Untracked |  0
|  57|0x0000000083900000, 0x0000000083a00000, 0x0000000083a00000|100%| O|  |TAMS 0x0000000083a00000| PB 0x0000000083900000| Untracked |  0
|  58|0x0000000083a00000, 0x0000000083b00000, 0x0000000083b00000|100%| O|  |TAMS 0x0000000083b00000| PB 0x0000000083a00000| Untracked |  0
|  59|0x0000000083b00000, 0x0000000083c00000, 0x0000000083c00000|100%| O|  |TAMS 0x0000000083c00000| PB 0x0000000083b00000| Untracked |  0
|  60|0x0000000083c00000, 0x0000000083d00000, 0x0000000083d00000|100%| O|  |TAMS 0x0000000083d00000| PB 0x0000000083c00000| Untracked |  0
|  61|0x0000000083d00000, 0x0000000083e00000, 0x0000000083e00000|100%| O|  |TAMS 0x0000000083e00000| PB 0x0000000083d00000| Untracked |  0
|  62|0x0000000083e00000, 0x0000000083f00000, 0x0000000083f00000|100%| O|  |TAMS 0x0000000083f00000| PB 0x0000000083e00000| Untracked |  0
|  63|0x0000000083f00000, 0x0000000084000000, 0x0000000084000000|100%| O|  |TAMS 0x0000000084000000| PB 0x0000000083f00000| Untracked |  0
|  64|0x0000000084000000, 0x0000000084100000, 0x0000000084100000|100%| O|  |TAMS 0x0000000084100000| PB 0x0000000084000000| Untracked |  0
|  65|0x0000000084100000, 0x0000000084200000, 0x0000000084200000|100%| O|  |TAMS 0x0000000084200000| PB 0x0000000084100000| Untracked |  0
|  66|0x0000000084200000, 0x0000000084300000, 0x0000000084300000|100%| O|  |TAMS 0x0000000084300000| PB 0x0000000084200000| Untracked |  0
|  67|0x0000000084300000, 0x0000000084400000, 0x0000000084400000|100%| O|  |TAMS 0x0000000084400000| PB 0x0000000084300000| Untracked |  0
|  68|0x0000000084400000, 0x0000000084500000, 0x0000000084500000|100%| O|  |TAMS 0x0000000084500000| PB 0x0000000084400000| Untracked |  0
|  69|0x0000000084500000, 0x0000000084600000, 0x0000000084600000|100%| O|  |TAMS 0x0000000084600000| PB 0x0000000084500000| Untracked |  0
|  70|0x0000000084600000, 0x0000000084700000, 0x0000000084700000|100%| O|  |TAMS 0x0000000084700000| PB 0x0000000084600000| Untracked |  0
|  71|0x0000000084700000, 0x0000000084800000, 0x0000000084800000|100%| O|  |TAMS 0x0000000084800000| PB 0x0000000084700000| Untracked |  0
|  72|0x0000000084800000, 0x0000000084900000, 0x0000000084900000|100%| O|  |TAMS 0x0000000084900000| PB 0x0000000084800000| Untracked |  0
|  73|0x0000000084900000, 0x0000000084a00000, 0x0000000084a00000|100%|HS|  |TAMS 0x0000000084a00000| PB 0x0000000084900000| Complete |  0
|  74|0x0000000084a00000, 0x0000000084b00000, 0x0000000084b00000|100%|HC|  |TAMS 0x0000000084b00000| PB 0x0000000084a00000| Complete |  0
|  75|0x0000000084b00000, 0x0000000084c00000, 0x0000000084c00000|100%|HS|  |TAMS 0x0000000084c00000| PB 0x0000000084b00000| Complete |  0
|  76|0x0000000084c00000, 0x0000000084d00000, 0x0000000084d00000|100%|HC|  |TAMS 0x0000000084d00000| PB 0x0000000084c00000| Complete |  0
|  77|0x0000000084d00000, 0x0000000084e00000, 0x0000000084e00000|100%|HS|  |TAMS 0x0000000084e00000| PB 0x0000000084d00000| Complete |  0
|  78|0x0000000084e00000, 0x0000000084f00000, 0x0000000084f00000|100%| O|  |TAMS 0x0000000084f00000| PB 0x0000000084e00000| Untracked |  0
|  79|0x0000000084f00000, 0x0000000085000000, 0x0000000085000000|100%| O|  |TAMS 0x0000000085000000| PB 0x0000000084f00000| Untracked |  0
|  80|0x0000000085000000, 0x0000000085100000, 0x0000000085100000|100%| O|  |TAMS 0x0000000085100000| PB 0x0000000085000000| Untracked |  0
|  81|0x0000000085100000, 0x0000000085200000, 0x0000000085200000|100%| O|  |TAMS 0x0000000085200000| PB 0x0000000085100000| Untracked |  0
|  82|0x0000000085200000, 0x0000000085300000, 0x0000000085300000|100%| O|  |TAMS 0x0000000085300000| PB 0x0000000085200000| Untracked |  0
|  83|0x0000000085300000, 0x0000000085400000, 0x0000000085400000|100%|HS|  |TAMS 0x0000000085400000| PB 0x0000000085300000| Complete |  0
|  84|0x0000000085400000, 0x0000000085500000, 0x0000000085500000|100%|HS|  |TAMS 0x0000000085500000| PB 0x0000000085400000| Complete |  0
|  85|0x0000000085500000, 0x0000000085600000, 0x0000000085600000|100%| O|  |TAMS 0x0000000085500000| PB 0x0000000085500000| Untracked |  0
|  86|0x0000000085600000, 0x0000000085700000, 0x0000000085700000|100%| O|  |TAMS 0x0000000085700000| PB 0x0000000085600000| Untracked |  0
|  87|0x0000000085700000, 0x0000000085800000, 0x0000000085800000|100%| O|  |TAMS 0x0000000085800000| PB 0x0000000085700000| Untracked |  0
|  88|0x0000000085800000, 0x0000000085900000, 0x0000000085900000|100%| O|  |TAMS 0x0000000085800000| PB 0x0000000085800000| Untracked |  0
|  89|0x0000000085900000, 0x0000000085a00000, 0x0000000085a00000|100%| O|  |TAMS 0x0000000085a00000| PB 0x0000000085900000| Untracked |  0
|  90|0x0000000085a00000, 0x0000000085b00000, 0x0000000085b00000|100%| O|  |TAMS 0x0000000085a00000| PB 0x0000000085a00000| Untracked |  0
|  91|0x0000000085b00000, 0x0000000085c00000, 0x0000000085c00000|100%| O|  |TAMS 0x0000000085c00000| PB 0x0000000085b00000| Untracked |  0
|  92|0x0000000085c00000, 0x0000000085d00000, 0x0000000085d00000|100%| O|  |TAMS 0x0000000085c00000| PB 0x0000000085c00000| Untracked |  0
|  93|0x0000000085d00000, 0x0000000085e00000, 0x0000000085e00000|100%|HS|  |TAMS 0x0000000085e00000| PB 0x0000000085d00000| Complete |  0
|  94|0x0000000085e00000, 0x0000000085f00000, 0x0000000085f00000|100%|HC|  |TAMS 0x0000000085f00000| PB 0x0000000085e00000| Complete |  0
|  95|0x0000000085f00000, 0x0000000086000000, 0x0000000086000000|100%|HC|  |TAMS 0x0000000086000000| PB 0x0000000085f00000| Complete |  0
|  96|0x0000000086000000, 0x0000000086100000, 0x0000000086100000|100%|HC|  |TAMS 0x0000000086100000| PB 0x0000000086000000| Complete |  0
|  97|0x0000000086100000, 0x0000000086200000, 0x0000000086200000|100%|HC|  |TAMS 0x0000000086200000| PB 0x0000000086100000| Complete |  0
|  98|0x0000000086200000, 0x0000000086300000, 0x0000000086300000|100%|HC|  |TAMS 0x0000000086300000| PB 0x0000000086200000| Complete |  0
|  99|0x0000000086300000, 0x0000000086400000, 0x0000000086400000|100%|HS|  |TAMS 0x0000000086400000| PB 0x0000000086300000| Complete |  0
| 100|0x0000000086400000, 0x0000000086500000, 0x0000000086500000|100%|HC|  |TAMS 0x0000000086500000| PB 0x0000000086400000| Complete |  0
| 101|0x0000000086500000, 0x0000000086600000, 0x0000000086600000|100%|HC|  |TAMS 0x0000000086600000| PB 0x0000000086500000| Complete |  0
| 102|0x0000000086600000, 0x0000000086700000, 0x0000000086700000|100%|HC|  |TAMS 0x0000000086700000| PB 0x0000000086600000| Complete |  0
| 103|0x0000000086700000, 0x0000000086800000, 0x0000000086800000|100%|HC|  |TAMS 0x0000000086800000| PB 0x0000000086700000| Complete |  0
| 104|0x0000000086800000, 0x0000000086900000, 0x0000000086900000|100%|HS|  |TAMS 0x0000000086900000| PB 0x0000000086800000| Complete |  0
| 105|0x0000000086900000, 0x0000000086a00000, 0x0000000086a00000|100%|HC|  |TAMS 0x0000000086a00000| PB 0x0000000086900000| Complete |  0
| 106|0x0000000086a00000, 0x0000000086b00000, 0x0000000086b00000|100%|HS|  |TAMS 0x0000000086b00000| PB 0x0000000086a00000| Complete |  0
| 107|0x0000000086b00000, 0x0000000086c00000, 0x0000000086c00000|100%| O|  |TAMS 0x0000000086b00000| PB 0x0000000086b00000| Untracked |  0
| 108|0x0000000086c00000, 0x0000000086d00000, 0x0000000086d00000|100%| O|  |TAMS 0x0000000086c00000| PB 0x0000000086c00000| Untracked |  0
| 109|0x0000000086d00000, 0x0000000086e00000, 0x0000000086e00000|100%| O|  |TAMS 0x0000000086d00000| PB 0x0000000086d00000| Untracked |  0
| 110|0x0000000086e00000, 0x0000000086f00000, 0x0000000086f00000|100%|HS|  |TAMS 0x0000000086f00000| PB 0x0000000086e00000| Complete |  0
| 111|0x0000000086f00000, 0x0000000087000000, 0x0000000087000000|100%|HC|  |TAMS 0x0000000087000000| PB 0x0000000086f00000| Complete |  0
| 112|0x0000000087000000, 0x0000000087100000, 0x0000000087100000|100%|HS|  |TAMS 0x0000000087100000| PB 0x0000000087000000| Complete |  0
| 113|0x0000000087100000, 0x0000000087200000, 0x0000000087200000|100%|HC|  |TAMS 0x0000000087200000| PB 0x0000000087100000| Complete |  0
| 114|0x0000000087200000, 0x0000000087300000, 0x0000000087300000|100%|HC|  |TAMS 0x0000000087300000| PB 0x0000000087200000| Complete |  0
| 115|0x0000000087300000, 0x0000000087400000, 0x0000000087400000|100%|HC|  |TAMS 0x0000000087400000| PB 0x0000000087300000| Complete |  0
| 116|0x0000000087400000, 0x0000000087500000, 0x0000000087500000|100%|HS|  |TAMS 0x0000000087500000| PB 0x0000000087400000| Complete |  0
| 117|0x0000000087500000, 0x0000000087600000, 0x0000000087600000|100%|HC|  |TAMS 0x0000000087600000| PB 0x0000000087500000| Complete |  0
| 118|0x0000000087600000, 0x0000000087700000, 0x0000000087700000|100%|HS|  |TAMS 0x0000000087700000| PB 0x0000000087600000| Complete |  0
| 119|0x0000000087700000, 0x0000000087800000, 0x0000000087800000|100%|HC|  |TAMS 0x0000000087800000| PB 0x0000000087700000| Complete |  0
| 120|0x0000000087800000, 0x0000000087900000, 0x0000000087900000|100%|HS|  |TAMS 0x0000000087900000| PB 0x0000000087800000| Complete |  0
| 121|0x0000000087900000, 0x0000000087a00000, 0x0000000087a00000|100%|HC|  |TAMS 0x0000000087a00000| PB 0x0000000087900000| Complete |  0
| 122|0x0000000087a00000, 0x0000000087b00000, 0x0000000087b00000|100%|HC|  |TAMS 0x0000000087b00000| PB 0x0000000087a00000| Complete |  0
| 123|0x0000000087b00000, 0x0000000087c00000, 0x0000000087c00000|100%| O|  |TAMS 0x0000000087b00000| PB 0x0000000087b00000| Untracked |  0
| 124|0x0000000087c00000, 0x0000000087d00000, 0x0000000087d00000|100%| O|  |TAMS 0x0000000087c00000| PB 0x0000000087c00000| Untracked |  0
| 125|0x0000000087d00000, 0x0000000087e00000, 0x0000000087e00000|100%| O|  |TAMS 0x0000000087d00000| PB 0x0000000087d00000| Untracked |  0
| 126|0x0000000087e00000, 0x0000000087f00000, 0x0000000087f00000|100%| O|  |TAMS 0x0000000087e00000| PB 0x0000000087e00000| Untracked |  0
| 127|0x0000000087f00000, 0x0000000088000000, 0x0000000088000000|100%| O|  |TAMS 0x0000000087f00000| PB 0x0000000087f00000| Untracked |  0
| 128|0x0000000088000000, 0x0000000088100000, 0x0000000088100000|100%| O|  |TAMS 0x0000000088100000| PB 0x0000000088000000| Untracked |  0
| 129|0x0000000088100000, 0x0000000088200000, 0x0000000088200000|100%| O|  |TAMS 0x0000000088200000| PB 0x0000000088100000| Untracked |  0
| 130|0x0000000088200000, 0x0000000088300000, 0x0000000088300000|100%| O|  |TAMS 0x0000000088200000| PB 0x0000000088200000| Untracked |  0
| 131|0x0000000088300000, 0x0000000088400000, 0x0000000088400000|100%| O|  |TAMS 0x0000000088400000| PB 0x0000000088300000| Untracked |  0
| 132|0x0000000088400000, 0x0000000088500000, 0x0000000088500000|100%| O|  |TAMS 0x0000000088500000| PB 0x0000000088400000| Untracked |  0
| 133|0x0000000088500000, 0x0000000088600000, 0x0000000088600000|100%| O|  |TAMS 0x0000000088600000| PB 0x0000000088500000| Untracked |  0
| 134|0x0000000088600000, 0x0000000088700000, 0x0000000088700000|100%| O|  |TAMS 0x0000000088700000| PB 0x0000000088600000| Untracked |  0
| 135|0x0000000088700000, 0x0000000088800000, 0x0000000088800000|100%| O|  |TAMS 0x0000000088800000| PB 0x0000000088700000| Untracked |  0
| 136|0x0000000088800000, 0x0000000088900000, 0x0000000088900000|100%| O|  |TAMS 0x0000000088900000| PB 0x0000000088800000| Untracked |  0
| 137|0x0000000088900000, 0x0000000088a00000, 0x0000000088a00000|100%| O|  |TAMS 0x0000000088900000| PB 0x0000000088900000| Untracked |  0
| 138|0x0000000088a00000, 0x0000000088b00000, 0x0000000088b00000|100%| O|  |TAMS 0x0000000088a00000| PB 0x0000000088a00000| Untracked |  0
| 139|0x0000000088b00000, 0x0000000088c00000, 0x0000000088c00000|100%| O|  |TAMS 0x0000000088c00000| PB 0x0000000088b00000| Untracked |  0
| 140|0x0000000088c00000, 0x0000000088d00000, 0x0000000088d00000|100%| O|  |TAMS 0x0000000088c00000| PB 0x0000000088c00000| Untracked |  0
| 141|0x0000000088d00000, 0x0000000088e00000, 0x0000000088e00000|100%| O|  |TAMS 0x0000000088e00000| PB 0x0000000088d00000| Untracked |  0
| 142|0x0000000088e00000, 0x0000000088f00000, 0x0000000088f00000|100%| O|  |TAMS 0x0000000088f00000| PB 0x0000000088e00000| Untracked |  0
| 143|0x0000000088f00000, 0x0000000089000000, 0x0000000089000000|100%| O|  |TAMS 0x0000000089000000| PB 0x0000000088f00000| Untracked |  0
| 144|0x0000000089000000, 0x0000000089100000, 0x0000000089100000|100%| O|  |TAMS 0x0000000089100000| PB 0x0000000089000000| Untracked |  0
| 145|0x0000000089100000, 0x0000000089200000, 0x0000000089200000|100%| O|  |TAMS 0x0000000089200000| PB 0x0000000089100000| Untracked |  0
| 146|0x0000000089200000, 0x0000000089300000, 0x0000000089300000|100%| O|  |TAMS 0x0000000089300000| PB 0x0000000089200000| Untracked |  0
| 147|0x0000000089300000, 0x0000000089400000, 0x0000000089400000|100%| O|  |TAMS 0x0000000089300000| PB 0x0000000089300000| Untracked |  0
| 148|0x0000000089400000, 0x0000000089500000, 0x0000000089500000|100%| O|  |TAMS 0x0000000089400000| PB 0x0000000089400000| Untracked |  0
| 149|0x0000000089500000, 0x0000000089600000, 0x0000000089600000|100%| O|  |TAMS 0x0000000089600000| PB 0x0000000089500000| Untracked |  0
| 150|0x0000000089600000, 0x0000000089700000, 0x0000000089700000|100%| O|  |TAMS 0x0000000089700000| PB 0x0000000089600000| Untracked |  0
| 151|0x0000000089700000, 0x0000000089800000, 0x0000000089800000|100%| O|  |TAMS 0x0000000089800000| PB 0x0000000089700000| Untracked |  0
| 152|0x0000000089800000, 0x0000000089900000, 0x0000000089900000|100%| O|  |TAMS 0x0000000089800000| PB 0x0000000089800000| Untracked |  0
| 153|0x0000000089900000, 0x0000000089a00000, 0x0000000089a00000|100%| O|  |TAMS 0x0000000089900000| PB 0x0000000089900000| Untracked |  0
| 154|0x0000000089a00000, 0x0000000089b00000, 0x0000000089b00000|100%| O|  |TAMS 0x0000000089b00000| PB 0x0000000089a00000| Untracked |  0
| 155|0x0000000089b00000, 0x0000000089c00000, 0x0000000089c00000|100%| O|  |TAMS 0x0000000089c00000| PB 0x0000000089b00000| Untracked |  0
| 156|0x0000000089c00000, 0x0000000089d00000, 0x0000000089d00000|100%|HS|  |TAMS 0x0000000089d00000| PB 0x0000000089c00000| Complete |  0
| 157|0x0000000089d00000, 0x0000000089e00000, 0x0000000089e00000|100%|HS|  |TAMS 0x0000000089e00000| PB 0x0000000089d00000| Complete |  0
| 158|0x0000000089e00000, 0x0000000089f00000, 0x0000000089f00000|100%|HS|  |TAMS 0x0000000089f00000| PB 0x0000000089e00000| Complete |  0
| 159|0x0000000089f00000, 0x000000008a000000, 0x000000008a000000|100%|HS|  |TAMS 0x000000008a000000| PB 0x0000000089f00000| Complete |  0
| 160|0x000000008a000000, 0x000000008a100000, 0x000000008a100000|100%|HS|  |TAMS 0x000000008a100000| PB 0x000000008a000000| Complete |  0
| 161|0x000000008a100000, 0x000000008a200000, 0x000000008a200000|100%| O|  |TAMS 0x000000008a200000| PB 0x000000008a100000| Untracked |  0
| 162|0x000000008a200000, 0x000000008a300000, 0x000000008a300000|100%| O|  |TAMS 0x000000008a300000| PB 0x000000008a200000| Untracked |  0
| 163|0x000000008a300000, 0x000000008a400000, 0x000000008a400000|100%| O|  |TAMS 0x000000008a300000| PB 0x000000008a300000| Untracked |  0
| 164|0x000000008a400000, 0x000000008a500000, 0x000000008a500000|100%| O|  |TAMS 0x000000008a500000| PB 0x000000008a400000| Untracked |  0
| 165|0x000000008a500000, 0x000000008a600000, 0x000000008a600000|100%| O|  |TAMS 0x000000008a600000| PB 0x000000008a500000| Untracked |  0
| 166|0x000000008a600000, 0x000000008a700000, 0x000000008a700000|100%| O|  |TAMS 0x000000008a700000| PB 0x000000008a600000| Untracked |  0
| 167|0x000000008a700000, 0x000000008a800000, 0x000000008a800000|100%| O|  |TAMS 0x000000008a800000| PB 0x000000008a700000| Untracked |  0
| 168|0x000000008a800000, 0x000000008a900000, 0x000000008a900000|100%| O|  |TAMS 0x000000008a900000| PB 0x000000008a800000| Untracked |  0
| 169|0x000000008a900000, 0x000000008aa00000, 0x000000008aa00000|100%| O|  |TAMS 0x000000008aa00000| PB 0x000000008a900000| Untracked |  0
| 170|0x000000008aa00000, 0x000000008ab00000, 0x000000008ab00000|100%| O|  |TAMS 0x000000008ab00000| PB 0x000000008aa00000| Untracked |  0
| 171|0x000000008ab00000, 0x000000008ac00000, 0x000000008ac00000|100%| O|  |TAMS 0x000000008ac00000| PB 0x000000008ab00000| Untracked |  0
| 172|0x000000008ac00000, 0x000000008ad00000, 0x000000008ad00000|100%| O|  |TAMS 0x000000008ad00000| PB 0x000000008ac00000| Untracked |  0
| 173|0x000000008ad00000, 0x000000008ae00000, 0x000000008ae00000|100%| O|  |TAMS 0x000000008ae00000| PB 0x000000008ad00000| Untracked |  0
| 174|0x000000008ae00000, 0x000000008af00000, 0x000000008af00000|100%|HS|  |TAMS 0x000000008af00000| PB 0x000000008ae00000| Complete |  0
| 175|0x000000008af00000, 0x000000008b000000, 0x000000008b000000|100%|HC|  |TAMS 0x000000008b000000| PB 0x000000008af00000| Complete |  0
| 176|0x000000008b000000, 0x000000008b100000, 0x000000008b100000|100%| O|  |TAMS 0x000000008b100000| PB 0x000000008b000000| Untracked |  0
| 177|0x000000008b100000, 0x000000008b200000, 0x000000008b200000|100%| O|  |TAMS 0x000000008b200000| PB 0x000000008b100000| Untracked |  0
| 178|0x000000008b200000, 0x000000008b300000, 0x000000008b300000|100%| O|  |TAMS 0x000000008b300000| PB 0x000000008b200000| Untracked |  0
| 179|0x000000008b300000, 0x000000008b400000, 0x000000008b400000|100%| O|  |TAMS 0x000000008b400000| PB 0x000000008b300000| Untracked |  0
| 180|0x000000008b400000, 0x000000008b500000, 0x000000008b500000|100%| O|  |TAMS 0x000000008b500000| PB 0x000000008b400000| Untracked |  0
| 181|0x000000008b500000, 0x000000008b600000, 0x000000008b600000|100%| O|  |TAMS 0x000000008b600000| PB 0x000000008b500000| Untracked |  0
| 182|0x000000008b600000, 0x000000008b700000, 0x000000008b700000|100%| O|  |TAMS 0x000000008b700000| PB 0x000000008b600000| Untracked |  0
| 183|0x000000008b700000, 0x000000008b800000, 0x000000008b800000|100%| O|  |TAMS 0x000000008b700000| PB 0x000000008b700000| Untracked |  0
| 184|0x000000008b800000, 0x000000008b900000, 0x000000008b900000|100%|HS|  |TAMS 0x000000008b900000| PB 0x000000008b800000| Complete |  0
| 185|0x000000008b900000, 0x000000008ba00000, 0x000000008ba00000|100%| O|  |TAMS 0x000000008ba00000| PB 0x000000008b900000| Untracked |  0
| 186|0x000000008ba00000, 0x000000008bb00000, 0x000000008bb00000|100%|HS|  |TAMS 0x000000008bb00000| PB 0x000000008ba00000| Complete |  0
| 187|0x000000008bb00000, 0x000000008bc00000, 0x000000008bc00000|100%| O|  |TAMS 0x000000008bc00000| PB 0x000000008bb00000| Untracked |  0
| 188|0x000000008bc00000, 0x000000008bd00000, 0x000000008bd00000|100%| O|  |TAMS 0x000000008bd00000| PB 0x000000008bc00000| Untracked |  0
| 189|0x000000008bd00000, 0x000000008be00000, 0x000000008be00000|100%| O|  |TAMS 0x000000008be00000| PB 0x000000008bd00000| Untracked |  0
| 190|0x000000008be00000, 0x000000008bf00000, 0x000000008bf00000|100%| O|  |TAMS 0x000000008bf00000| PB 0x000000008be00000| Untracked |  0
| 191|0x000000008bf00000, 0x000000008c000000, 0x000000008c000000|100%|HS|  |TAMS 0x000000008c000000| PB 0x000000008bf00000| Complete |  0
| 192|0x000000008c000000, 0x000000008c100000, 0x000000008c100000|100%| O|  |TAMS 0x000000008c100000| PB 0x000000008c000000| Untracked |  0
| 193|0x000000008c100000, 0x000000008c200000, 0x000000008c200000|100%| O|  |TAMS 0x000000008c200000| PB 0x000000008c100000| Untracked |  0
| 194|0x000000008c200000, 0x000000008c300000, 0x000000008c300000|100%| O|  |TAMS 0x000000008c300000| PB 0x000000008c200000| Untracked |  0
| 195|0x000000008c300000, 0x000000008c400000, 0x000000008c400000|100%| O|  |TAMS 0x000000008c400000| PB 0x000000008c300000| Untracked |  0
| 196|0x000000008c400000, 0x000000008c500000, 0x000000008c500000|100%| O|  |TAMS 0x000000008c500000| PB 0x000000008c400000| Untracked |  0
| 197|0x000000008c500000, 0x000000008c600000, 0x000000008c600000|100%| O|  |TAMS 0x000000008c600000| PB 0x000000008c500000| Untracked |  0
| 198|0x000000008c600000, 0x000000008c700000, 0x000000008c700000|100%|HS|  |TAMS 0x000000008c700000| PB 0x000000008c600000| Complete |  0
| 199|0x000000008c700000, 0x000000008c800000, 0x000000008c800000|100%|HC|  |TAMS 0x000000008c800000| PB 0x000000008c700000| Complete |  0
| 200|0x000000008c800000, 0x000000008c900000, 0x000000008c900000|100%|HC|  |TAMS 0x000000008c900000| PB 0x000000008c800000| Complete |  0
| 201|0x000000008c900000, 0x000000008ca00000, 0x000000008ca00000|100%|HC|  |TAMS 0x000000008ca00000| PB 0x000000008c900000| Complete |  0
| 202|0x000000008ca00000, 0x000000008cb00000, 0x000000008cb00000|100%|HC|  |TAMS 0x000000008cb00000| PB 0x000000008ca00000| Complete |  0
| 203|0x000000008cb00000, 0x000000008cc00000, 0x000000008cc00000|100%|HC|  |TAMS 0x000000008cc00000| PB 0x000000008cb00000| Complete |  0
| 204|0x000000008cc00000, 0x000000008cd00000, 0x000000008cd00000|100%| O|  |TAMS 0x000000008cd00000| PB 0x000000008cc00000| Untracked |  0
| 205|0x000000008cd00000, 0x000000008ce00000, 0x000000008ce00000|100%| O|  |TAMS 0x000000008ce00000| PB 0x000000008cd00000| Untracked |  0
| 206|0x000000008ce00000, 0x000000008cf00000, 0x000000008cf00000|100%| O|  |TAMS 0x000000008cf00000| PB 0x000000008ce00000| Untracked |  0
| 207|0x000000008cf00000, 0x000000008d000000, 0x000000008d000000|100%| O|  |TAMS 0x000000008d000000| PB 0x000000008cf00000| Untracked |  0
| 208|0x000000008d000000, 0x000000008d100000, 0x000000008d100000|100%| O|  |TAMS 0x000000008d100000| PB 0x000000008d000000| Untracked |  0
| 209|0x000000008d100000, 0x000000008d200000, 0x000000008d200000|100%| O|  |TAMS 0x000000008d200000| PB 0x000000008d100000| Untracked |  0
| 210|0x000000008d200000, 0x000000008d300000, 0x000000008d300000|100%| O|  |TAMS 0x000000008d300000| PB 0x000000008d200000| Untracked |  0
| 211|0x000000008d300000, 0x000000008d400000, 0x000000008d400000|100%| O|  |TAMS 0x000000008d400000| PB 0x000000008d300000| Untracked |  0
| 212|0x000000008d400000, 0x000000008d500000, 0x000000008d500000|100%| O|  |TAMS 0x000000008d500000| PB 0x000000008d400000| Untracked |  0
| 213|0x000000008d500000, 0x000000008d600000, 0x000000008d600000|100%| O|  |TAMS 0x000000008d600000| PB 0x000000008d500000| Untracked |  0
| 214|0x000000008d600000, 0x000000008d700000, 0x000000008d700000|100%| O|  |TAMS 0x000000008d700000| PB 0x000000008d600000| Untracked |  0
| 215|0x000000008d700000, 0x000000008d800000, 0x000000008d800000|100%|HS|  |TAMS 0x000000008d800000| PB 0x000000008d700000| Complete |  0
| 216|0x000000008d800000, 0x000000008d900000, 0x000000008d900000|100%|HC|  |TAMS 0x000000008d900000| PB 0x000000008d800000| Complete |  0
| 217|0x000000008d900000, 0x000000008da00000, 0x000000008da00000|100%|HS|  |TAMS 0x000000008da00000| PB 0x000000008d900000| Complete |  0
| 218|0x000000008da00000, 0x000000008db00000, 0x000000008db00000|100%|HS|  |TAMS 0x000000008db00000| PB 0x000000008da00000| Complete |  0
| 219|0x000000008db00000, 0x000000008dc00000, 0x000000008dc00000|100%|HC|  |TAMS 0x000000008dc00000| PB 0x000000008db00000| Complete |  0
| 220|0x000000008dc00000, 0x000000008dd00000, 0x000000008dd00000|100%| O|  |TAMS 0x000000008dd00000| PB 0x000000008dc00000| Untracked |  0
| 221|0x000000008dd00000, 0x000000008de00000, 0x000000008de00000|100%| O|  |TAMS 0x000000008de00000| PB 0x000000008dd00000| Untracked |  0
| 222|0x000000008de00000, 0x000000008df00000, 0x000000008df00000|100%|HS|  |TAMS 0x000000008df00000| PB 0x000000008de00000| Complete |  0
| 223|0x000000008df00000, 0x000000008e000000, 0x000000008e000000|100%|HC|  |TAMS 0x000000008e000000| PB 0x000000008df00000| Complete |  0
| 224|0x000000008e000000, 0x000000008e100000, 0x000000008e100000|100%| O|  |TAMS 0x000000008e100000| PB 0x000000008e000000| Untracked |  0
| 225|0x000000008e100000, 0x000000008e200000, 0x000000008e200000|100%| O|  |TAMS 0x000000008e200000| PB 0x000000008e100000| Untracked |  0
| 226|0x000000008e200000, 0x000000008e300000, 0x000000008e300000|100%| O|  |TAMS 0x000000008e300000| PB 0x000000008e200000| Untracked |  0
| 227|0x000000008e300000, 0x000000008e400000, 0x000000008e400000|100%| O|  |TAMS 0x000000008e400000| PB 0x000000008e300000| Untracked |  0
| 228|0x000000008e400000, 0x000000008e500000, 0x000000008e500000|100%| O|  |TAMS 0x000000008e500000| PB 0x000000008e400000| Untracked |  0
| 229|0x000000008e500000, 0x000000008e600000, 0x000000008e600000|100%| O|  |TAMS 0x000000008e600000| PB 0x000000008e500000| Untracked |  0
| 230|0x000000008e600000, 0x000000008e700000, 0x000000008e700000|100%| O|  |TAMS 0x000000008e700000| PB 0x000000008e600000| Untracked |  0
| 231|0x000000008e700000, 0x000000008e800000, 0x000000008e800000|100%| O|  |TAMS 0x000000008e800000| PB 0x000000008e700000| Untracked |  0
| 232|0x000000008e800000, 0x000000008e900000, 0x000000008e900000|100%| O|  |TAMS 0x000000008e900000| PB 0x000000008e800000| Untracked |  0
| 233|0x000000008e900000, 0x000000008ea00000, 0x000000008ea00000|100%| O|  |TAMS 0x000000008ea00000| PB 0x000000008e900000| Untracked |  0
| 234|0x000000008ea00000, 0x000000008eb00000, 0x000000008eb00000|100%| O|  |TAMS 0x000000008eb00000| PB 0x000000008ea00000| Untracked |  0
| 235|0x000000008eb00000, 0x000000008ec00000, 0x000000008ec00000|100%|HS|  |TAMS 0x000000008ec00000| PB 0x000000008eb00000| Complete |  0
| 236|0x000000008ec00000, 0x000000008ed00000, 0x000000008ed00000|100%|HC|  |TAMS 0x000000008ed00000| PB 0x000000008ec00000| Complete |  0
| 237|0x000000008ed00000, 0x000000008ee00000, 0x000000008ee00000|100%|HC|  |TAMS 0x000000008ee00000| PB 0x000000008ed00000| Complete |  0
| 238|0x000000008ee00000, 0x000000008ef00000, 0x000000008ef00000|100%|HC|  |TAMS 0x000000008ef00000| PB 0x000000008ee00000| Complete |  0
| 239|0x000000008ef00000, 0x000000008f000000, 0x000000008f000000|100%|HC|  |TAMS 0x000000008f000000| PB 0x000000008ef00000| Complete |  0
| 240|0x000000008f000000, 0x000000008f100000, 0x000000008f100000|100%| O|  |TAMS 0x000000008f100000| PB 0x000000008f000000| Untracked |  0
| 241|0x000000008f100000, 0x000000008f200000, 0x000000008f200000|100%|HS|  |TAMS 0x000000008f200000| PB 0x000000008f100000| Complete |  0
| 242|0x000000008f200000, 0x000000008f300000, 0x000000008f300000|100%| O|  |TAMS 0x000000008f300000| PB 0x000000008f200000| Untracked |  0
| 243|0x000000008f300000, 0x000000008f400000, 0x000000008f400000|100%| O|  |TAMS 0x000000008f400000| PB 0x000000008f300000| Untracked |  0
| 244|0x000000008f400000, 0x000000008f500000, 0x000000008f500000|100%|HS|  |TAMS 0x000000008f500000| PB 0x000000008f400000| Complete |  0
| 245|0x000000008f500000, 0x000000008f600000, 0x000000008f600000|100%| O|  |TAMS 0x000000008f600000| PB 0x000000008f500000| Untracked |  0
| 246|0x000000008f600000, 0x000000008f700000, 0x000000008f700000|100%|HS|  |TAMS 0x000000008f700000| PB 0x000000008f600000| Complete |  0
| 247|0x000000008f700000, 0x000000008f800000, 0x000000008f800000|100%| O|  |TAMS 0x000000008f800000| PB 0x000000008f700000| Untracked |  0
| 248|0x000000008f800000, 0x000000008f900000, 0x000000008f900000|100%| O|  |TAMS 0x000000008f900000| PB 0x000000008f800000| Untracked |  0
| 249|0x000000008f900000, 0x000000008fa00000, 0x000000008fa00000|100%| O|  |TAMS 0x000000008fa00000| PB 0x000000008f900000| Untracked |  0
| 250|0x000000008fa00000, 0x000000008fb00000, 0x000000008fb00000|100%|HS|  |TAMS 0x000000008fb00000| PB 0x000000008fa00000| Complete |  0
| 251|0x000000008fb00000, 0x000000008fc00000, 0x000000008fc00000|100%|HC|  |TAMS 0x000000008fc00000| PB 0x000000008fb00000| Complete |  0
| 252|0x000000008fc00000, 0x000000008fd00000, 0x000000008fd00000|100%| O|  |TAMS 0x000000008fd00000| PB 0x000000008fc00000| Untracked |  0
| 253|0x000000008fd00000, 0x000000008fe00000, 0x000000008fe00000|100%|HS|  |TAMS 0x000000008fe00000| PB 0x000000008fd00000| Complete |  0
| 254|0x000000008fe00000, 0x000000008ff00000, 0x000000008ff00000|100%| O|  |TAMS 0x000000008ff00000| PB 0x000000008fe00000| Untracked |  0
| 255|0x000000008ff00000, 0x0000000090000000, 0x0000000090000000|100%| O|  |TAMS 0x0000000090000000| PB 0x000000008ff00000| Untracked |  0
| 256|0x0000000090000000, 0x0000000090100000, 0x0000000090100000|100%| O|  |TAMS 0x0000000090100000| PB 0x0000000090000000| Untracked |  0
| 257|0x0000000090100000, 0x0000000090200000, 0x0000000090200000|100%|HS|  |TAMS 0x0000000090200000| PB 0x0000000090100000| Complete |  0
| 258|0x0000000090200000, 0x0000000090300000, 0x0000000090300000|100%|HC|  |TAMS 0x0000000090300000| PB 0x0000000090200000| Complete |  0
| 259|0x0000000090300000, 0x0000000090400000, 0x0000000090400000|100%| O|  |TAMS 0x0000000090400000| PB 0x0000000090300000| Untracked |  0
| 260|0x0000000090400000, 0x0000000090500000, 0x0000000090500000|100%| O|  |TAMS 0x0000000090500000| PB 0x0000000090400000| Untracked |  0
| 261|0x0000000090500000, 0x0000000090600000, 0x0000000090600000|100%| O|  |TAMS 0x00000000905a0f38| PB 0x0000000090500000| Untracked |  0
| 262|0x0000000090600000, 0x0000000090700000, 0x0000000090700000|100%| O|  |TAMS 0x0000000090600000| PB 0x0000000090600000| Untracked |  0
| 263|0x0000000090700000, 0x0000000090800000, 0x0000000090800000|100%| O|  |TAMS 0x0000000090700000| PB 0x0000000090700000| Untracked |  0
| 264|0x0000000090800000, 0x0000000090900000, 0x0000000090900000|100%| O|  |TAMS 0x0000000090800000| PB 0x0000000090800000| Untracked |  0
| 265|0x0000000090900000, 0x0000000090a00000, 0x0000000090a00000|100%|HS|  |TAMS 0x0000000090a00000| PB 0x0000000090900000| Complete |  0
| 266|0x0000000090a00000, 0x0000000090b00000, 0x0000000090b00000|100%|HC|  |TAMS 0x0000000090b00000| PB 0x0000000090a00000| Complete |  0
| 267|0x0000000090b00000, 0x0000000090c00000, 0x0000000090c00000|100%|HC|  |TAMS 0x0000000090c00000| PB 0x0000000090b00000| Complete |  0
| 268|0x0000000090c00000, 0x0000000090d00000, 0x0000000090d00000|100%|HC|  |TAMS 0x0000000090d00000| PB 0x0000000090c00000| Complete |  0
| 269|0x0000000090d00000, 0x0000000090e00000, 0x0000000090e00000|100%| O|  |TAMS 0x0000000090d00000| PB 0x0000000090d00000| Untracked |  0
| 270|0x0000000090e00000, 0x0000000090eeda80, 0x0000000090f00000| 92%| O|  |TAMS 0x0000000090e00000| PB 0x0000000090e00000| Untracked |  0
| 271|0x0000000090f00000, 0x0000000090f00000, 0x0000000091000000|  0%| F|  |TAMS 0x0000000090f00000| PB 0x0000000090f00000| Untracked |  0
| 272|0x0000000091000000, 0x0000000091100000, 0x0000000091100000|100%|HS|  |TAMS 0x0000000091100000| PB 0x0000000091000000| Complete |  0
| 273|0x0000000091100000, 0x0000000091200000, 0x0000000091200000|100%|HC|  |TAMS 0x0000000091200000| PB 0x0000000091100000| Complete |  0
| 274|0x0000000091200000, 0x0000000091200000, 0x0000000091300000|  0%| F|  |TAMS 0x0000000091200000| PB 0x0000000091200000| Untracked |  0
| 275|0x0000000091300000, 0x0000000091300000, 0x0000000091400000|  0%| F|  |TAMS 0x0000000091300000| PB 0x0000000091300000| Untracked |  0
| 276|0x0000000091400000, 0x0000000091400000, 0x0000000091500000|  0%| F|  |TAMS 0x0000000091400000| PB 0x0000000091400000| Untracked |  0
| 277|0x0000000091500000, 0x0000000091600000, 0x0000000091600000|100%|HS|  |TAMS 0x0000000091600000| PB 0x0000000091500000| Complete |  0
| 278|0x0000000091600000, 0x0000000091700000, 0x0000000091700000|100%|HC|  |TAMS 0x0000000091700000| PB 0x0000000091600000| Complete |  0
| 279|0x0000000091700000, 0x0000000091700000, 0x0000000091800000|  0%| F|  |TAMS 0x0000000091700000| PB 0x0000000091700000| Untracked |  0
| 280|0x0000000091800000, 0x0000000091800000, 0x0000000091900000|  0%| F|  |TAMS 0x0000000091800000| PB 0x0000000091800000| Untracked |  0
| 281|0x0000000091900000, 0x0000000091900000, 0x0000000091a00000|  0%| F|  |TAMS 0x0000000091900000| PB 0x0000000091900000| Untracked |  0
| 282|0x0000000091a00000, 0x0000000091a00000, 0x0000000091b00000|  0%| F|  |TAMS 0x0000000091a00000| PB 0x0000000091a00000| Untracked |  0
| 283|0x0000000091b00000, 0x0000000091b00000, 0x0000000091c00000|  0%| F|  |TAMS 0x0000000091b00000| PB 0x0000000091b00000| Untracked |  0
| 284|0x0000000091c00000, 0x0000000091c00000, 0x0000000091d00000|  0%| F|  |TAMS 0x0000000091c00000| PB 0x0000000091c00000| Untracked |  0
| 285|0x0000000091d00000, 0x0000000091e00000, 0x0000000091e00000|100%|HS|  |TAMS 0x0000000091e00000| PB 0x0000000091d00000| Complete |  0
| 286|0x0000000091e00000, 0x0000000091f00000, 0x0000000091f00000|100%|HC|  |TAMS 0x0000000091f00000| PB 0x0000000091e00000| Complete |  0
| 287|0x0000000091f00000, 0x0000000092000000, 0x0000000092000000|100%|HC|  |TAMS 0x0000000092000000| PB 0x0000000091f00000| Complete |  0
| 288|0x0000000092000000, 0x0000000092000000, 0x0000000092100000|  0%| F|  |TAMS 0x0000000092000000| PB 0x0000000092000000| Untracked |  0
| 289|0x0000000092100000, 0x0000000092100000, 0x0000000092200000|  0%| F|  |TAMS 0x0000000092100000| PB 0x0000000092100000| Untracked |  0
| 290|0x0000000092200000, 0x0000000092200000, 0x0000000092300000|  0%| F|  |TAMS 0x0000000092200000| PB 0x0000000092200000| Untracked |  0
| 291|0x0000000092300000, 0x0000000092300000, 0x0000000092400000|  0%| F|  |TAMS 0x0000000092300000| PB 0x0000000092300000| Untracked |  0
| 292|0x0000000092400000, 0x0000000092400000, 0x0000000092500000|  0%| F|  |TAMS 0x0000000092400000| PB 0x0000000092400000| Untracked |  0
| 293|0x0000000092500000, 0x0000000092500000, 0x0000000092600000|  0%| F|  |TAMS 0x0000000092500000| PB 0x0000000092500000| Untracked |  0
| 294|0x0000000092600000, 0x0000000092600000, 0x0000000092700000|  0%| F|  |TAMS 0x0000000092600000| PB 0x0000000092600000| Untracked |  0
| 295|0x0000000092700000, 0x0000000092700000, 0x0000000092800000|  0%| F|  |TAMS 0x0000000092700000| PB 0x0000000092700000| Untracked |  0
| 296|0x0000000092800000, 0x0000000092800000, 0x0000000092900000|  0%| F|  |TAMS 0x0000000092800000| PB 0x0000000092800000| Untracked |  0
| 297|0x0000000092900000, 0x0000000092900000, 0x0000000092a00000|  0%| F|  |TAMS 0x0000000092900000| PB 0x0000000092900000| Untracked |  0
| 298|0x0000000092a00000, 0x0000000092a00000, 0x0000000092b00000|  0%| F|  |TAMS 0x0000000092a00000| PB 0x0000000092a00000| Untracked |  0
| 299|0x0000000092b00000, 0x0000000092b00000, 0x0000000092c00000|  0%| F|  |TAMS 0x0000000092b00000| PB 0x0000000092b00000| Untracked |  0
| 300|0x0000000092c00000, 0x0000000092c00000, 0x0000000092d00000|  0%| F|  |TAMS 0x0000000092c00000| PB 0x0000000092c00000| Untracked |  0
| 301|0x0000000092d00000, 0x0000000092d00000, 0x0000000092e00000|  0%| F|  |TAMS 0x0000000092d00000| PB 0x0000000092d00000| Untracked |  0
| 302|0x0000000092e00000, 0x0000000092e00000, 0x0000000092f00000|  0%| F|  |TAMS 0x0000000092e00000| PB 0x0000000092e00000| Untracked |  0
| 303|0x0000000092f00000, 0x0000000093000000, 0x0000000093000000|100%| S|CS|TAMS 0x0000000092f00000| PB 0x0000000092f00000| Complete |  0
| 304|0x0000000093000000, 0x0000000093100000, 0x0000000093100000|100%| S|CS|TAMS 0x0000000093000000| PB 0x0000000093000000| Complete |  0
| 305|0x0000000093100000, 0x0000000093200000, 0x0000000093200000|100%| S|CS|TAMS 0x0000000093100000| PB 0x0000000093100000| Complete |  0
| 306|0x0000000093200000, 0x0000000093300000, 0x0000000093300000|100%| S|CS|TAMS 0x0000000093200000| PB 0x0000000093200000| Complete |  0
| 307|0x0000000093300000, 0x0000000093400000, 0x0000000093400000|100%| S|CS|TAMS 0x0000000093300000| PB 0x0000000093300000| Complete |  0
| 308|0x0000000093400000, 0x0000000093500000, 0x0000000093500000|100%| S|CS|TAMS 0x0000000093400000| PB 0x0000000093400000| Complete |  0
| 309|0x0000000093500000, 0x0000000093600000, 0x0000000093600000|100%| S|CS|TAMS 0x0000000093500000| PB 0x0000000093500000| Complete |  0
| 310|0x0000000093600000, 0x0000000093700000, 0x0000000093700000|100%| S|CS|TAMS 0x0000000093600000| PB 0x0000000093600000| Complete |  0
| 311|0x0000000093700000, 0x0000000093800000, 0x0000000093800000|100%| S|CS|TAMS 0x0000000093700000| PB 0x0000000093700000| Complete |  0
| 312|0x0000000093800000, 0x0000000093900000, 0x0000000093900000|100%| S|CS|TAMS 0x0000000093800000| PB 0x0000000093800000| Complete |  0
| 313|0x0000000093900000, 0x0000000093a00000, 0x0000000093a00000|100%| S|CS|TAMS 0x0000000093900000| PB 0x0000000093900000| Complete |  0
| 314|0x0000000093a00000, 0x0000000093b00000, 0x0000000093b00000|100%| S|CS|TAMS 0x0000000093a00000| PB 0x0000000093a00000| Complete |  0
| 315|0x0000000093b00000, 0x0000000093c00000, 0x0000000093c00000|100%| S|CS|TAMS 0x0000000093b00000| PB 0x0000000093b00000| Complete |  0
| 316|0x0000000093c00000, 0x0000000093d00000, 0x0000000093d00000|100%| S|CS|TAMS 0x0000000093c00000| PB 0x0000000093c00000| Complete |  0
| 317|0x0000000093d00000, 0x0000000093d00000, 0x0000000093e00000|  0%| F|  |TAMS 0x0000000093d00000| PB 0x0000000093d00000| Untracked |  0
| 318|0x0000000093e00000, 0x0000000093e00000, 0x0000000093f00000|  0%| F|  |TAMS 0x0000000093e00000| PB 0x0000000093e00000| Untracked |  0
| 319|0x0000000093f00000, 0x0000000093f00000, 0x0000000094000000|  0%| F|  |TAMS 0x0000000093f00000| PB 0x0000000093f00000| Untracked |  0
| 320|0x0000000094000000, 0x0000000094000000, 0x0000000094100000|  0%| F|  |TAMS 0x0000000094000000| PB 0x0000000094000000| Untracked |  0
| 321|0x0000000094100000, 0x0000000094100000, 0x0000000094200000|  0%| F|  |TAMS 0x0000000094100000| PB 0x0000000094100000| Untracked |  0
| 322|0x0000000094200000, 0x0000000094200000, 0x0000000094300000|  0%| F|  |TAMS 0x0000000094200000| PB 0x0000000094200000| Untracked |  0
| 323|0x0000000094300000, 0x0000000094300000, 0x0000000094400000|  0%| F|  |TAMS 0x0000000094300000| PB 0x0000000094300000| Untracked |  0
| 324|0x0000000094400000, 0x0000000094400000, 0x0000000094500000|  0%| F|  |TAMS 0x0000000094400000| PB 0x0000000094400000| Untracked |  0
| 325|0x0000000094500000, 0x0000000094500000, 0x0000000094600000|  0%| F|  |TAMS 0x0000000094500000| PB 0x0000000094500000| Untracked |  0
| 326|0x0000000094600000, 0x0000000094600000, 0x0000000094700000|  0%| F|  |TAMS 0x0000000094600000| PB 0x0000000094600000| Untracked |  0
| 327|0x0000000094700000, 0x0000000094700000, 0x0000000094800000|  0%| F|  |TAMS 0x0000000094700000| PB 0x0000000094700000| Untracked |  0
| 328|0x0000000094800000, 0x0000000094800000, 0x0000000094900000|  0%| F|  |TAMS 0x0000000094800000| PB 0x0000000094800000| Untracked |  0
| 329|0x0000000094900000, 0x0000000094900000, 0x0000000094a00000|  0%| F|  |TAMS 0x0000000094900000| PB 0x0000000094900000| Untracked |  0
| 330|0x0000000094a00000, 0x0000000094a00000, 0x0000000094b00000|  0%| F|  |TAMS 0x0000000094a00000| PB 0x0000000094a00000| Untracked |  0
| 331|0x0000000094b00000, 0x0000000094b00000, 0x0000000094c00000|  0%| F|  |TAMS 0x0000000094b00000| PB 0x0000000094b00000| Untracked |  0
| 332|0x0000000094c00000, 0x0000000094c00000, 0x0000000094d00000|  0%| F|  |TAMS 0x0000000094c00000| PB 0x0000000094c00000| Untracked |  0
| 333|0x0000000094d00000, 0x0000000094d00000, 0x0000000094e00000|  0%| F|  |TAMS 0x0000000094d00000| PB 0x0000000094d00000| Untracked |  0
| 334|0x0000000094e00000, 0x0000000094e00000, 0x0000000094f00000|  0%| F|  |TAMS 0x0000000094e00000| PB 0x0000000094e00000| Untracked |  0
| 335|0x0000000094f00000, 0x0000000094f00000, 0x0000000095000000|  0%| F|  |TAMS 0x0000000094f00000| PB 0x0000000094f00000| Untracked |  0
| 336|0x0000000095000000, 0x0000000095000000, 0x0000000095100000|  0%| F|  |TAMS 0x0000000095000000| PB 0x0000000095000000| Untracked |  0
| 337|0x0000000095100000, 0x0000000095100000, 0x0000000095200000|  0%| F|  |TAMS 0x0000000095100000| PB 0x0000000095100000| Untracked |  0
| 338|0x0000000095200000, 0x0000000095200000, 0x0000000095300000|  0%| F|  |TAMS 0x0000000095200000| PB 0x0000000095200000| Untracked |  0
| 339|0x0000000095300000, 0x0000000095300000, 0x0000000095400000|  0%| F|  |TAMS 0x0000000095300000| PB 0x0000000095300000| Untracked |  0
| 340|0x0000000095400000, 0x0000000095400000, 0x0000000095500000|  0%| F|  |TAMS 0x0000000095400000| PB 0x0000000095400000| Untracked |  0
| 341|0x0000000095500000, 0x0000000095500000, 0x0000000095600000|  0%| F|  |TAMS 0x0000000095500000| PB 0x0000000095500000| Untracked |  0
| 342|0x0000000095600000, 0x0000000095600000, 0x0000000095700000|  0%| F|  |TAMS 0x0000000095600000| PB 0x0000000095600000| Untracked |  0
| 343|0x0000000095700000, 0x0000000095700000, 0x0000000095800000|  0%| F|  |TAMS 0x0000000095700000| PB 0x0000000095700000| Untracked |  0
| 344|0x0000000095800000, 0x0000000095800000, 0x0000000095900000|  0%| F|  |TAMS 0x0000000095800000| PB 0x0000000095800000| Untracked |  0
| 345|0x0000000095900000, 0x0000000095900000, 0x0000000095a00000|  0%| F|  |TAMS 0x0000000095900000| PB 0x0000000095900000| Untracked |  0
| 346|0x0000000095a00000, 0x0000000095a00000, 0x0000000095b00000|  0%| F|  |TAMS 0x0000000095a00000| PB 0x0000000095a00000| Untracked |  0
| 347|0x0000000095b00000, 0x0000000095b00000, 0x0000000095c00000|  0%| F|  |TAMS 0x0000000095b00000| PB 0x0000000095b00000| Untracked |  0
| 348|0x0000000095c00000, 0x0000000095c00000, 0x0000000095d00000|  0%| F|  |TAMS 0x0000000095c00000| PB 0x0000000095c00000| Untracked |  0
| 349|0x0000000095d00000, 0x0000000095d00000, 0x0000000095e00000|  0%| F|  |TAMS 0x0000000095d00000| PB 0x0000000095d00000| Untracked |  0
| 350|0x0000000095e00000, 0x0000000095e00000, 0x0000000095f00000|  0%| F|  |TAMS 0x0000000095e00000| PB 0x0000000095e00000| Untracked |  0
| 351|0x0000000095f00000, 0x0000000095f00000, 0x0000000096000000|  0%| F|  |TAMS 0x0000000095f00000| PB 0x0000000095f00000| Untracked |  0
| 352|0x0000000096000000, 0x0000000096000000, 0x0000000096100000|  0%| F|  |TAMS 0x0000000096000000| PB 0x0000000096000000| Untracked |  0
| 353|0x0000000096100000, 0x0000000096100000, 0x0000000096200000|  0%| F|  |TAMS 0x0000000096100000| PB 0x0000000096100000| Untracked |  0
| 354|0x0000000096200000, 0x0000000096200000, 0x0000000096300000|  0%| F|  |TAMS 0x0000000096200000| PB 0x0000000096200000| Untracked |  0
| 355|0x0000000096300000, 0x0000000096300000, 0x0000000096400000|  0%| F|  |TAMS 0x0000000096300000| PB 0x0000000096300000| Untracked |  0
| 356|0x0000000096400000, 0x0000000096400000, 0x0000000096500000|  0%| F|  |TAMS 0x0000000096400000| PB 0x0000000096400000| Untracked |  0
| 357|0x0000000096500000, 0x0000000096500000, 0x0000000096600000|  0%| F|  |TAMS 0x0000000096500000| PB 0x0000000096500000| Untracked |  0
| 358|0x0000000096600000, 0x0000000096600000, 0x0000000096700000|  0%| F|  |TAMS 0x0000000096600000| PB 0x0000000096600000| Untracked |  0
| 359|0x0000000096700000, 0x0000000096700000, 0x0000000096800000|  0%| F|  |TAMS 0x0000000096700000| PB 0x0000000096700000| Untracked |  0
| 360|0x0000000096800000, 0x0000000096800000, 0x0000000096900000|  0%| F|  |TAMS 0x0000000096800000| PB 0x0000000096800000| Untracked |  0
| 361|0x0000000096900000, 0x0000000096900000, 0x0000000096a00000|  0%| F|  |TAMS 0x0000000096900000| PB 0x0000000096900000| Untracked |  0
| 362|0x0000000096a00000, 0x0000000096a00000, 0x0000000096b00000|  0%| F|  |TAMS 0x0000000096a00000| PB 0x0000000096a00000| Untracked |  0
| 363|0x0000000096b00000, 0x0000000096b00000, 0x0000000096c00000|  0%| F|  |TAMS 0x0000000096b00000| PB 0x0000000096b00000| Untracked |  0
| 364|0x0000000096c00000, 0x0000000096c00000, 0x0000000096d00000|  0%| F|  |TAMS 0x0000000096c00000| PB 0x0000000096c00000| Untracked |  0
| 365|0x0000000096d00000, 0x0000000096d00000, 0x0000000096e00000|  0%| F|  |TAMS 0x0000000096d00000| PB 0x0000000096d00000| Untracked |  0
| 366|0x0000000096e00000, 0x0000000096e00000, 0x0000000096f00000|  0%| F|  |TAMS 0x0000000096e00000| PB 0x0000000096e00000| Untracked |  0
| 367|0x0000000096f00000, 0x0000000096f00000, 0x0000000097000000|  0%| F|  |TAMS 0x0000000096f00000| PB 0x0000000096f00000| Untracked |  0
| 368|0x0000000097000000, 0x0000000097000000, 0x0000000097100000|  0%| F|  |TAMS 0x0000000097000000| PB 0x0000000097000000| Untracked |  0
| 369|0x0000000097100000, 0x0000000097100000, 0x0000000097200000|  0%| F|  |TAMS 0x0000000097100000| PB 0x0000000097100000| Untracked |  0
| 370|0x0000000097200000, 0x0000000097200000, 0x0000000097300000|  0%| F|  |TAMS 0x0000000097200000| PB 0x0000000097200000| Untracked |  0
| 371|0x0000000097300000, 0x0000000097300000, 0x0000000097400000|  0%| F|  |TAMS 0x0000000097300000| PB 0x0000000097300000| Untracked |  0
| 372|0x0000000097400000, 0x0000000097400000, 0x0000000097500000|  0%| F|  |TAMS 0x0000000097400000| PB 0x0000000097400000| Untracked |  0
| 373|0x0000000097500000, 0x0000000097500000, 0x0000000097600000|  0%| F|  |TAMS 0x0000000097500000| PB 0x0000000097500000| Untracked |  0
| 374|0x0000000097600000, 0x0000000097600000, 0x0000000097700000|  0%| F|  |TAMS 0x0000000097600000| PB 0x0000000097600000| Untracked |  0
| 375|0x0000000097700000, 0x0000000097700000, 0x0000000097800000|  0%| F|  |TAMS 0x0000000097700000| PB 0x0000000097700000| Untracked |  0
| 376|0x0000000097800000, 0x0000000097800000, 0x0000000097900000|  0%| F|  |TAMS 0x0000000097800000| PB 0x0000000097800000| Untracked |  0
| 377|0x0000000097900000, 0x0000000097900000, 0x0000000097a00000|  0%| F|  |TAMS 0x0000000097900000| PB 0x0000000097900000| Untracked |  0
| 378|0x0000000097a00000, 0x0000000097a00000, 0x0000000097b00000|  0%| F|  |TAMS 0x0000000097a00000| PB 0x0000000097a00000| Untracked |  0
| 379|0x0000000097b00000, 0x0000000097b00000, 0x0000000097c00000|  0%| F|  |TAMS 0x0000000097b00000| PB 0x0000000097b00000| Untracked |  0
| 380|0x0000000097c00000, 0x0000000097c00000, 0x0000000097d00000|  0%| F|  |TAMS 0x0000000097c00000| PB 0x0000000097c00000| Untracked |  0
| 381|0x0000000097d00000, 0x0000000097d00000, 0x0000000097e00000|  0%| F|  |TAMS 0x0000000097d00000| PB 0x0000000097d00000| Untracked |  0
| 382|0x0000000097e00000, 0x0000000097e00000, 0x0000000097f00000|  0%| F|  |TAMS 0x0000000097e00000| PB 0x0000000097e00000| Untracked |  0
| 383|0x0000000097f00000, 0x0000000097f00000, 0x0000000098000000|  0%| F|  |TAMS 0x0000000097f00000| PB 0x0000000097f00000| Untracked |  0
| 384|0x0000000098000000, 0x0000000098000000, 0x0000000098100000|  0%| F|  |TAMS 0x0000000098000000| PB 0x0000000098000000| Untracked |  0
| 385|0x0000000098100000, 0x0000000098100000, 0x0000000098200000|  0%| F|  |TAMS 0x0000000098100000| PB 0x0000000098100000| Untracked |  0
| 386|0x0000000098200000, 0x0000000098200000, 0x0000000098300000|  0%| F|  |TAMS 0x0000000098200000| PB 0x0000000098200000| Untracked |  0
| 387|0x0000000098300000, 0x0000000098300000, 0x0000000098400000|  0%| F|  |TAMS 0x0000000098300000| PB 0x0000000098300000| Untracked |  0
| 388|0x0000000098400000, 0x0000000098400000, 0x0000000098500000|  0%| F|  |TAMS 0x0000000098400000| PB 0x0000000098400000| Untracked |  0
| 389|0x0000000098500000, 0x0000000098500000, 0x0000000098600000|  0%| F|  |TAMS 0x0000000098500000| PB 0x0000000098500000| Untracked |  0
| 390|0x0000000098600000, 0x0000000098600000, 0x0000000098700000|  0%| F|  |TAMS 0x0000000098600000| PB 0x0000000098600000| Untracked |  0
| 391|0x0000000098700000, 0x0000000098700000, 0x0000000098800000|  0%| F|  |TAMS 0x0000000098700000| PB 0x0000000098700000| Untracked |  0
| 392|0x0000000098800000, 0x0000000098800000, 0x0000000098900000|  0%| F|  |TAMS 0x0000000098800000| PB 0x0000000098800000| Untracked |  0
| 393|0x0000000098900000, 0x0000000098900000, 0x0000000098a00000|  0%| F|  |TAMS 0x0000000098900000| PB 0x0000000098900000| Untracked |  0
| 394|0x0000000098a00000, 0x0000000098a00000, 0x0000000098b00000|  0%| F|  |TAMS 0x0000000098a00000| PB 0x0000000098a00000| Untracked |  0
| 395|0x0000000098b00000, 0x0000000098b00000, 0x0000000098c00000|  0%| F|  |TAMS 0x0000000098b00000| PB 0x0000000098b00000| Untracked |  0
| 396|0x0000000098c00000, 0x0000000098c00000, 0x0000000098d00000|  0%| F|  |TAMS 0x0000000098c00000| PB 0x0000000098c00000| Untracked |  0
| 397|0x0000000098d00000, 0x0000000098d00000, 0x0000000098e00000|  0%| F|  |TAMS 0x0000000098d00000| PB 0x0000000098d00000| Untracked |  0
| 398|0x0000000098e00000, 0x0000000098e00000, 0x0000000098f00000|  0%| F|  |TAMS 0x0000000098e00000| PB 0x0000000098e00000| Untracked |  0
| 399|0x0000000098f00000, 0x0000000098f00000, 0x0000000099000000|  0%| F|  |TAMS 0x0000000098f00000| PB 0x0000000098f00000| Untracked |  0
| 400|0x0000000099000000, 0x0000000099000000, 0x0000000099100000|  0%| F|  |TAMS 0x0000000099000000| PB 0x0000000099000000| Untracked |  0
|2017|0x00000000fe100000, 0x00000000fe100000, 0x00000000fe200000|  0%| F|  |TAMS 0x00000000fe100000| PB 0x00000000fe100000| Untracked |  0
|2018|0x00000000fe200000, 0x00000000fe300000, 0x00000000fe300000|100%| O|  |TAMS 0x00000000fe300000| PB 0x00000000fe200000| Untracked |  0
|2019|0x00000000fe300000, 0x00000000fe300000, 0x00000000fe400000|  0%| F|  |TAMS 0x00000000fe300000| PB 0x00000000fe300000| Untracked |  0
|2020|0x00000000fe400000, 0x00000000fe500000, 0x00000000fe500000|100%| O|  |TAMS 0x00000000fe500000| PB 0x00000000fe400000| Untracked |  0
|2021|0x00000000fe500000, 0x00000000fe600000, 0x00000000fe600000|100%| O|  |TAMS 0x00000000fe600000| PB 0x00000000fe500000| Untracked |  0
|2022|0x00000000fe600000, 0x00000000fe700000, 0x00000000fe700000|100%| O|  |TAMS 0x00000000fe700000| PB 0x00000000fe600000| Untracked |  0
|2023|0x00000000fe700000, 0x00000000fe800000, 0x00000000fe800000|100%| O|  |TAMS 0x00000000fe800000| PB 0x00000000fe700000| Untracked |  0
|2024|0x00000000fe800000, 0x00000000fe900000, 0x00000000fe900000|100%| O|  |TAMS 0x00000000fe900000| PB 0x00000000fe800000| Untracked |  0
|2025|0x00000000fe900000, 0x00000000fea00000, 0x00000000fea00000|100%| O|  |TAMS 0x00000000fea00000| PB 0x00000000fe900000| Untracked |  0
|2026|0x00000000fea00000, 0x00000000feb00000, 0x00000000feb00000|100%| O|  |TAMS 0x00000000feb00000| PB 0x00000000fea00000| Untracked |  0
|2027|0x00000000feb00000, 0x00000000fec00000, 0x00000000fec00000|100%| O|  |TAMS 0x00000000fec00000| PB 0x00000000feb00000| Untracked |  0
|2028|0x00000000fec00000, 0x00000000fed00000, 0x00000000fed00000|100%| O|  |TAMS 0x00000000fed00000| PB 0x00000000fec00000| Untracked |  0
|2029|0x00000000fed00000, 0x00000000fee00000, 0x00000000fee00000|100%| O|  |TAMS 0x00000000fee00000| PB 0x00000000fed00000| Untracked |  0
|2030|0x00000000fee00000, 0x00000000fef00000, 0x00000000fef00000|100%| O|  |TAMS 0x00000000fef00000| PB 0x00000000fee00000| Untracked |  0
|2031|0x00000000fef00000, 0x00000000ff000000, 0x00000000ff000000|100%| O|  |TAMS 0x00000000ff000000| PB 0x00000000fef00000| Untracked |  0
|2032|0x00000000ff000000, 0x00000000ff100000, 0x00000000ff100000|100%| O|  |TAMS 0x00000000ff100000| PB 0x00000000ff000000| Untracked |  0
|2033|0x00000000ff100000, 0x00000000ff200000, 0x00000000ff200000|100%| O|  |TAMS 0x00000000ff200000| PB 0x00000000ff100000| Untracked |  0
|2034|0x00000000ff200000, 0x00000000ff300000, 0x00000000ff300000|100%| O|  |TAMS 0x00000000ff300000| PB 0x00000000ff200000| Untracked |  0
|2035|0x00000000ff300000, 0x00000000ff400000, 0x00000000ff400000|100%| O|  |TAMS 0x00000000ff400000| PB 0x00000000ff300000| Untracked |  0
|2036|0x00000000ff400000, 0x00000000ff500000, 0x00000000ff500000|100%| O|  |TAMS 0x00000000ff500000| PB 0x00000000ff400000| Untracked |  0
|2037|0x00000000ff500000, 0x00000000ff500000, 0x00000000ff600000|  0%| F|  |TAMS 0x00000000ff500000| PB 0x00000000ff500000| Untracked |  0
|2038|0x00000000ff600000, 0x00000000ff600000, 0x00000000ff700000|  0%| F|  |TAMS 0x00000000ff600000| PB 0x00000000ff600000| Untracked |  0
|2039|0x00000000ff700000, 0x00000000ff700000, 0x00000000ff800000|  0%| F|  |TAMS 0x00000000ff700000| PB 0x00000000ff700000| Untracked |  0
|2040|0x00000000ff800000, 0x00000000ff800000, 0x00000000ff900000|  0%| F|  |TAMS 0x00000000ff800000| PB 0x00000000ff800000| Untracked |  0
|2041|0x00000000ff900000, 0x00000000ff900000, 0x00000000ffa00000|  0%| F|  |TAMS 0x00000000ff900000| PB 0x00000000ff900000| Untracked |  0
|2042|0x00000000ffa00000, 0x00000000ffa00000, 0x00000000ffb00000|  0%| F|  |TAMS 0x00000000ffa00000| PB 0x00000000ffa00000| Untracked |  0
|2043|0x00000000ffb00000, 0x00000000ffb00000, 0x00000000ffc00000|  0%| F|  |TAMS 0x00000000ffb00000| PB 0x00000000ffb00000| Untracked |  0
|2044|0x00000000ffc00000, 0x00000000ffc00000, 0x00000000ffd00000|  0%| F|  |TAMS 0x00000000ffc00000| PB 0x00000000ffc00000| Untracked |  0
|2045|0x00000000ffd00000, 0x00000000ffd00000, 0x00000000ffe00000|  0%| F|  |TAMS 0x00000000ffd00000| PB 0x00000000ffd00000| Untracked |  0
|2046|0x00000000ffe00000, 0x00000000fff00000, 0x00000000fff00000|100%| O|  |TAMS 0x00000000fff00000| PB 0x00000000ffe00000| Untracked |  0
|2047|0x00000000fff00000, 0x0000000100000000, 0x0000000100000000|100%| O|  |TAMS 0x0000000100000000| PB 0x00000000fff00000| Untracked |  0

Card table byte_map: [0x00000178f27a0000,0x00000178f2ba0000] _byte_map_base: 0x00000178f23a0000

Marking Bits: (CMBitMap*) 0x00000178df57a9d0
 Bits: [0x00000178f2ba0000, 0x00000178f4ba0000)

Polling page: 0x00000178dd390000

Metaspace:
Metaspace        used 101926K, committed 103680K, reserved 1179648K
 class space     used 14973K, committed 15808K, reserved 1048576K

Usage:
  Non-class:     84.91 MB used.
      Class:     14.62 MB used.
       Both:     99.54 MB used.

Virtual space:
  Non-class space:      128.00 MB reserved,      85.81 MB ( 67%) committed,  2 nodes.
      Class space:        1.00 GB reserved,      15.44 MB (  2%) committed,  1 nodes.
             Both:        1.12 GB reserved,     101.25 MB (  9%) committed. 

Chunk freelists:
   Non-Class:  9.52 MB
       Class:  416.00 KB
        Both:  9.92 MB

MaxMetaspaceSize: unlimited
CompressedClassSpaceSize: 1.00 GB
Initial GC threshold: 21.00 MB
Current GC threshold: 152.50 MB
CDS: off
 - commit_granule_bytes: 65536.
 - commit_granule_words: 8192.
 - virtual_space_node_default_size: 8388608.
 - enlarge_chunks_in_place: 1.
UseCompressedClassPointers 1, UseCompactObjectHeaders 0
Narrow klass pointer bits 32, Max shift 3
Narrow klass base: 0x0000000000000000, Narrow klass shift: 0
Encoding Range: [0x0000000000000000 - 0x0000000100000000), (4294967296 bytes)
Klass Range:    [0x0000000009000000 - 0x0000000049000000), (1073741824 bytes)
Klass ID Range:  [150994944 - 1224736761) (1073741817)
No protection zone.


Internal statistics:

num_allocs_failed_limit: 6.
num_arena_births: 3444.
num_arena_deaths: 42.
num_vsnodes_births: 3.
num_vsnodes_deaths: 0.
num_space_committed: 1619.
num_space_uncommitted: 0.
num_chunks_returned_to_freelist: 63.
num_chunks_taken_from_freelist: 7757.
num_chunk_merges: 22.
num_chunk_splits: 4994.
num_chunks_enlarged: 3046.
num_inconsistent_stats: 0.

CodeHeap 'non-profiled nmethods': size=119232Kb used=3278Kb max_used=3278Kb free=115953Kb
 bounds [0x00000178ea5a0000, 0x00000178ea8e0000, 0x00000178f1a10000]
CodeHeap 'profiled nmethods': size=119104Kb used=17438Kb max_used=17438Kb free=101665Kb
 bounds [0x00000178e2a10000, 0x00000178e3b20000, 0x00000178e9e60000]
CodeHeap 'non-nmethods': size=7424Kb used=3671Kb max_used=3855Kb free=3752Kb
 bounds [0x00000178e9e60000, 0x00000178ea240000, 0x00000178ea5a0000]
CodeCache: size=245760Kb, used=24387Kb, max_used=24571Kb, free=221370Kb
 total_blobs=12498, nmethods=11646, adapters=751, full_count=0
Compilation: enabled, stopped_count=0, restarted_count=0

Compilation events (20 events):
Event: 17.817 Thread 0x00000178fc1b1ff0 nmethod 13800 0x00000178e3b14d08 code [0x00000178e3b14e00, 0x00000178e3b14f38]
Event: 17.817 Thread 0x00000178fc014260 nmethod 13796 0x00000178e3b15008 code [0x00000178e3b15100, 0x00000178e3b153c0]
Event: 17.817 Thread 0x00000178fd3b77c0 nmethod 13794 0x00000178e3b15408 code [0x00000178e3b15500, 0x00000178e3b157a8]
Event: 17.817 Thread 0x00000178fc1b1ff0 13801       3       com.android.tools.r8.graph.p6$$Lambda/0x0000000009e04260::apply (8 bytes)
Event: 17.817 Thread 0x00000178fc1b1ff0 nmethod 13801 0x00000178e3b15808 code [0x00000178e3b15900, 0x00000178e3b15ae0]
Event: 17.818 Thread 0x00000178fd3b5780 nmethod 13797 0x00000178e3b15b08 code [0x00000178e3b15c00, 0x00000178e3b15e98]
Event: 17.818 Thread 0x00000178fd3b5780 13802       2       com.android.tools.r8.internal.ab1::b (143 bytes)
Event: 17.818 Thread 0x00000178fc1b1ff0 13803       3       com.android.tools.r8.graph.j6$$Lambda/0x0000000009dffd00::apply (8 bytes)
Event: 17.818 Thread 0x00000178fc1b1ff0 nmethod 13803 0x00000178e3b15f08 code [0x00000178e3b16000, 0x00000178e3b161e0]
Event: 17.819 Thread 0x00000178fd3b5780 nmethod 13802 0x00000178e3b16208 code [0x00000178e3b16300, 0x00000178e3b16880]
Event: 17.819 Thread 0x00000178fc014260 13805       3       com.android.tools.r8.internal.v0::put (10 bytes)
Event: 17.820 Thread 0x00000178fc014260 nmethod 13805 0x00000178e3b16908 code [0x00000178e3b16a00, 0x00000178e3b16ef8]
Event: 17.826 Thread 0x00000178fc014260 13806       2       java.util.ArrayDeque::removeFirst (19 bytes)
Event: 17.827 Thread 0x00000178fc014260 nmethod 13806 0x00000178e3b16f08 code [0x00000178e3b17000, 0x00000178e3b171e8]
Event: 17.828 Thread 0x00000178fc014260 13808       2       com.android.tools.r8.internal.zk0::<init> (7 bytes)
Event: 17.829 Thread 0x00000178fc1b1ff0 13809       3       com.android.tools.r8.graph.m6::b (44 bytes)
Event: 17.829 Thread 0x00000178fc013a50 nmethod 12166 0x00000178ea8d3288 code [0x00000178ea8d3380, 0x00000178ea8d3b60]
Event: 17.829 Thread 0x00000178fc013a50 10934       4       com.android.tools.r8.internal.ak4::b (36 bytes)
Event: 17.829 Thread 0x00000178fc014260 nmethod 13808 0x00000178e3b17208 code [0x00000178e3b17300, 0x00000178e3b17418]
Event: 17.829 Thread 0x00000178fc1b1ff0 nmethod 13809 0x00000178e3b17508 code [0x00000178e3b17600, 0x00000178e3b17898]

GC Heap Usage History (20 events):
Event: 14.388 {heap After GC invocations=34 (full 0):
 garbage-first heap   total reserved 2097152K, committed 203776K, used 124197K [0x0000000080000000, 0x0000000100000000)
  region size 1024K, 11 young (11264K), 11 survivors (11264K)
}
Event: 14.388 {heap Before GC invocations=34 (full 0):
 garbage-first heap   total reserved 2097152K, committed 203776K, used 124197K [0x0000000080000000, 0x0000000100000000)
  region size 1024K, 12 young (12288K), 11 survivors (11264K)
}
Event: 14.394 {heap After GC invocations=35 (full 0):
 garbage-first heap   total reserved 2097152K, committed 203776K, used 126058K [0x0000000080000000, 0x0000000100000000)
  region size 1024K, 2 young (2048K), 2 survivors (2048K)
}
Event: 14.733 {heap Before GC invocations=36 (full 0):
 garbage-first heap   total reserved 2097152K, committed 229376K, used 197738K [0x0000000080000000, 0x0000000100000000)
  region size 1024K, 60 young (61440K), 2 survivors (2048K)
}
Event: 14.742 {heap After GC invocations=37 (full 0):
 garbage-first heap   total reserved 2097152K, committed 229376K, used 156267K [0x0000000080000000, 0x0000000100000000)
  region size 1024K, 8 young (8192K), 8 survivors (8192K)
}
Event: 14.882 {heap Before GC invocations=37 (full 0):
 garbage-first heap   total reserved 2097152K, committed 229376K, used 204395K [0x0000000080000000, 0x0000000100000000)
  region size 1024K, 56 young (57344K), 8 survivors (8192K)
}
Event: 14.897 {heap After GC invocations=38 (full 0):
 garbage-first heap   total reserved 2097152K, committed 229376K, used 169228K [0x0000000080000000, 0x0000000100000000)
  region size 1024K, 7 young (7168K), 7 survivors (7168K)
}
Event: 14.975 {heap Before GC invocations=38 (full 0):
 garbage-first heap   total reserved 2097152K, committed 229376K, used 206092K [0x0000000080000000, 0x0000000100000000)
  region size 1024K, 44 young (45056K), 7 survivors (7168K)
}
Event: 14.989 {heap After GC invocations=39 (full 0):
 garbage-first heap   total reserved 2097152K, committed 347136K, used 178176K [0x0000000080000000, 0x0000000100000000)
  region size 1024K, 6 young (6144K), 6 survivors (6144K)
}
Event: 15.543 {heap Before GC invocations=40 (full 0):
 garbage-first heap   total reserved 2097152K, committed 347136K, used 292864K [0x0000000080000000, 0x0000000100000000)
  region size 1024K, 114 young (116736K), 6 survivors (6144K)
}
Event: 15.569 {heap After GC invocations=41 (full 0):
 garbage-first heap   total reserved 2097152K, committed 347136K, used 208867K [0x0000000080000000, 0x0000000100000000)
  region size 1024K, 15 young (15360K), 15 survivors (15360K)
}
Event: 15.695 {heap Before GC invocations=41 (full 0):
 garbage-first heap   total reserved 2097152K, committed 347136K, used 346083K [0x0000000080000000, 0x0000000100000000)
  region size 1024K, 55 young (56320K), 15 survivors (15360K)
}
Event: 15.725 {heap After GC invocations=42 (full 0):
 garbage-first heap   total reserved 2097152K, committed 376832K, used 251661K [0x0000000080000000, 0x0000000100000000)
  region size 1024K, 11 young (11264K), 11 survivors (11264K)
}
Event: 16.069 {heap Before GC invocations=42 (full 0):
 garbage-first heap   total reserved 2097152K, committed 376832K, used 312077K [0x0000000080000000, 0x0000000100000000)
  region size 1024K, 72 young (73728K), 11 survivors (11264K)
}
Event: 16.081 {heap After GC invocations=43 (full 0):
 garbage-first heap   total reserved 2097152K, committed 376832K, used 264867K [0x0000000080000000, 0x0000000100000000)
  region size 1024K, 12 young (12288K), 12 survivors (12288K)
}
Event: 16.560 {heap Before GC invocations=44 (full 0):
 garbage-first heap   total reserved 2097152K, committed 442368K, used 337571K [0x0000000080000000, 0x0000000100000000)
  region size 1024K, 83 young (84992K), 12 survivors (12288K)
}
Event: 16.581 {heap After GC invocations=45 (full 0):
 garbage-first heap   total reserved 2097152K, committed 442368K, used 282553K [0x0000000080000000, 0x0000000100000000)
  region size 1024K, 11 young (11264K), 11 survivors (11264K)
}
Event: 17.076 {heap Before GC invocations=45 (full 0):
 garbage-first heap   total reserved 2097152K, committed 442368K, used 388025K [0x0000000080000000, 0x0000000100000000)
  region size 1024K, 110 young (112640K), 11 survivors (11264K)
}
Event: 17.106 {heap After GC invocations=46 (full 0):
 garbage-first heap   total reserved 2097152K, committed 442368K, used 291459K [0x0000000080000000, 0x0000000100000000)
  region size 1024K, 14 young (14336K), 14 survivors (14336K)
}
Event: 17.830 {heap Before GC invocations=46 (full 0):
 garbage-first heap   total reserved 2097152K, committed 442368K, used 387715K [0x0000000080000000, 0x0000000100000000)
  region size 1024K, 109 young (111616K), 14 survivors (14336K)
}

Metaspace Usage History (20 events):
Event: 14.388 {metaspace After GC invocations=34 (full 0):
 Metaspace       used 81203K, committed 82944K, reserved 1179648K
  class space    used 11819K, committed 12672K, reserved 1048576K
}
Event: 14.388 {metaspace Before GC invocations=34 (full 0):
 Metaspace       used 81205K, committed 82944K, reserved 1179648K
  class space    used 11819K, committed 12672K, reserved 1048576K
}
Event: 14.394 {metaspace After GC invocations=35 (full 0):
 Metaspace       used 81205K, committed 82944K, reserved 1179648K
  class space    used 11819K, committed 12672K, reserved 1048576K
}
Event: 14.733 {metaspace Before GC invocations=36 (full 0):
 Metaspace       used 82133K, committed 83776K, reserved 1179648K
  class space    used 11928K, committed 12736K, reserved 1048576K
}
Event: 14.742 {metaspace After GC invocations=37 (full 0):
 Metaspace       used 82133K, committed 83776K, reserved 1179648K
  class space    used 11928K, committed 12736K, reserved 1048576K
}
Event: 14.882 {metaspace Before GC invocations=37 (full 0):
 Metaspace       used 82481K, committed 84224K, reserved 1179648K
  class space    used 11976K, committed 12800K, reserved 1048576K
}
Event: 14.897 {metaspace After GC invocations=38 (full 0):
 Metaspace       used 82481K, committed 84224K, reserved 1179648K
  class space    used 11976K, committed 12800K, reserved 1048576K
}
Event: 14.975 {metaspace Before GC invocations=38 (full 0):
 Metaspace       used 82840K, committed 84544K, reserved 1179648K
  class space    used 12034K, committed 12864K, reserved 1048576K
}
Event: 14.989 {metaspace After GC invocations=39 (full 0):
 Metaspace       used 82840K, committed 84544K, reserved 1179648K
  class space    used 12034K, committed 12864K, reserved 1048576K
}
Event: 15.543 {metaspace Before GC invocations=40 (full 0):
 Metaspace       used 85902K, committed 87616K, reserved 1179648K
  class space    used 12456K, committed 13312K, reserved 1048576K
}
Event: 15.569 {metaspace After GC invocations=41 (full 0):
 Metaspace       used 85902K, committed 87616K, reserved 1179648K
  class space    used 12456K, committed 13312K, reserved 1048576K
}
Event: 15.695 {metaspace Before GC invocations=41 (full 0):
 Metaspace       used 87588K, committed 89280K, reserved 1179648K
  class space    used 12690K, committed 13504K, reserved 1048576K
}
Event: 15.725 {metaspace After GC invocations=42 (full 0):
 Metaspace       used 87588K, committed 89280K, reserved 1179648K
  class space    used 12690K, committed 13504K, reserved 1048576K
}
Event: 16.069 {metaspace Before GC invocations=42 (full 0):
 Metaspace       used 90962K, committed 92736K, reserved 1179648K
  class space    used 13173K, committed 14016K, reserved 1048576K
}
Event: 16.081 {metaspace After GC invocations=43 (full 0):
 Metaspace       used 90962K, committed 92736K, reserved 1179648K
  class space    used 13173K, committed 14016K, reserved 1048576K
}
Event: 16.560 {metaspace Before GC invocations=44 (full 0):
 Metaspace       used 94047K, committed 95744K, reserved 1179648K
  class space    used 13559K, committed 14400K, reserved 1048576K
}
Event: 16.581 {metaspace After GC invocations=45 (full 0):
 Metaspace       used 94047K, committed 95744K, reserved 1179648K
  class space    used 13559K, committed 14400K, reserved 1048576K
}
Event: 17.076 {metaspace Before GC invocations=45 (full 0):
 Metaspace       used 96756K, committed 98496K, reserved 1179648K
  class space    used 13930K, committed 14784K, reserved 1048576K
}
Event: 17.106 {metaspace After GC invocations=46 (full 0):
 Metaspace       used 96756K, committed 98496K, reserved 1179648K
  class space    used 13930K, committed 14784K, reserved 1048576K
}
Event: 17.830 {metaspace Before GC invocations=46 (full 0):
 Metaspace       used 101926K, committed 103680K, reserved 1179648K
  class space    used 14973K, committed 15808K, reserved 1048576K
}

Dll operation events (3 events):
Event: 0.017 Loaded shared library E:\Android\AndroidStudio\jbr\bin\java.dll
Event: 0.026 Loaded shared library E:\Android\AndroidStudio\jbr\bin\zip.dll
Event: 1.093 Loaded shared library E:\Android\AndroidStudio\jbr\bin\verify.dll

Deoptimization events (20 events):
Event: 16.930 Thread 0x0000017881898190 DEOPT PACKING pc=0x00000178ea84a05c sp=0x0000003db8bfd0e0
Event: 16.930 Thread 0x0000017881898190 DEOPT UNPACKING pc=0x00000178e9f78582 sp=0x0000003db8bfd038 mode 2
Event: 16.966 Thread 0x0000017881898190 DEOPT PACKING pc=0x00000178e30d8e38 sp=0x0000003db8bfd030
Event: 16.966 Thread 0x0000017881898190 DEOPT UNPACKING pc=0x00000178e9eb1702 sp=0x0000003db8bfc530 mode 0
Event: 17.112 Thread 0x0000017881898190 DEOPT PACKING pc=0x00000178e30d8e38 sp=0x0000003db8bfcff0
Event: 17.112 Thread 0x0000017881898190 DEOPT UNPACKING pc=0x00000178e9eb1702 sp=0x0000003db8bfc4f0 mode 0
Event: 17.122 Thread 0x0000017880b01830 DEOPT PACKING pc=0x00000178e352d116 sp=0x0000003db62f9c60
Event: 17.122 Thread 0x0000017880b01830 DEOPT UNPACKING pc=0x00000178e9eb1702 sp=0x0000003db62f9190 mode 0
Event: 17.131 Thread 0x000001788188be40 Uncommon trap: trap_request=0xffffff45 fr.pc=0x00000178ea7bf878 relative=0x00000000000000f8
Event: 17.131 Thread 0x000001788188be40 Uncommon trap: reason=unstable_if action=reinterpret pc=0x00000178ea7bf878 method=com.android.tools.r8.internal.ak4.b(Lcom/android/tools/r8/graph/v3;Lcom/android/tools/r8/graph/c6;)Z @ 8 c2
Event: 17.131 Thread 0x000001788188be40 DEOPT PACKING pc=0x00000178ea7bf878 sp=0x0000003db7cfeaa0
Event: 17.131 Thread 0x000001788188be40 DEOPT UNPACKING pc=0x00000178e9f78582 sp=0x0000003db7cfea40 mode 2
Event: 17.679 Thread 0x00000178814c9f90 DEOPT PACKING pc=0x00000178e3a9c129 sp=0x0000003db93ff060
Event: 17.679 Thread 0x00000178814c9f90 DEOPT UNPACKING pc=0x00000178e9eb1702 sp=0x0000003db93fe658 mode 0
Event: 17.686 Thread 0x00000178814cc6a0 DEOPT PACKING pc=0x00000178e3a9c129 sp=0x0000003db96fe9e0
Event: 17.686 Thread 0x00000178814cc6a0 DEOPT UNPACKING pc=0x00000178e9eb1702 sp=0x0000003db96fdfd8 mode 0
Event: 17.686 Thread 0x00000178814c8050 DEOPT PACKING pc=0x00000178e3a37434 sp=0x0000003db92feb90
Event: 17.686 Thread 0x00000178814c8050 DEOPT UNPACKING pc=0x00000178e9eb1702 sp=0x0000003db92fe0a8 mode 0
Event: 17.696 Thread 0x00000178814cbed0 DEOPT PACKING pc=0x00000178e3aa13f7 sp=0x0000003db95fe590
Event: 17.699 Thread 0x00000178814cbed0 DEOPT UNPACKING pc=0x00000178e9eb1702 sp=0x0000003db95fdbd0 mode 0

Classes loaded (20 events):
Event: 17.363 Loading class java/util/AbstractList$SubList$1
Event: 17.363 Loading class java/util/AbstractList$SubList$1 done
Event: 17.489 Loading class java/util/IdentityHashMap$EntrySpliterator
Event: 17.490 Loading class java/util/IdentityHashMap$IdentityHashMapSpliterator
Event: 17.490 Loading class java/util/IdentityHashMap$IdentityHashMapSpliterator done
Event: 17.490 Loading class java/util/IdentityHashMap$EntrySpliterator done
Event: 17.491 Loading class java/util/stream/SortedOps
Event: 17.491 Loading class java/util/stream/SortedOps done
Event: 17.491 Loading class java/util/stream/SortedOps$OfRef
Event: 17.492 Loading class java/util/stream/SortedOps$OfRef done
Event: 17.493 Loading class java/util/stream/SortedOps$RefSortingSink
Event: 17.493 Loading class java/util/stream/SortedOps$AbstractRefSortingSink
Event: 17.493 Loading class java/util/stream/SortedOps$AbstractRefSortingSink done
Event: 17.493 Loading class java/util/stream/SortedOps$RefSortingSink done
Event: 17.570 Loading class java/util/PriorityQueue
Event: 17.571 Loading class java/util/PriorityQueue done
Event: 17.627 Loading class java/nio/ShortBuffer
Event: 17.628 Loading class java/nio/ShortBuffer done
Event: 17.629 Loading class java/nio/HeapShortBuffer
Event: 17.630 Loading class java/nio/HeapShortBuffer done

Classes unloaded (20 events):
Event: 13.073 Thread 0x00000178f78b70a0 Unloading class 0x0000000009af4c00 'java/lang/invoke/LambdaForm$DMH+0x0000000009af4c00'
Event: 13.073 Thread 0x00000178f78b70a0 Unloading class 0x0000000009ae0400 'java/lang/invoke/LambdaForm$DMH+0x0000000009ae0400'
Event: 13.073 Thread 0x00000178f78b70a0 Unloading class 0x0000000009ae0800 'java/lang/invoke/LambdaForm$DMH+0x0000000009ae0800'
Event: 13.073 Thread 0x00000178f78b70a0 Unloading class 0x0000000009ae0c00 'java/lang/invoke/LambdaForm$DMH+0x0000000009ae0c00'
Event: 13.073 Thread 0x00000178f78b70a0 Unloading class 0x0000000009ab0400 'java/lang/invoke/LambdaForm$DMH+0x0000000009ab0400'
Event: 13.073 Thread 0x00000178f78b70a0 Unloading class 0x0000000009a8a400 'java/lang/invoke/LambdaForm$MH+0x0000000009a8a400'
Event: 13.073 Thread 0x00000178f78b70a0 Unloading class 0x0000000009a8a000 'java/lang/invoke/LambdaForm$MH+0x0000000009a8a000'
Event: 13.073 Thread 0x00000178f78b70a0 Unloading class 0x0000000009a89400 'java/lang/invoke/LambdaForm$MH+0x0000000009a89400'
Event: 13.073 Thread 0x00000178f78b70a0 Unloading class 0x0000000009a89000 'java/lang/invoke/LambdaForm$MH+0x0000000009a89000'
Event: 13.073 Thread 0x00000178f78b70a0 Unloading class 0x0000000009a88c00 'java/lang/invoke/LambdaForm$MH+0x0000000009a88c00'
Event: 13.073 Thread 0x00000178f78b70a0 Unloading class 0x0000000009a88400 'java/lang/invoke/LambdaForm$MH+0x0000000009a88400'
Event: 13.073 Thread 0x00000178f78b70a0 Unloading class 0x0000000009a88000 'java/lang/invoke/LambdaForm$MH+0x0000000009a88000'
Event: 13.073 Thread 0x00000178f78b70a0 Unloading class 0x0000000009a55400 'java/lang/invoke/LambdaForm$MH+0x0000000009a55400'
Event: 15.103 Thread 0x00000178f78b70a0 Unloading class 0x0000000009c3e000 'java/lang/invoke/LambdaForm$DMH+0x0000000009c3e000'
Event: 15.103 Thread 0x00000178f78b70a0 Unloading class 0x0000000009c3dc00 'java/lang/invoke/LambdaForm$DMH+0x0000000009c3dc00'
Event: 15.103 Thread 0x00000178f78b70a0 Unloading class 0x0000000009c3d800 'java/lang/invoke/LambdaForm$DMH+0x0000000009c3d800'
Event: 15.103 Thread 0x00000178f78b70a0 Unloading class 0x0000000009c3d400 'java/lang/invoke/LambdaForm$DMH+0x0000000009c3d400'
Event: 15.103 Thread 0x00000178f78b70a0 Unloading class 0x0000000009c3cc00 'java/lang/invoke/LambdaForm$DMH+0x0000000009c3cc00'
Event: 15.103 Thread 0x00000178f78b70a0 Unloading class 0x0000000009c3c400 'java/lang/invoke/LambdaForm$DMH+0x0000000009c3c400'
Event: 15.103 Thread 0x00000178f78b70a0 Unloading class 0x0000000009c3c800 'java/lang/invoke/LambdaForm$DMH+0x0000000009c3c800'

Classes redefined (0 events):
No events

Internal exceptions (20 events):
Event: 17.770 Thread 0x0000017881895a80 Exception <a 'sun/nio/fs/WindowsException'{0x000000009468e1c0}> (0x000000009468e1c0) 
thrown [s\src\hotspot\share\prims\jni.cpp, line 535]
Event: 17.771 Thread 0x0000017881895a80 Exception <a 'sun/nio/fs/WindowsException'{0x00000000946c4740}> (0x00000000946c4740) 
thrown [s\src\hotspot\share\prims\jni.cpp, line 535]
Event: 17.773 Thread 0x0000017881895a80 Exception <a 'sun/nio/fs/WindowsException'{0x00000000946caa30}> (0x00000000946caa30) 
thrown [s\src\hotspot\share\prims\jni.cpp, line 535]
Event: 17.775 Thread 0x0000017881895a80 Exception <a 'sun/nio/fs/WindowsException'{0x000000009457dfd8}> (0x000000009457dfd8) 
thrown [s\src\hotspot\share\prims\jni.cpp, line 535]
Event: 17.788 Thread 0x0000017881895a80 Exception <a 'sun/nio/fs/WindowsException'{0x000000009434e2f8}> (0x000000009434e2f8) 
thrown [s\src\hotspot\share\prims\jni.cpp, line 535]
Event: 17.792 Thread 0x0000017881895a80 Exception <a 'sun/nio/fs/WindowsException'{0x0000000094203af8}> (0x0000000094203af8) 
thrown [s\src\hotspot\share\prims\jni.cpp, line 535]
Event: 17.793 Thread 0x0000017881895a80 Exception <a 'sun/nio/fs/WindowsException'{0x0000000094284ca8}> (0x0000000094284ca8) 
thrown [s\src\hotspot\share\prims\jni.cpp, line 535]
Event: 17.795 Thread 0x0000017881895a80 Exception <a 'sun/nio/fs/WindowsException'{0x000000009428d5e0}> (0x000000009428d5e0) 
thrown [s\src\hotspot\share\prims\jni.cpp, line 535]
Event: 17.798 Thread 0x0000017881895a80 Exception <a 'sun/nio/fs/WindowsException'{0x0000000094102d00}> (0x0000000094102d00) 
thrown [s\src\hotspot\share\prims\jni.cpp, line 535]
Event: 17.800 Thread 0x0000017881895a80 Exception <a 'sun/nio/fs/WindowsException'{0x00000000941098c8}> (0x00000000941098c8) 
thrown [s\src\hotspot\share\prims\jni.cpp, line 535]
Event: 17.809 Thread 0x0000017881895a80 Exception <a 'sun/nio/fs/WindowsException'{0x0000000093f02100}> (0x0000000093f02100) 
thrown [s\src\hotspot\share\prims\jni.cpp, line 535]
Event: 17.812 Thread 0x0000017881895a80 Exception <a 'sun/nio/fs/WindowsException'{0x0000000093f078c0}> (0x0000000093f078c0) 
thrown [s\src\hotspot\share\prims\jni.cpp, line 535]
Event: 17.815 Thread 0x0000017881895a80 Exception <a 'sun/nio/fs/WindowsException'{0x0000000093f58b20}> (0x0000000093f58b20) 
thrown [s\src\hotspot\share\prims\jni.cpp, line 535]
Event: 17.817 Thread 0x0000017881895a80 Exception <a 'sun/nio/fs/WindowsException'{0x0000000093e08b70}> (0x0000000093e08b70) 
thrown [s\src\hotspot\share\prims\jni.cpp, line 535]
Event: 17.820 Thread 0x0000017881895a80 Exception <a 'sun/nio/fs/WindowsException'{0x0000000093eae020}> (0x0000000093eae020) 
thrown [s\src\hotspot\share\prims\jni.cpp, line 535]
Event: 17.821 Thread 0x0000017881895a80 Exception <a 'sun/nio/fs/WindowsException'{0x0000000093d01218}> (0x0000000093d01218) 
thrown [s\src\hotspot\share\prims\jni.cpp, line 535]
Event: 17.824 Thread 0x0000017881895a80 Exception <a 'sun/nio/fs/WindowsException'{0x0000000093d57870}> (0x0000000093d57870) 
thrown [s\src\hotspot\share\prims\jni.cpp, line 535]
Event: 17.825 Thread 0x0000017881895a80 Exception <a 'sun/nio/fs/WindowsException'{0x0000000093d5dcc0}> (0x0000000093d5dcc0) 
thrown [s\src\hotspot\share\prims\jni.cpp, line 535]
Event: 17.827 Thread 0x0000017881895a80 Exception <a 'java/lang/IncompatibleClassChangeError'{0x0000000093d84918}: Found class java.lang.Object, but interface was expected> (0x0000000093d84918) 
thrown [s\src\hotspot\share\interpreter\linkResolver.cpp, line 882]
Event: 17.829 Thread 0x0000017881895a80 Exception <a 'sun/nio/fs/WindowsException'{0x0000000093dc7f28}> (0x0000000093dc7f28) 
thrown [s\src\hotspot\share\prims\jni.cpp, line 535]

VM Operations (20 events):
Event: 16.121 Executing non-safepoint VM operation: HandshakeAllThreads (Deoptimize) done
Event: 16.226 Executing safepoint VM operation: G1PauseRemark
Event: 16.232 Executing safepoint VM operation: G1PauseRemark done
Event: 16.311 Executing safepoint VM operation: G1PauseCleanup
Event: 16.311 Executing safepoint VM operation: G1PauseCleanup done
Event: 16.449 Executing non-safepoint VM operation: HandshakeAllThreads (Deoptimize)
Event: 16.449 Executing non-safepoint VM operation: HandshakeAllThreads (Deoptimize) done
Event: 16.560 Executing safepoint VM operation: G1CollectForAllocation (G1 Evacuation Pause)
Event: 16.581 Executing safepoint VM operation: G1CollectForAllocation (G1 Evacuation Pause) done
Event: 16.973 Executing non-safepoint VM operation: HandshakeAllThreads (Deoptimize)
Event: 16.973 Executing non-safepoint VM operation: HandshakeAllThreads (Deoptimize) done
Event: 16.975 Executing non-safepoint VM operation: HandshakeAllThreads (Deoptimize)
Event: 16.975 Executing non-safepoint VM operation: HandshakeAllThreads (Deoptimize) done
Event: 17.076 Executing safepoint VM operation: G1CollectForAllocation (G1 Evacuation Pause)
Event: 17.106 Executing safepoint VM operation: G1CollectForAllocation (G1 Evacuation Pause) done
Event: 17.210 Executing non-safepoint VM operation: HandshakeAllThreads (Deoptimize)
Event: 17.210 Executing non-safepoint VM operation: HandshakeAllThreads (Deoptimize) done
Event: 17.248 Executing non-safepoint VM operation: HandshakeAllThreads (Deoptimize)
Event: 17.249 Executing non-safepoint VM operation: HandshakeAllThreads (Deoptimize) done
Event: 17.830 Executing safepoint VM operation: G1CollectForAllocation (G1 Evacuation Pause)

Memory protections (0 events):
No events

Nmethod flushes (20 events):
Event: 16.230 Thread 0x00000178f78b70a0 flushing  nmethod 0x00000178e30c8c88
Event: 16.230 Thread 0x00000178f78b70a0 flushing  nmethod 0x00000178e30c9588
Event: 16.230 Thread 0x00000178f78b70a0 flushing  nmethod 0x00000178e34c0f08
Event: 16.230 Thread 0x00000178f78b70a0 flushing  nmethod 0x00000178e34c7108
Event: 16.230 Thread 0x00000178f78b70a0 flushing  nmethod 0x00000178e36dce88
Event: 16.230 Thread 0x00000178f78b70a0 flushing  nmethod 0x00000178e36dd488
Event: 16.230 Thread 0x00000178f78b70a0 flushing  nmethod 0x00000178e36ddc08
Event: 16.230 Thread 0x00000178f78b70a0 flushing  nmethod 0x00000178e36df308
Event: 16.230 Thread 0x00000178f78b70a0 flushing  nmethod 0x00000178e36df608
Event: 16.230 Thread 0x00000178f78b70a0 flushing  nmethod 0x00000178e3725988
Event: 16.230 Thread 0x00000178f78b70a0 flushing  nmethod 0x00000178e3726188
Event: 16.230 Thread 0x00000178f78b70a0 flushing  nmethod 0x00000178e3727208
Event: 16.230 Thread 0x00000178f78b70a0 flushing  nmethod 0x00000178e3727608
Event: 16.230 Thread 0x00000178f78b70a0 flushing  nmethod 0x00000178e3727988
Event: 16.230 Thread 0x00000178f78b70a0 flushing  nmethod 0x00000178e3728f88
Event: 16.230 Thread 0x00000178f78b70a0 flushing  nmethod 0x00000178e3729288
Event: 16.230 Thread 0x00000178f78b70a0 flushing  nmethod 0x00000178e372bf08
Event: 16.230 Thread 0x00000178f78b70a0 flushing  nmethod 0x00000178e372c288
Event: 16.230 Thread 0x00000178f78b70a0 flushing  nmethod 0x00000178e372d688
Event: 16.230 Thread 0x00000178f78b70a0 flushing  nmethod 0x00000178e3853b08

Events (20 events):
Event: 14.118 Thread 0x0000017880b06e20 Thread added: 0x0000017881895a80
Event: 14.133 Thread 0x000001788041daa0 Thread added: 0x0000017881898190
Event: 16.899 Thread 0x0000017880a360b0 Thread added: 0x00000178814bfb80
Event: 17.218 Thread 0x00000178814bfb80 Thread added: 0x00000178814c49a0
Event: 17.346 Thread 0x0000017881898190 Thread added: 0x00000178814c1ac0
Event: 17.347 Thread 0x0000017881898190 Thread added: 0x00000178814c8ff0
Event: 17.347 Thread 0x00000178814c1ac0 Thread added: 0x00000178814c97c0
Event: 17.347 Thread 0x0000017881898190 Thread added: 0x00000178814c8820
Event: 17.347 Thread 0x00000178814c8ff0 Thread added: 0x00000178814c8050
Event: 17.348 Thread 0x00000178814c97c0 Thread added: 0x00000178814c9f90
Event: 17.348 Thread 0x0000017881898190 Thread added: 0x00000178814caf30
Event: 17.348 Thread 0x00000178814c9f90 Thread added: 0x00000178814cbed0
Event: 17.349 Thread 0x0000017881898190 Thread added: 0x00000178814cc6a0
Event: 17.349 Thread 0x00000178814c8050 Thread added: 0x000001788041d2d0
Event: 17.349 Thread 0x0000017881898190 Thread added: 0x00000178882ab710
Event: 17.349 Thread 0x0000017881898190 Thread added: 0x00000178882a8060
Event: 17.349 Thread 0x00000178814cc6a0 Thread added: 0x00000178882a97d0
Event: 17.349 Thread 0x0000017881898190 Thread added: 0x00000178882ac6b0
Event: 17.350 Thread 0x00000178882ab710 Thread added: 0x00000178882aaf40
Event: 17.350 Thread 0x0000017881898190 Thread added: 0x00000178882ace80


Dynamic libraries:
0x00007ff78bb40000 - 0x00007ff78bb4a000 	E:\Android\AndroidStudio\jbr\bin\java.exe
0x00007fff94500000 - 0x00007fff94767000 	C:\WINDOWS\SYSTEM32\ntdll.dll
0x00007fff93ab0000 - 0x00007fff93b7b000 	C:\WINDOWS\System32\KERNEL32.DLL
0x00007fff91700000 - 0x00007fff91b02000 	C:\WINDOWS\System32\KERNELBASE.dll
0x00007fff91c60000 - 0x00007fff91dac000 	C:\WINDOWS\System32\ucrtbase.dll
0x00007fff837d0000 - 0x00007fff837eb000 	E:\Android\AndroidStudio\jbr\bin\VCRUNTIME140.dll
0x00007fff82010000 - 0x00007fff82026000 	E:\Android\AndroidStudio\jbr\bin\jli.dll
0x00007fff93d50000 - 0x00007fff93f1f000 	C:\WINDOWS\System32\USER32.dll
0x00007fff91dc0000 - 0x00007fff91de7000 	C:\WINDOWS\System32\win32u.dll
0x00007fff77b90000 - 0x00007fff77e20000 	C:\WINDOWS\WinSxS\amd64_microsoft.windows.common-controls_6595b64144ccf1df_6.0.26100.9278_none_3e0d1ba8e3303201\COMCTL32.dll
0x00007fff94490000 - 0x00007fff944bb000 	C:\WINDOWS\System32\GDI32.dll
0x00007fff924a0000 - 0x00007fff92549000 	C:\WINDOWS\System32\msvcrt.dll
0x00007fff920f0000 - 0x00007fff92219000 	C:\WINDOWS\System32\gdi32full.dll
0x00007fff91df0000 - 0x00007fff91e93000 	C:\WINDOWS\System32\msvcp_win.dll
0x00007fff93b80000 - 0x00007fff93bb1000 	C:\WINDOWS\System32\IMM32.DLL
0x00007fff8dc00000 - 0x00007fff8dc0c000 	E:\Android\AndroidStudio\jbr\bin\vcruntime140_1.dll
0x00007fff132e0000 - 0x00007fff1336d000 	E:\Android\AndroidStudio\jbr\bin\msvcp140.dll
0x00007ffec1350000 - 0x00007ffec222a000 	E:\Android\AndroidStudio\jbr\bin\server\jvm.dll
0x00007fff92550000 - 0x00007fff9260c000 	C:\WINDOWS\System32\ADVAPI32.dll
0x00007fff923f0000 - 0x00007fff92499000 	C:\WINDOWS\System32\sechost.dll
0x00007fff933f0000 - 0x00007fff93508000 	C:\WINDOWS\System32\RPCRT4.dll
0x00007fff92bc0000 - 0x00007fff92c40000 	C:\WINDOWS\System32\WS2_32.dll
0x00007fff90fb0000 - 0x00007fff9100e000 	C:\WINDOWS\SYSTEM32\POWRPROF.dll
0x00007fff82790000 - 0x00007fff827c6000 	C:\WINDOWS\SYSTEM32\WINMM.dll
0x00007fff88a20000 - 0x00007fff88a2b000 	C:\WINDOWS\SYSTEM32\VERSION.dll
0x00007fff90f50000 - 0x00007fff90f65000 	C:\WINDOWS\SYSTEM32\UMPDC.dll
0x00007fff903b0000 - 0x00007fff903cb000 	C:\WINDOWS\SYSTEM32\kernel.appcore.dll
0x00007fff8db70000 - 0x00007fff8db7a000 	E:\Android\AndroidStudio\jbr\bin\jimage.dll
0x00007fff8ea00000 - 0x00007fff8ec4c000 	C:\WINDOWS\SYSTEM32\DBGHELP.DLL
0x00007fff93720000 - 0x00007fff93aa5000 	C:\WINDOWS\System32\combase.dll
0x00007fff92280000 - 0x00007fff92359000 	C:\WINDOWS\System32\OLEAUT32.dll
0x00007fff7a820000 - 0x00007fff7a85b000 	C:\WINDOWS\SYSTEM32\dbgcore.DLL
0x00007fff91ea0000 - 0x00007fff91f4c000 	C:\WINDOWS\System32\bcryptPrimitives.dll
0x00007fff81f80000 - 0x00007fff81f8e000 	E:\Android\AndroidStudio\jbr\bin\instrument.dll
0x00007fff81b20000 - 0x00007fff81b3f000 	E:\Android\AndroidStudio\jbr\bin\java.dll
0x00007fff93580000 - 0x00007fff9371a000 	C:\WINDOWS\System32\ole32.dll
0x00007fff92c50000 - 0x00007fff933e8000 	C:\WINDOWS\System32\SHELL32.dll
0x00007fff81b00000 - 0x00007fff81b17000 	E:\Android\AndroidStudio\jbr\bin\zip.dll
0x00007fff8f140000 - 0x00007fff8f9ee000 	C:\WINDOWS\SYSTEM32\windows.storage.dll
0x00007fff93f30000 - 0x00007fff9402b000 	C:\WINDOWS\System32\SHCORE.dll
0x00007fff93510000 - 0x00007fff93576000 	C:\WINDOWS\System32\shlwapi.dll
0x00007fff91620000 - 0x00007fff91649000 	C:\WINDOWS\SYSTEM32\profapi.dll
0x00007fff81af0000 - 0x00007fff81b00000 	E:\Android\AndroidStudio\jbr\bin\net.dll
0x00007fff90990000 - 0x00007fff909fc000 	C:\WINDOWS\system32\mswsock.dll
0x00007fff818f0000 - 0x00007fff81906000 	E:\Android\AndroidStudio\jbr\bin\nio.dll
0x00007fff70cc0000 - 0x00007fff70cd0000 	E:\Android\AndroidStudio\jbr\bin\verify.dll
0x00007fff55c50000 - 0x00007fff55c77000 	C:\Users\Lenovo\.gradle\native\660c5614fbf4a5f2a75b1949f50a0caf5cd603558e7d8a26e50b933a0cfb79d1\windows-amd64\native-platform.dll
0x00007fff1d6b0000 - 0x00007fff1d727000 	C:\Users\Lenovo\.gradle\native\0.2.8\x86_64-windows-gnu\gradle-fileevents.dll
0x00007fff722b0000 - 0x00007fff722b9000 	E:\Android\AndroidStudio\jbr\bin\management.dll
0x00007fff722a0000 - 0x00007fff722ab000 	E:\Android\AndroidStudio\jbr\bin\management_ext.dll
0x00007fff94120000 - 0x00007fff94128000 	C:\WINDOWS\System32\PSAPI.DLL
0x00007fff8fd40000 - 0x00007fff8fd73000 	C:\WINDOWS\SYSTEM32\IPHLPAPI.DLL
0x00007fff92bb0000 - 0x00007fff92bba000 	C:\WINDOWS\System32\NSI.dll
0x00007fff81850000 - 0x00007fff81859000 	E:\Android\AndroidStudio\jbr\bin\extnet.dll
0x00007fff90c80000 - 0x00007fff90c9b000 	C:\WINDOWS\SYSTEM32\CRYPTSP.dll
0x00007fff90300000 - 0x00007fff90339000 	C:\WINDOWS\system32\rsaenh.dll
0x00007fff90a40000 - 0x00007fff90a74000 	C:\WINDOWS\SYSTEM32\USERENV.dll
0x00007fff915f0000 - 0x00007fff9161a000 	C:\WINDOWS\SYSTEM32\bcrypt.dll
0x00007fff90ca0000 - 0x00007fff90cac000 	C:\WINDOWS\SYSTEM32\CRYPTBASE.dll
0x00007fff648c0000 - 0x00007fff648c8000 	C:\WINDOWS\system32\wshunix.dll

JVMTI agents:
C:\Users\Lenovo\.gradle\wrapper\dists\gradle-9.5.0-bin\bvnork1r7n8i6kp5cnkibsc9q\gradle-9.5.0\lib\agents\gradle-instrumentation-agent-9.5.0.jar path:E:\Android\AndroidStudio\jbr\bin\instrument.dll, loaded, initialized, instrumentlib options:none

dbghelp: loaded successfully - version: 4.0.5 - missing functions: none
symbol engine: initialized successfully - sym options: 0x614 - pdb path: .;E:\Android\AndroidStudio\jbr\bin;C:\WINDOWS\SYSTEM32;C:\WINDOWS\WinSxS\amd64_microsoft.windows.common-controls_6595b64144ccf1df_6.0.26100.9278_none_3e0d1ba8e3303201;E:\Android\AndroidStudio\jbr\bin\server;C:\Users\Lenovo\.gradle\native\660c5614fbf4a5f2a75b1949f50a0caf5cd603558e7d8a26e50b933a0cfb79d1\windows-amd64;C:\Users\Lenovo\.gradle\native\0.2.8\x86_64-windows-gnu

VM Arguments:
jvm_args: --add-opens=java.base/java.lang=ALL-UNNAMED --add-opens=java.base/java.lang.invoke=ALL-UNNAMED --add-opens=java.base/java.util=ALL-UNNAMED --add-opens=java.prefs/java.util.prefs=ALL-UNNAMED --add-exports=jdk.compiler/com.sun.tools.javac.api=ALL-UNNAMED --add-exports=jdk.compiler/com.sun.tools.javac.util=ALL-UNNAMED --add-opens=java.base/java.nio.charset=ALL-UNNAMED --add-opens=java.base/java.net=ALL-UNNAMED --add-opens=java.base/java.util.concurrent=ALL-UNNAMED --add-opens=java.base/java.util.concurrent.atomic=ALL-UNNAMED --add-opens=java.xml/javax.xml.namespace=ALL-UNNAMED --add-opens=java.base/java.time=ALL-UNNAMED --enable-native-access=ALL-UNNAMED -Xmx2048m -Dfile.encoding=UTF-8 -Duser.country=ID -Duser.language=en -Duser.variant -javaagent:C:\Users\Lenovo\.gradle\wrapper\dists\gradle-9.5.0-bin\bvnork1r7n8i6kp5cnkibsc9q\gradle-9.5.0\lib\agents\gradle-instrumentation-agent-9.5.0.jar 
java_command: org.gradle.launcher.daemon.bootstrap.GradleDaemon 9.5.0
java_class_path (initial): C:\Users\Lenovo\.gradle\wrapper\dists\gradle-9.5.0-bin\bvnork1r7n8i6kp5cnkibsc9q\gradle-9.5.0\lib\gradle-daemon-main-9.5.0.jar
Launcher Type: SUN_STANDARD

[Global flags]
     intx CICompilerCount                          = 12                                        {product} {ergonomic}
     uint ConcGCThreads                            = 3                                         {product} {ergonomic}
     uint G1ConcRefinementThreads                  = 13                                        {product} {ergonomic}
   size_t G1HeapRegionSize                         = 1048576                                   {product} {ergonomic}
   size_t InitialHeapSize                          = 130023424                                 {product} {ergonomic}
   size_t MarkStackSize                            = 4194304                                   {product} {ergonomic}
   size_t MarkStackSizeMax                         = 536870912                                 {product} {ergonomic}
   size_t MaxHeapSize                              = 2147483648                                {product} {command line}
   size_t MaxNewSize                               = 1287651328                                {product} {ergonomic}
   size_t MinHeapDeltaBytes                        = 1048576                                   {product} {ergonomic}
   size_t MinHeapSize                              = 8388608                                   {product} {ergonomic}
    uintx NonNMethodCodeHeapSize                   = 7602176                                {pd product} {ergonomic}
    uintx NonProfiledCodeHeapSize                  = 122093568                              {pd product} {ergonomic}
    uintx ProfiledCodeHeapSize                     = 121962496                              {pd product} {ergonomic}
    uintx ReservedCodeCacheSize                    = 251658240                              {pd product} {ergonomic}
     bool SegmentedCodeCache                       = true                                      {product} {ergonomic}
   size_t SoftMaxHeapSize                          = 2147483648                             {manageable} {ergonomic}
     bool UseCompressedOops                        = true                           {product lp64_product} {ergonomic}
     bool UseG1GC                                  = true                                      {product} {ergonomic}
     bool UseLargePagesIndividualAllocation        = false                                  {pd product} {ergonomic}

Logging:
Log output configuration:
 #0: stdout all=warning uptime,level,tags foldmultilines=false
 #1: stderr all=off uptime,level,tags foldmultilines=false

Release file:
JAVA_VERSION="25.0.2" 
MODULES="java.base java.compiler java.datatransfer java.xml java.prefs java.desktop java.instrument java.logging java.management java.security.sasl java.naming java.rmi java.management.rmi java.net.http java.scripting java.security.jgss java.transaction.xa java.sql java.sql.rowset java.xml.crypto java.se java.smartcardio jdk.accessibility jdk.internal.jvmstat jdk.attach jdk.charsets jdk.internal.opt jdk.zipfs jdk.compiler jdk.crypto.cryptoki jdk.crypto.ec jdk.dynalink jdk.hotspot.agent jdk.httpserver jdk.internal.ed jdk.internal.le jdk.internal.md jdk.internal.vm.ci jdk.jartool jdk.javadoc jdk.jcmd jdk.jdeps jdk.jdwp.agent jdk.jdi jdk.jfr jdk.jlink jdk.localedata jdk.management jdk.management.agent jdk.management.jfr jdk.naming.dns jdk.naming.rmi jdk.net jdk.sctp jdk.security.auth jdk.security.jgss jdk.unsupported jdk.unsupported.desktop jdk.xml.dom" 
IMPLEMENTOR="JetBrains s.r.o." 
JAVA_RUNTIME_VERSION="25.0.2+-15348964-b329.117" 
LIBC="default" 
OS_ARCH="x86_64" 
OS_NAME="Windows" 
SOURCE=".:git:3cf398e84a39" 

Environment Variables:
JAVA_HOME=C:\Program Files\Eclipse Adoptium\jdk-21.0.12.101-hotspot
PATH=C:\Program Files\Eclipse Adoptium\jdk-21.0.12.101-hotspot\bin;C:\Users\Lenovo\.config\herd\bin\nvm;C:\oraclexe\app\oracle\product\10.2.0\server\bin;C:\Windows\system32;C:\Windows;C:\Windows\System32\Wbem;C:\Windows\System32\WindowsPowerShell\v1.0\;C:\Windows\System32\OpenSSH\;C:\Program Files (x86)\NVIDIA Corporation\PhysX\Common;C:\Program Files\NVIDIA Corporation\NVIDIA NvDLISR;C:\Program Files\Git\cmd;C:\ProgramData\ComposerSetup\bin;C:\WINDOWS\system32;C:\WINDOWS;C:\WINDOWS\System32\Wbem;C:\WINDOWS\System32\WindowsPowerShell\v1.0\;C:\WINDOWS\System32\OpenSSH\;C:\Program Files\nodejs;E:\Android\Sdk\platform-tools;E:\Android\Sdk\cmdline-tools\latest\bin;E:\src\flutter\bin;C:\Users\Lenovo\.config\herd\bin;C:\Users\Lenovo\AppData\Local\Programs\Python\Python313\Scripts\;C:\Users\Lenovo\AppData\Local\Programs\Python\Python313\;C:\Users\Lenovo\AppData\Local\Programs\Python\Python38\Scripts\;C:\Users\Lenovo\AppData\Local\Programs\Python\Python38\;C:\Users\Lenovo\AppData\Local\Programs\Python\Launcher\;C:\Users\Lenovo\AppData\Local\Microsoft\WindowsApps;C:\Users\Lenovo\AppData\Local\Programs\Microsoft VS Code\bin;C:\Users\Lenovo\AppData\Roaming\Composer\vendor\bin;E:\apache-maven-3.9.10\bin;C:\Users\Lenovo\AppData\Local\Microsoft\WindowsApps;C:\Program Files\JetBrains\IntelliJ IDEA 2025.2.1\bin;C:\Users\Lenovo\AppData\Local\Programs\Ollama;E:\Ollama;C:\Users\Lenovo\AppData\Local\spicetify;;C:\Users\Lenovo\AppData\Local\Programs\DockerDesktop\resources\bin;E:\Antigravity IDE\bin
USERNAME=Lenovo
OS=Windows_NT
PROCESSOR_IDENTIFIER=Intel64 Family 6 Model 186 Stepping 2, GenuineIntel
TMP=C:\Users\Lenovo\AppData\Local\Temp
TEMP=C:\Users\Lenovo\AppData\Local\Temp




Compilation memory statistics disabled.

Periodic native trim disabled

JNI global refs:
JNI global refs: 31, weak refs: 164

JNI global refs memory usage: 835, weak refs: 2729

Process memory usage:
Resident Set Size: 684028K (8% of 8106040K total physical memory with 181960K free physical memory)

OOME stack traces (most recent first):
Classloader memory used:
Loader org.gradle.internal.classloader.VisitableURLClassLoader                         : 40328 K
Loader org.gradle.internal.classloader.VisitableURLClassLoader$InstrumentingVisitableURLClassLoader: 26006 K
Loader bootstrap                                                                       : 25996 K
Loader org.gradle.initialization.MixInLegacyTypesClassLoader                           : 9243 K
Loader jdk.internal.loader.ClassLoaders$AppClassLoader                                 : 188 K
Loader jdk.internal.loader.ClassLoaders$PlatformClassLoader                            : 162 K

Classes loaded by more than one classloader:
Class com.google.common.collect.RegularImmutableMap$KeySet                            : loaded 2 times (x 154B)
Class com.google.common.base.PairwiseEquivalence                                      : loaded 2 times (x 85B)
Class com.google.common.base.Equivalence$Identity                                     : loaded 2 times (x 84B)
Class org.gradle.internal.classloader.FilteringClassLoader                            : loaded 2 times (x 106B)
Class [Lcom.google.common.base.AbstractIterator$State;                                : loaded 2 times (x 71B)
Class com.google.common.base.CharMatcher$IsEither                                     : loaded 2 times (x 113B)
Class org.gradle.internal.classloader.ClassLoaderHierarchy                            : loaded 2 times (x 72B)
Class com.google.common.collect.ImmutableList$1                                       : loaded 2 times (x 99B)
Class com.google.common.collect.ImmutableEnumSet                                      : loaded 2 times (x 148B)
Class com.google.common.util.concurrent.ExecutionError                                : loaded 2 times (x 84B)
Class com.google.common.collect.AbstractMapBasedMultimap$WrappedCollection            : loaded 2 times (x 126B)
Class com.google.common.collect.RegularImmutableMap                                   : loaded 2 times (x 122B)
Class com.google.common.collect.ImmutableMap$MapViewOfValuesAsSingletonSets           : loaded 2 times (x 128B)
Class com.google.common.collect.UnmodifiableListIterator                              : loaded 2 times (x 97B)
Class com.google.common.base.Platform$JdkPatternCompiler                              : loaded 2 times (x 77B)
Class [Lcom.google.common.cache.CacheBuilder$OneWeigher;                              : loaded 2 times (x 71B)
Class com.google.common.base.Suppliers                                                : loaded 2 times (x 73B)
Class org.gradle.internal.classloader.DefaultClassLoaderFactory                       : loaded 2 times (x 84B)
Class com.google.common.base.CharMatcher$None                                         : loaded 2 times (x 114B)
Class [Lcom.google.common.collect.ImmutableMapEntry;                                  : loaded 2 times (x 71B)
Class com.google.common.collect.ImmutableEnumMap                                      : loaded 2 times (x 128B)
Class com.google.common.collect.ListMultimap                                          : loaded 2 times (x 72B)
Class com.google.common.collect.Sets$1                                                : loaded 2 times (x 143B)
Class com.google.common.base.Splitter                                                 : loaded 2 times (x 74B)
Class com.google.common.collect.ImmutableSet$SerializedForm                           : loaded 2 times (x 75B)
Class org.gradle.api.internal.DefaultClassPathProvider                                : loaded 2 times (x 78B)
Class com.google.common.collect.Maps$ViewCachingAbstractMap                           : loaded 2 times (x 127B)
Class com.google.common.collect.Sets$2                                                : loaded 2 times (x 143B)
Class [Lorg.gradle.api.internal.ClassPathProvider;                                    : loaded 2 times (x 71B)
Class org.gradle.api.internal.ClassPathProvider                                       : loaded 2 times (x 72B)
Class com.google.common.collect.Sets$3                                                : loaded 2 times (x 143B)
Class com.google.common.base.AbstractIterator$State                                   : loaded 2 times (x 81B)
Class com.google.common.cache.LocalCache$LocalLoadingCache                            : loaded 2 times (x 136B)
Class org.gradle.internal.service.UnknownServiceException                             : loaded 2 times (x 85B)
Class com.google.common.collect.Sets$4                                                : loaded 2 times (x 143B)
Class com.google.common.cache.LocalCache$Strength$1                                   : loaded 2 times (x 83B)
Class com.google.common.cache.LocalCache$Strength$2                                   : loaded 2 times (x 83B)
Class com.google.common.collect.TransformedIterator                                   : loaded 2 times (x 82B)
Class com.google.common.base.Splitter$1                                               : loaded 2 times (x 79B)
Class com.google.common.cache.LocalCache$Strength$3                                   : loaded 2 times (x 83B)
Class com.google.common.collect.MapDifference                                         : loaded 2 times (x 72B)
Class com.google.common.cache.CacheBuilder$NullListener                               : loaded 2 times (x 84B)
Class org.gradle.internal.classpath.TransformedClassPath                              : loaded 2 times (x 98B)
Class org.gradle.internal.classloader.InstrumentingClassLoader                        : loaded 2 times (x 72B)
Class com.google.common.cache.CacheLoader$FunctionToCacheLoader                       : loaded 2 times (x 77B)
Class com.google.common.collect.Iterators$ArrayItr                                    : loaded 2 times (x 99B)
Class com.google.common.collect.ImmutableCollection$Builder                           : loaded 2 times (x 78B)
Class com.google.common.base.Joiner                                                   : loaded 2 times (x 82B)
Class com.google.common.base.MoreObjects                                              : loaded 2 times (x 73B)
Class com.google.common.collect.Platform                                              : loaded 2 times (x 73B)
Class com.google.common.collect.UnmodifiableIterator                                  : loaded 2 times (x 82B)
Class org.gradle.internal.service.ServiceLocator                                      : loaded 2 times (x 72B)
Class com.google.common.cache.LocalCache$1                                            : loaded 2 times (x 91B)
Class com.google.common.collect.Iterators$SingletonIterator                           : loaded 2 times (x 83B)
Class com.google.common.collect.AbstractMapEntry                                      : loaded 2 times (x 83B)
Class com.google.common.collect.Sets$ImprovedAbstractSet                              : loaded 2 times (x 137B)
Class com.google.common.cache.LocalCache$2                                            : loaded 2 times (x 144B)
Class com.google.common.collect.AbstractMultimap                                      : loaded 2 times (x 125B)
Class com.google.common.collect.RegularImmutableAsList                                : loaded 2 times (x 219B)
Class com.google.common.collect.Iterators                                             : loaded 2 times (x 73B)
Class com.google.common.collect.Lists$StringAsImmutableList                           : loaded 2 times (x 209B)
Class com.google.common.util.concurrent.UncheckedExecutionException                   : loaded 2 times (x 84B)
Class com.google.common.base.CharMatcher$And                                          : loaded 2 times (x 114B)
Class com.google.common.cache.CacheLoader$UnsupportedLoadingOperationException        : loaded 2 times (x 84B)
Class com.google.common.collect.IndexedImmutableSet                                   : loaded 2 times (x 154B)
Class com.google.common.collect.ImmutableMap$1                                        : loaded 2 times (x 83B)
Class com.google.common.collect.BiMap                                                 : loaded 2 times (x 72B)
Class org.gradle.api.internal.classpath.DefaultModuleRegistry$DefaultModule           : loaded 2 times (x 84B)
Class com.google.common.collect.AbstractIterator                                      : loaded 2 times (x 84B)
Class com.google.common.math.MathPreconditions                                        : loaded 2 times (x 73B)
Class com.google.common.collect.ObjectArrays                                          : loaded 2 times (x 73B)
Class com.google.common.collect.AbstractIndexedListIterator                           : loaded 2 times (x 98B)
Class com.google.common.collect.ArrayListMultimapGwtSerializationDependencies         : loaded 2 times (x 173B)
Class com.google.common.collect.Multiset                                              : loaded 2 times (x 72B)
Class com.google.common.collect.ImmutableMapEntrySet                                  : loaded 2 times (x 154B)
Class org.gradle.api.internal.classpath.Module                                        : loaded 2 times (x 72B)
Class com.google.common.cache.Weigher                                                 : loaded 2 times (x 72B)
Class org.gradle.api.internal.classpath.UnknownModuleException                        : loaded 2 times (x 84B)
Class com.google.common.cache.LocalCache$Strength                                     : loaded 2 times (x 83B)
Class com.google.common.cache.Cache                                                   : loaded 2 times (x 72B)
Class com.google.common.collect.ImmutableMap$Builder                                  : loaded 2 times (x 84B)
Class com.google.common.base.NullnessCasts                                            : loaded 2 times (x 73B)
Class com.google.common.cache.RemovalListener                                         : loaded 2 times (x 72B)
Class org.gradle.api.internal.DefaultClassPathRegistry                                : loaded 2 times (x 78B)
Class com.google.common.collect.Multimap                                              : loaded 2 times (x 72B)
Class org.gradle.internal.classpath.DefaultClassPath$ImmutableUniqueList              : loaded 2 times (x 201B)
Class org.gradle.api.internal.ClassPathRegistry                                       : loaded 2 times (x 72B)
Class com.google.common.collect.SingletonImmutableList                                : loaded 2 times (x 209B)
Class com.google.common.cache.CacheBuilder                                            : loaded 2 times (x 74B)
Class org.gradle.internal.classpath.ClassPath                                         : loaded 2 times (x 72B)
Class com.google.common.collect.ImmutableList$ReverseImmutableList                    : loaded 2 times (x 211B)
Class com.google.common.base.JdkPattern                                               : loaded 2 times (x 77B)
Class org.gradle.api.internal.classpath.DefaultModuleRegistry$DefaultModuleAlias      : loaded 2 times (x 82B)
Class com.google.common.base.Suppliers$SupplierOfInstance                             : loaded 2 times (x 81B)
Class com.google.common.collect.Iterators$1                                           : loaded 2 times (x 83B)
Class com.google.common.cache.LocalCache$ComputingValueReference                      : loaded 2 times (x 98B)
Class com.google.common.collect.ImmutableMap$IteratorBasedImmutableMap                : loaded 2 times (x 128B)
Class com.google.common.collect.SingletonImmutableSet                                 : loaded 2 times (x 148B)
Class com.google.common.cache.LocalCache$Segment                                      : loaded 2 times (x 155B)
Class com.google.common.collect.ImmutableBiMap                                        : loaded 2 times (x 145B)
Class com.google.common.cache.CacheLoader                                             : loaded 2 times (x 76B)
Class com.google.common.collect.Iterators$4                                           : loaded 2 times (x 84B)
Class com.google.common.collect.AbstractListMultimap                                  : loaded 2 times (x 173B)
Class org.gradle.api.internal.classpath.ModuleRegistry                                : loaded 2 times (x 72B)
Class org.gradle.internal.installation.GradleInstallation$1                           : loaded 2 times (x 77B)
Class com.google.common.collect.ImmutableSet$JdkBackedSetBuilderImpl                  : loaded 2 times (x 78B)
Class com.google.common.base.Splitter$SplittingIterator                               : loaded 2 times (x 85B)
Class com.google.common.collect.Iterators$5                                           : loaded 2 times (x 84B)
Class com.google.common.base.CharMatcher$ForPredicate                                 : loaded 2 times (x 114B)
Class com.google.common.cache.LocalCache$LocalManualCache$1                           : loaded 2 times (x 77B)
Class com.google.common.base.CharMatcher$AnyOf                                        : loaded 2 times (x 114B)
Class com.google.common.collect.ImmutableCollection                                   : loaded 2 times (x 127B)
Class org.gradle.api.internal.classpath.DefaultModuleRegistry                         : loaded 2 times (x 86B)
Class com.google.common.collect.Lists                                                 : loaded 2 times (x 73B)
Class com.google.common.cache.ReferenceEntry                                          : loaded 2 times (x 72B)
Class com.google.common.base.Converter                                                : loaded 2 times (x 92B)
Class com.google.common.collect.ImmutableSet$CachingAsList                            : loaded 2 times (x 150B)
Class com.google.common.base.FunctionalEquivalence                                    : loaded 2 times (x 85B)
Class com.google.common.collect.Iterators$9                                           : loaded 2 times (x 83B)
Class com.google.common.collect.AbstractMapBasedMultimap                              : loaded 2 times (x 140B)
Class com.google.common.collect.ImmutableAsList                                       : loaded 2 times (x 211B)
Class com.google.common.cache.CacheLoader$SupplierToCacheLoader                       : loaded 2 times (x 77B)
Class org.gradle.internal.service.ServiceLookupException                              : loaded 2 times (x 84B)
Class [Lcom.google.common.cache.LocalCache$EntryFactory;                              : loaded 2 times (x 71B)
Class org.gradle.internal.classloader.ClassLoaderFactory                              : loaded 2 times (x 72B)
Class com.google.common.base.CharMatcher$IsNot                                        : loaded 2 times (x 113B)
Class com.google.common.base.CommonPattern                                            : loaded 2 times (x 76B)
Class com.google.common.cache.LocalCache$LocalManualCache                             : loaded 2 times (x 101B)
Class org.gradle.internal.service.CachingServiceLocator                               : loaded 2 times (x 84B)
Class com.google.common.math.IntMath                                                  : loaded 2 times (x 73B)
Class com.google.common.collect.ImmutableMapEntry                                     : loaded 2 times (x 87B)
Class com.google.common.collect.ImmutableMapEntry$NonTerminalImmutableMapEntry        : loaded 2 times (x 87B)
Class com.google.common.base.Equivalence                                              : loaded 2 times (x 84B)
Class com.google.common.base.Function                                                 : loaded 2 times (x 72B)
Class com.google.common.collect.RegularImmutableList                                  : loaded 2 times (x 215B)
Class com.google.common.cache.CacheBuilder$OneWeigher                                 : loaded 2 times (x 84B)
Class org.gradle.internal.classloader.ClasspathUtil                                   : loaded 2 times (x 73B)
Class com.google.common.collect.Maps                                                  : loaded 2 times (x 73B)
Class org.gradle.api.specs.Spec                                                       : loaded 2 times (x 72B)
Class [Lcom.google.common.collect.ImmutableEntry;                                     : loaded 2 times (x 71B)
Class com.google.common.cache.LocalCache$LoadingValueReference                        : loaded 2 times (x 98B)
Class com.google.common.base.Platform                                                 : loaded 2 times (x 73B)
Class com.google.common.collect.Maps$8                                                : loaded 2 times (x 84B)
Class com.google.common.collect.Sets$SetView                                          : loaded 2 times (x 141B)
Class org.gradle.internal.classloader.VisitableURLClassLoader$InstrumentingVisitableURLClassLoader: loaded 2 times (x 124B)
Class com.google.common.math.IntMath$1                                                : loaded 2 times (x 73B)
Class [Lcom.google.common.cache.CacheBuilder$NullListener;                            : loaded 2 times (x 71B)
Class org.gradle.internal.classloader.VisitableURLClassLoader$Spec                    : loaded 2 times (x 76B)
Class org.gradle.internal.classpath.DefaultClassPath                                  : loaded 2 times (x 92B)
Class com.google.common.base.AbstractIterator                                         : loaded 2 times (x 82B)
Class com.google.common.io.Closer                                                     : loaded 2 times (x 80B)
Class com.google.common.collect.RegularImmutableMap$Values                            : loaded 2 times (x 209B)
Class com.google.common.base.CharMatcher$BitSetMatcher                                : loaded 2 times (x 114B)
Class com.google.common.collect.ImmutableSet                                          : loaded 2 times (x 147B)
Class org.gradle.internal.classloader.ClassLoaderSpec                                 : loaded 2 times (x 73B)
Class com.google.common.cache.CacheStats                                              : loaded 2 times (x 73B)
Class com.google.common.io.Closer$Suppressor                                          : loaded 2 times (x 72B)
Class com.google.common.base.CharMatcher$Or                                           : loaded 2 times (x 114B)
Class org.gradle.api.internal.classpath.Module$ModuleAlias                            : loaded 2 times (x 72B)
Class com.google.common.base.Supplier                                                 : loaded 2 times (x 72B)
Class org.gradle.internal.classloader.VisitableURLClassLoader                         : loaded 2 times (x 118B)
Class org.gradle.internal.Cast                                                        : loaded 2 times (x 73B)
Class org.gradle.api.Action                                                           : loaded 2 times (x 72B)
Class com.google.common.base.Strings                                                  : loaded 2 times (x 73B)
Class com.google.common.collect.Sets                                                  : loaded 2 times (x 73B)
Class com.google.common.base.CharMatcher$FastMatcher                                  : loaded 2 times (x 113B)
Class com.google.common.base.Ticker                                                   : loaded 2 times (x 74B)
Class [Lcom.google.common.cache.LocalCache$Segment;                                   : loaded 2 times (x 71B)
Class com.google.common.base.Predicate                                                : loaded 2 times (x 72B)
Class [Lcom.google.common.cache.LocalCache$Strength;                                  : loaded 2 times (x 71B)
Class com.google.common.cache.CacheBuilder$1                                          : loaded 2 times (x 87B)
Class com.google.common.collect.ImmutableMap                                          : loaded 2 times (x 122B)
Class org.gradle.internal.classpath.DefaultClassPath$ImmutableUniqueList$Builder      : loaded 2 times (x 77B)
Class com.google.common.base.CharMatcher$NegatedFastMatcher                           : loaded 2 times (x 115B)
Class com.google.common.cache.LocalCache                                              : loaded 2 times (x 188B)
Class com.google.common.cache.CacheBuilder$2                                          : loaded 2 times (x 81B)
Class [Lcom.google.common.collect.AbstractMapEntry;                                   : loaded 2 times (x 71B)
Class com.google.common.collect.ImmutableEntry                                        : loaded 2 times (x 84B)
Class com.google.common.cache.CacheBuilder$3                                          : loaded 2 times (x 74B)
Class com.google.common.collect.ArrayListMultimap                                     : loaded 2 times (x 173B)
Class org.gradle.api.GradleException                                                  : loaded 2 times (x 84B)
Class com.google.common.collect.CollectPreconditions                                  : loaded 2 times (x 73B)
Class com.google.common.collect.SortedMapDifference                                   : loaded 2 times (x 72B)
Class com.google.common.cache.LocalCache$EntryFactory                                 : loaded 2 times (x 85B)
Class org.gradle.internal.IoActions                                                   : loaded 2 times (x 73B)
Class com.google.common.cache.CacheLoader$InvalidCacheLoadException                   : loaded 2 times (x 84B)
Class com.google.common.collect.ImmutableSet$RegularSetBuilderImpl                    : loaded 2 times (x 78B)
Class com.google.common.cache.LoadingCache                                            : loaded 2 times (x 72B)
Class com.google.common.collect.RegularImmutableMap$BucketOverflowException           : loaded 2 times (x 84B)
Class [Lcom.google.common.cache.Weigher;                                              : loaded 2 times (x 71B)
Class com.google.common.base.CharMatcher$Negated                                      : loaded 2 times (x 115B)
Class com.google.common.base.CharMatcher$Is                                           : loaded 2 times (x 113B)
Class com.google.common.cache.LocalCache$ValueReference                               : loaded 2 times (x 72B)
Class com.google.common.base.PatternCompiler                                          : loaded 2 times (x 72B)
Class com.google.common.collect.Hashing                                               : loaded 2 times (x 73B)
Class com.google.common.base.Equivalence$Equals                                       : loaded 2 times (x 84B)
Class com.google.common.base.Preconditions                                            : loaded 2 times (x 73B)
Class com.google.common.base.CharMatcher                                              : loaded 2 times (x 113B)
Class com.google.common.base.Joiner$1                                                 : loaded 2 times (x 83B)
Class com.google.common.collect.PeekingIterator                                       : loaded 2 times (x 72B)
Class com.google.common.collect.Table                                                 : loaded 2 times (x 72B)
Class com.google.common.base.CharMatcher$NamedFastMatcher                             : loaded 2 times (x 114B)
Class com.google.common.base.CharMatcher$1                                            : loaded 2 times (x 115B)
Class com.google.common.base.Joiner$2                                                 : loaded 2 times (x 82B)
Class com.google.common.cache.LocalCache$EntryFactory$1                               : loaded 2 times (x 85B)
Class [Lcom.google.common.cache.RemovalListener;                                      : loaded 2 times (x 71B)
Class com.google.common.cache.LocalCache$EntryFactory$2                               : loaded 2 times (x 85B)
Class com.google.common.collect.ImmutableMapEntrySet$RegularEntrySet                  : loaded 2 times (x 154B)
Class com.google.common.cache.LocalCache$EntryFactory$3                               : loaded 2 times (x 85B)
Class com.google.common.base.Ticker$1                                                 : loaded 2 times (x 74B)
Class com.google.common.collect.Maps$BiMapConverter                                   : loaded 2 times (x 92B)
Class com.google.common.base.CharMatcher$InRange                                      : loaded 2 times (x 113B)
Class com.google.common.cache.LocalCache$EntryFactory$4                               : loaded 2 times (x 85B)
Class com.google.common.collect.ImmutableSet$Builder                                  : loaded 2 times (x 87B)
Class com.google.common.cache.LocalCache$EntryFactory$5                               : loaded 2 times (x 85B)
Class com.google.common.cache.LocalCache$EntryFactory$6                               : loaded 2 times (x 85B)
Class org.gradle.internal.installation.CurrentGradleInstallationLocator               : loaded 2 times (x 73B)
Class com.google.common.cache.LocalCache$EntryFactory$7                               : loaded 2 times (x 85B)
Class com.google.common.collect.ImmutableList                                         : loaded 2 times (x 208B)
Class org.gradle.internal.service.DefaultServiceLocator                               : loaded 2 times (x 85B)
Class com.google.common.cache.LocalCache$EntryFactory$8                               : loaded 2 times (x 85B)
Class com.google.common.collect.ImmutableSet$SetBuilderImpl                           : loaded 2 times (x 78B)
Class org.gradle.internal.installation.CurrentGradleInstallation                      : loaded 2 times (x 75B)
Class com.google.common.collect.ForwardingObject                                      : loaded 2 times (x 74B)
Class com.google.common.collect.ImmutableList$SubList                                 : loaded 2 times (x 211B)
Class com.google.common.cache.CacheLoader$1                                           : loaded 2 times (x 77B)
Class org.gradle.util.internal.GUtil                                                  : loaded 2 times (x 73B)
Class com.google.common.cache.AbstractCache$StatsCounter                              : loaded 2 times (x 72B)
Class com.google.common.collect.Iterators$MergingIterator                             : loaded 2 times (x 83B)
Class com.google.common.collect.RegularImmutableSet                                   : loaded 2 times (x 150B)
Class org.gradle.internal.installation.GradleInstallation                             : loaded 2 times (x 77B)
Class com.google.common.base.Splitter$Strategy                                        : loaded 2 times (x 72B)

---------------  S Y S T E M  ---------------

OS:
 Windows 11 , 64 bit Build 26100 (10.0.26100.9444)
OS uptime: 0 days 5:36 hours
Hyper-V role detected

CPU: total 16 (initial active 16) (8 cores per cpu, 2 threads per core) family 6 model 186 stepping 2 microcode 0x410e, cx8, cmov, fxsr, ht, mmx, 3dnowpref, sse, sse2, sse3, ssse3, sse4.1, sse4.2, popcnt, lzcnt, tsc, tscinvbit, avx, avx2, aes, erms, clmul, bmi1, bmi2, adx, sha, fma, vzeroupper, clflush, clflushopt, clwb, hv, serialize, rdtscp, rdpid, fsrm, gfni, f16c, cet_ibt, cet_ss
Processor Information for processor 0
  Max Mhz: 2400, Current Mhz: 1520, Mhz Limit: 2400
Processor Information for processor 1
  Max Mhz: 2400, Current Mhz: 1520, Mhz Limit: 2400
Processor Information for processor 2
  Max Mhz: 2400, Current Mhz: 1520, Mhz Limit: 2400
Processor Information for processor 3
  Max Mhz: 2400, Current Mhz: 1520, Mhz Limit: 2400
Processor Information for processor 4
  Max Mhz: 2400, Current Mhz: 1520, Mhz Limit: 2400
Processor Information for processor 5
  Max Mhz: 2400, Current Mhz: 1520, Mhz Limit: 2400
Processor Information for processor 6
  Max Mhz: 2400, Current Mhz: 1520, Mhz Limit: 2400
Processor Information for processor 7
  Max Mhz: 2400, Current Mhz: 1520, Mhz Limit: 2400
Processor Information for processor 8
  Max Mhz: 2400, Current Mhz: 1520, Mhz Limit: 2400
Processor Information for processor 9
  Max Mhz: 2400, Current Mhz: 1520, Mhz Limit: 2400
Processor Information for processor 10
  Max Mhz: 2400, Current Mhz: 1520, Mhz Limit: 2400
Processor Information for processor 11
  Max Mhz: 2400, Current Mhz: 1520, Mhz Limit: 2400
Processor Information for processor 12
  Max Mhz: 2400, Current Mhz: 1500, Mhz Limit: 1800
Processor Information for processor 13
  Max Mhz: 2400, Current Mhz: 1500, Mhz Limit: 1800
Processor Information for processor 14
  Max Mhz: 2400, Current Mhz: 1500, Mhz Limit: 1800
Processor Information for processor 15
  Max Mhz: 2400, Current Mhz: 1500, Mhz Limit: 1800

Memory: 4k page, system-wide physical 7916M (168M free)
TotalPageFile size 16848M (AvailPageFile size 59M)
current process WorkingSet (physical memory assigned to process): 664M, peak: 673M
current process commit charge ("private bytes"): 762M, peak: 1043M

vm_info: OpenJDK 64-Bit Server VM (25.0.2+-15348964-b329.117) for windows-amd64 JRE (25.0.2+-15348964-b329.117), built on 2026-05-05T18:25:19Z with MS VC++ 16.10 / 16.11 (VS2019)

END.
