#
# There is insufficient memory for the Java Runtime Environment to continue.
# Native memory allocation (mmap) failed to map 656408576 bytes. Error detail: G1 virtual space
# Possible reasons:
#   The system is out of physical RAM or swap space
#   This process is running with CompressedOops enabled, and the Java Heap may be blocking the growth of the native heap
# Possible solutions:
#   Reduce memory load on the system
#   Increase physical memory or swap space
#   Check if swap backing store is full
#   Decrease Java heap size (-Xmx/-Xms)
#   Decrease number of Java threads
#   Decrease Java thread stack sizes (-Xss)
#   Set larger code cache with -XX:ReservedCodeCacheSize=
#   JVM is running with Unscaled Compressed Oops mode in which the Java heap is
#     placed in the first 4GB address space. The Java Heap base address is the
#     maximum limit for the native heap growth. Please use -XX:HeapBaseMinAddress
#     to set the Java Heap base and to place the Java Heap above 4GB virtual address.
# This output file may be truncated or incomplete.
#
#  Out of Memory Error (os_windows.cpp:3766), pid=12748, tid=20120
#
# JRE version: OpenJDK Runtime Environment (25.0.2) (build 25.0.2+-15348964-b329.117)
# Java VM: OpenJDK 64-Bit Server VM (25.0.2+-15348964-b329.117, mixed mode, tiered, compressed oops, compressed class ptrs, g1 gc, windows-amd64)
# No core dump will be written. Minidumps are not enabled by default on client versions of Windows
#

---------------  S U M M A R Y ------------

Command Line: --add-opens=java.base/java.lang=ALL-UNNAMED --add-opens=java.base/java.lang.invoke=ALL-UNNAMED --add-opens=java.base/java.util=ALL-UNNAMED --add-opens=java.prefs/java.util.prefs=ALL-UNNAMED --add-exports=jdk.compiler/com.sun.tools.javac.api=ALL-UNNAMED --add-exports=jdk.compiler/com.sun.tools.javac.util=ALL-UNNAMED --add-opens=java.base/java.nio.charset=ALL-UNNAMED --add-opens=java.base/java.net=ALL-UNNAMED --add-opens=java.base/java.util.concurrent=ALL-UNNAMED --add-opens=java.base/java.util.concurrent.atomic=ALL-UNNAMED --add-opens=java.xml/javax.xml.namespace=ALL-UNNAMED --add-opens=java.base/java.time=ALL-UNNAMED --enable-native-access=ALL-UNNAMED -Xmx2048m -Dfile.encoding=UTF-8 -Duser.country=ID -Duser.language=en -Duser.variant -javaagent:C:\Users\Lenovo\.gradle\wrapper\dists\gradle-9.5.0-bin\bvnork1r7n8i6kp5cnkibsc9q\gradle-9.5.0\lib\agents\gradle-instrumentation-agent-9.5.0.jar org.gradle.launcher.daemon.bootstrap.GradleDaemon 9.5.0

Host: 13th Gen Intel(R) Core(TM) i7-13620H, 16 cores, 7G,  Windows 11 , 64 bit Build 26100 (10.0.26100.9444)
Time: Tue Sep 22 15:47:03 2026 SE Asia Standard Time elapsed time: 38.083697 seconds (0d 0h 0m 38s)

---------------  T H R E A D  ---------------

Current thread (0x000001e27f1410d0):  VMThread "VM Thread"          [id=20120, stack(0x00000075cab00000,0x00000075cac00000) (1024K)]

Stack: [0x00000075cab00000,0x00000075cac00000]
Native frames: (J=compiled Java code, j=interpreted, Vv=VM code, C=native code)
V  [jvm.dll+0x7bd439]  (no source info available)
V  [jvm.dll+0x78763d]  (no source info available)
V  [jvm.dll+0xa0c885]  (no source info available)
V  [jvm.dll+0xa0ef04]  (no source info available)
V  [jvm.dll+0xa0f603]  (no source info available)
V  [jvm.dll+0x309bf6]  (no source info available)
V  [jvm.dll+0x7b9545]  (no source info available)
V  [jvm.dll+0x7ac047]  (no source info available)
V  [jvm.dll+0x3fdeab]  (no source info available)
V  [jvm.dll+0x406066]  (no source info available)
V  [jvm.dll+0x3f2516]  (no source info available)
V  [jvm.dll+0x3f27f8]  (no source info available)
V  [jvm.dll+0x3c7b82]  (no source info available)
V  [jvm.dll+0x3c7c1a]  (no source info available)
V  [jvm.dll+0x4172d0]  (no source info available)
V  [jvm.dll+0x415bf1]  (no source info available)
V  [jvm.dll+0x3c72b7]  (no source info available)
V  [jvm.dll+0x41502f]  (no source info available)
V  [jvm.dll+0xa158ca]  (no source info available)
V  [jvm.dll+0xa16bd1]  (no source info available)
V  [jvm.dll+0xa17148]  (no source info available)
V  [jvm.dll+0xa173d3]  (no source info available)
V  [jvm.dll+0x9ab9c8]  (no source info available)
V  [jvm.dll+0x7bb985]  (no source info available)
C  [ucrtbase.dll+0x2cd30]  (no source info available)
C  [KERNEL32.DLL+0x2cd87]  (no source info available)
C  [ntdll.dll+0xacaec]  (no source info available)

VM_Operation (0x00000075d22fea20): G1CollectForAllocation, mode: safepoint, requested by thread 0x000001e20af932a0


---------------  P R O C E S S  ---------------

Threads class SMR info:
_java_thread_list=0x000001e2135b7dd0, length=114, elements={
0x000001e268eb0970, 0x000001e27f16cf80, 0x000001e27f7314b0, 0x000001e27f732070,
0x000001e27f732d60, 0x000001e27f184720, 0x000001e27f733920, 0x000001e27f186050,
0x000001e27f744e40, 0x000001e27f745650, 0x000001e27f85d270, 0x000001e27f85da80,
0x000001e20604b800, 0x000001e27f85e290, 0x000001e2080b3e90, 0x000001e2080fd990,
0x000001e2080e4560, 0x000001e2080e37f0, 0x000001e208646f10, 0x000001e208492010,
0x000001e208495e90, 0x000001e208496e30, 0x000001e208497dd0, 0x000001e2085c8fe0,
0x000001e2085c8810, 0x000001e2085c70a0, 0x000001e2085c9f80, 0x000001e20a747dc0,
0x000001e20a748590, 0x000001e20a748d60, 0x000001e20a749d00, 0x000001e20a74aca0,
0x000001e20a74f2f0, 0x000001e20b322280, 0x000001e20b323220, 0x000001e20b320b10,
0x000001e20b324990, 0x000001e20b328040, 0x000001e20c529cb0, 0x000001e20c5294e0,
0x000001e20c5275a0, 0x000001e20c52a480, 0x000001e20c52ac50, 0x000001e20c527d70,
0x000001e20c52cb90, 0x000001e20c52d360, 0x000001e20b74eb30, 0x000001e20b750a70,
0x000001e20b751240, 0x000001e20b753950, 0x000001e20b754120, 0x000001e20b7550c0,
0x000001e20b7521e0, 0x000001e20c50fd50, 0x000001e20c5114c0, 0x000001e20c510520,
0x000001e20c512c30, 0x000001e20c512460, 0x000001e20c515340, 0x000001e20b753180,
0x000001e20628a9d0, 0x000001e20628b970, 0x000001e20628b1a0, 0x000001e20bb00790,
0x000001e20c513bd0, 0x000001e2133e08d0, 0x000001e2133de990, 0x000001e2133e0100,
0x000001e2133e1870, 0x000001e2133e2fe0, 0x000001e2133e5ec0, 0x000001e2133e4f20,
0x000001e2133e37b0, 0x000001e2133e7630, 0x000001e2133e7e00, 0x000001e2133e8da0,
0x000001e2133e56f0, 0x000001e2133ecc20, 0x000001e2133e9570, 0x000001e2133eace0,
0x000001e2133edbc0, 0x000001e2139fe710, 0x000001e2139fb060, 0x000001e213a02590,
0x000001e213a02d60, 0x000001e213a00650, 0x000001e213a044d0, 0x000001e213a04ca0,
0x000001e213a05c40, 0x000001e213a06410, 0x000001e213a073b0, 0x000001e213a05470,
0x000001e213a09ac0, 0x000001e20b3241c0, 0x000001e20af8a600, 0x000001e20af88e90,
0x000001e20af89e30, 0x000001e20af87ef0, 0x000001e20af8bd70, 0x000001e20af8d4e0,
0x000001e20af8cd10, 0x000001e20af8ec50, 0x000001e20af8f420, 0x000001e20af91b30,
0x000001e20af92ad0, 0x000001e20af932a0, 0x000001e20af94240, 0x000001e20af951e0,
0x000001e20af97120, 0x000001e20af96180, 0x000001e20af96950, 0x000001e20d6b4e70,
0x000001e20d6ba460, 0x000001e20d6beab0
}

Java Threads: ( => current thread )
  0x000001e268eb0970 JavaThread "main"                              [_thread_blocked, id=15004, stack(0x00000075ca400000,0x00000075ca500000) (1024K)]
  0x000001e27f16cf80 JavaThread "Common-Cleaner"             daemon [_thread_blocked, id=18856, stack(0x00000075cac00000,0x00000075cad00000) (1024K)]
  0x000001e27f7314b0 JavaThread "Reference Handler"          daemon [_thread_blocked, id=25812, stack(0x00000075cad00000,0x00000075cae00000) (1024K)]
  0x000001e27f732070 JavaThread "Finalizer"                  daemon [_thread_blocked, id=12168, stack(0x00000075cae00000,0x00000075caf00000) (1024K)]
  0x000001e27f732d60 JavaThread "Signal Dispatcher"          daemon [_thread_blocked, id=3192, stack(0x00000075caf00000,0x00000075cb000000) (1024K)]
  0x000001e27f184720 JavaThread "Attach Listener"            daemon [_thread_blocked, id=7620, stack(0x00000075cb000000,0x00000075cb100000) (1024K)]
  0x000001e27f733920 JavaThread "Service Thread"             daemon [_thread_blocked, id=17492, stack(0x00000075cb100000,0x00000075cb200000) (1024K)]
  0x000001e27f186050 JavaThread "Monitor Deflation Thread"   daemon [_thread_blocked, id=23740, stack(0x00000075cb200000,0x00000075cb300000) (1024K)]
  0x000001e27f744e40 JavaThread "C2 CompilerThread0"         daemon [_thread_blocked, id=11648, stack(0x00000075cb300000,0x00000075cb400000) (1024K)]
  0x000001e27f745650 JavaThread "C1 CompilerThread0"         daemon [_thread_blocked, id=23796, stack(0x00000075cb400000,0x00000075cb500000) (1024K)]
  0x000001e27f85d270 JavaThread "C1 CompilerThread1"         daemon [_thread_blocked, id=5268, stack(0x00000075cb500000,0x00000075cb600000) (1024K)]
  0x000001e27f85da80 JavaThread "C1 CompilerThread2"         daemon [_thread_blocked, id=22472, stack(0x00000075cb600000,0x00000075cb700000) (1024K)]
  0x000001e20604b800 JavaThread "Notification Thread"        daemon [_thread_blocked, id=2604, stack(0x00000075cb700000,0x00000075cb800000) (1024K)]
  0x000001e27f85e290 JavaThread "C1 CompilerThread3"         daemon [_thread_blocked, id=26108, stack(0x00000075cb800000,0x00000075cb900000) (1024K)]
  0x000001e2080b3e90 JavaThread "Daemon health stats"               [_thread_blocked, id=25180, stack(0x00000075cbf00000,0x00000075cc000000) (1024K)]
  0x000001e2080fd990 JavaThread "Incoming local TCP Connector on port 55135"        [_thread_in_native, id=25204, stack(0x00000075cc500000,0x00000075cc600000) (1024K)]
  0x000001e2080e4560 JavaThread "Daemon periodic checks"            [_thread_blocked, id=5680, stack(0x00000075cc600000,0x00000075cc700000) (1024K)]
  0x000001e2080e37f0 JavaThread "Daemon"                            [_thread_blocked, id=18668, stack(0x00000075ccc00000,0x00000075ccd00000) (1024K)]
  0x000001e208646f10 JavaThread "Handler for socket connection from /127.0.0.1:55135 to /127.0.0.1:55136"        [_thread_in_native, id=14260, stack(0x00000075ccd00000,0x00000075cce00000) (1024K)]
  0x000001e208492010 JavaThread "Cancel handler"                    [_thread_blocked, id=15328, stack(0x00000075cce00000,0x00000075ccf00000) (1024K)]
  0x000001e208495e90 JavaThread "Daemon worker"                     [_thread_blocked, id=9808, stack(0x00000075ccf00000,0x00000075cd000000) (1024K)]
  0x000001e208496e30 JavaThread "Asynchronous log dispatcher for DefaultDaemonConnection: socket connection from /127.0.0.1:55135 to /127.0.0.1:55136"        [_thread_blocked, id=9172, stack(0x00000075cd000000,0x00000075cd100000) (1024K)]
  0x000001e208497dd0 JavaThread "Stdin handler"                     [_thread_blocked, id=20224, stack(0x00000075cd100000,0x00000075cd200000) (1024K)]
  0x000001e2085c8fe0 JavaThread "Daemon client event forwarder"        [_thread_blocked, id=8708, stack(0x00000075cd200000,0x00000075cd300000) (1024K)]
  0x000001e2085c8810 JavaThread "Cache worker for journal cache (C:\Users\Lenovo\.gradle\caches\journal-1)"        [_thread_blocked, id=4388, stack(0x00000075cc400000,0x00000075cc500000) (1024K)]
  0x000001e2085c70a0 JavaThread "File lock request listener"        [_thread_in_native, id=12900, stack(0x00000075cd300000,0x00000075cd400000) (1024K)]
  0x000001e2085c9f80 JavaThread "Cache worker for file hash cache (C:\Users\Lenovo\.gradle\caches\9.5.0\fileHashes)"        [_thread_blocked, id=11212, stack(0x00000075cd400000,0x00000075cd500000) (1024K)]
  0x000001e20a747dc0 JavaThread "Cache worker for file hash cache (E:\AndroidStudioProjects\MyApplication\Pertemuan 4\.gradle\9.5.0\fileHashes)"        [_thread_blocked, id=20544, stack(0x00000075cd700000,0x00000075cd800000) (1024K)]
  0x000001e20a748590 JavaThread "Cache worker for checksums cache (E:\AndroidStudioProjects\MyApplication\Pertemuan 4\.gradle\9.5.0\checksums)"        [_thread_blocked, id=11196, stack(0x00000075cd800000,0x00000075cd900000) (1024K)]
  0x000001e20a748d60 JavaThread "Cache worker for Build Output Cleanup Cache (E:\AndroidStudioProjects\MyApplication\Pertemuan 4\.gradle\buildOutputCleanup)"        [_thread_blocked, id=16472, stack(0x00000075cd900000,0x00000075cda00000) (1024K)]
  0x000001e20a749d00 JavaThread "Cache worker for file content cache (C:\Users\Lenovo\.gradle\caches\9.5.0\fileContent)"        [_thread_blocked, id=22424, stack(0x00000075cda00000,0x00000075cdb00000) (1024K)]
  0x000001e20a74aca0 JavaThread "File watcher server"        daemon [_thread_blocked, id=26244, stack(0x00000075cd600000,0x00000075cd700000) (1024K)]
  0x000001e20a74f2f0 JavaThread "File watcher consumer"      daemon [_thread_blocked, id=25592, stack(0x00000075cdb00000,0x00000075cdc00000) (1024K)]
  0x000001e20b322280 JavaThread "Cache worker for cache directory md-supplier (C:\Users\Lenovo\.gradle\caches\9.5.0\md-supplier)"        [_thread_blocked, id=25608, stack(0x00000075cdc00000,0x00000075cdd00000) (1024K)]
  0x000001e20b323220 JavaThread "Cache worker for cache directory md-rule (C:\Users\Lenovo\.gradle\caches\9.5.0\md-rule)"        [_thread_blocked, id=12092, stack(0x00000075cdd00000,0x00000075cde00000) (1024K)]
  0x000001e20b320b10 JavaThread "jar transforms"                    [_thread_blocked, id=13860, stack(0x00000075cde00000,0x00000075cdf00000) (1024K)]
  0x000001e20b324990 JavaThread "jar transforms Thread 2"           [_thread_blocked, id=14140, stack(0x00000075cdf00000,0x00000075ce000000) (1024K)]
  0x000001e20b328040 JavaThread "jar transforms Thread 3"           [_thread_blocked, id=17148, stack(0x00000075ce000000,0x00000075ce100000) (1024K)]
  0x000001e20c529cb0 JavaThread "Build operations"                  [_thread_blocked, id=16968, stack(0x00000075ce100000,0x00000075ce200000) (1024K)]
  0x000001e20c5294e0 JavaThread "Build operations Thread 2"         [_thread_blocked, id=3812, stack(0x00000075ce200000,0x00000075ce300000) (1024K)]
  0x000001e20c5275a0 JavaThread "Build operations Thread 3"         [_thread_blocked, id=14004, stack(0x00000075ce300000,0x00000075ce400000) (1024K)]
  0x000001e20c52a480 JavaThread "Build operations Thread 4"         [_thread_blocked, id=15448, stack(0x00000075ce400000,0x00000075ce500000) (1024K)]
  0x000001e20c52ac50 JavaThread "Build operations Thread 5"         [_thread_blocked, id=24912, stack(0x00000075ce500000,0x00000075ce600000) (1024K)]
  0x000001e20c527d70 JavaThread "Build operations Thread 6"         [_thread_blocked, id=23692, stack(0x00000075ce600000,0x00000075ce700000) (1024K)]
  0x000001e20c52cb90 JavaThread "Build operations Thread 7"         [_thread_blocked, id=16424, stack(0x00000075ce700000,0x00000075ce800000) (1024K)]
  0x000001e20c52d360 JavaThread "Build operations Thread 8"         [_thread_blocked, id=20848, stack(0x00000075ce800000,0x00000075ce900000) (1024K)]
  0x000001e20b74eb30 JavaThread "Build operations Thread 9"         [_thread_blocked, id=19176, stack(0x00000075ce900000,0x00000075cea00000) (1024K)]
  0x000001e20b750a70 JavaThread "Build operations Thread 10"        [_thread_blocked, id=7456, stack(0x00000075cea00000,0x00000075ceb00000) (1024K)]
  0x000001e20b751240 JavaThread "Build operations Thread 11"        [_thread_blocked, id=19288, stack(0x00000075ceb00000,0x00000075cec00000) (1024K)]
  0x000001e20b753950 JavaThread "Build operations Thread 12"        [_thread_blocked, id=2656, stack(0x00000075ced00000,0x00000075cee00000) (1024K)]
  0x000001e20b754120 JavaThread "Build operations Thread 13"        [_thread_blocked, id=21936, stack(0x00000075cee00000,0x00000075cef00000) (1024K)]
  0x000001e20b7550c0 JavaThread "Build operations Thread 14"        [_thread_blocked, id=1388, stack(0x00000075cef00000,0x00000075cf000000) (1024K)]
  0x000001e20b7521e0 JavaThread "Build operations Thread 15"        [_thread_blocked, id=22300, stack(0x00000075cf000000,0x00000075cf100000) (1024K)]
  0x000001e20c50fd50 JavaThread "Build operations Thread 16"        [_thread_blocked, id=21396, stack(0x00000075cf100000,0x00000075cf200000) (1024K)]
  0x000001e20c5114c0 JavaThread "jar transforms Thread 4"           [_thread_blocked, id=6012, stack(0x00000075cf200000,0x00000075cf300000) (1024K)]
  0x000001e20c510520 JavaThread "jar transforms Thread 5"           [_thread_blocked, id=13720, stack(0x00000075cec00000,0x00000075ced00000) (1024K)]
  0x000001e20c512c30 JavaThread "jar transforms Thread 6"           [_thread_blocked, id=22828, stack(0x00000075cf300000,0x00000075cf400000) (1024K)]
  0x000001e20c512460 JavaThread "jar transforms Thread 7"           [_thread_blocked, id=12484, stack(0x00000075cf400000,0x00000075cf500000) (1024K)]
  0x000001e20c515340 JavaThread "jar transforms Thread 8"           [_thread_blocked, id=21328, stack(0x00000075cf500000,0x00000075cf600000) (1024K)]
  0x000001e20b753180 JavaThread "Configuration cache report writer"        [_thread_blocked, id=22524, stack(0x00000075cd500000,0x00000075cd600000) (1024K)]
  0x000001e20628a9d0 JavaThread "build event listener"              [_thread_blocked, id=8900, stack(0x00000075cf600000,0x00000075cf700000) (1024K)]
  0x000001e20628b970 JavaThread "Memory manager"                    [_thread_blocked, id=4196, stack(0x00000075cf700000,0x00000075cf800000) (1024K)]
  0x000001e20628b1a0 JavaThread "build event listener"              [_thread_blocked, id=304, stack(0x00000075cf900000,0x00000075cfa00000) (1024K)]
  0x000001e20bb00790 JavaThread "C2 CompilerThread1"         daemon [_thread_blocked, id=19904, stack(0x00000075cbe00000,0x00000075cbf00000) (1024K)]
  0x000001e20c513bd0 JavaThread "included builds"                   [_thread_blocked, id=18980, stack(0x00000075cf800000,0x00000075cf900000) (1024K)]
  0x000001e2133e08d0 JavaThread "Execution worker"                  [_thread_blocked, id=18800, stack(0x00000075cfa00000,0x00000075cfb00000) (1024K)]
  0x000001e2133de990 JavaThread "Execution worker Thread 2"         [_thread_blocked, id=22956, stack(0x00000075cfb00000,0x00000075cfc00000) (1024K)]
  0x000001e2133e0100 JavaThread "Execution worker Thread 3"         [_thread_blocked, id=6764, stack(0x00000075cfc00000,0x00000075cfd00000) (1024K)]
  0x000001e2133e1870 JavaThread "Execution worker Thread 4"         [_thread_blocked, id=17828, stack(0x00000075cfd00000,0x00000075cfe00000) (1024K)]
  0x000001e2133e2fe0 JavaThread "Execution worker Thread 5"         [_thread_blocked, id=24880, stack(0x00000075cfe00000,0x00000075cff00000) (1024K)]
  0x000001e2133e5ec0 JavaThread "Execution worker Thread 6"         [_thread_blocked, id=3684, stack(0x00000075cff00000,0x00000075d0000000) (1024K)]
  0x000001e2133e4f20 JavaThread "Execution worker Thread 7"         [_thread_blocked, id=26408, stack(0x00000075d0000000,0x00000075d0100000) (1024K)]
  0x000001e2133e37b0 JavaThread "Execution worker Thread 8"         [_thread_blocked, id=476, stack(0x00000075d0100000,0x00000075d0200000) (1024K)]
  0x000001e2133e7630 JavaThread "Execution worker Thread 9"         [_thread_blocked, id=21484, stack(0x00000075d0200000,0x00000075d0300000) (1024K)]
  0x000001e2133e7e00 JavaThread "Execution worker Thread 10"        [_thread_blocked, id=26608, stack(0x00000075d0300000,0x00000075d0400000) (1024K)]
  0x000001e2133e8da0 JavaThread "Execution worker Thread 11"        [_thread_blocked, id=14740, stack(0x00000075d0400000,0x00000075d0500000) (1024K)]
  0x000001e2133e56f0 JavaThread "Execution worker Thread 12"        [_thread_blocked, id=14820, stack(0x00000075d0500000,0x00000075d0600000) (1024K)]
  0x000001e2133ecc20 JavaThread "Execution worker Thread 13"        [_thread_blocked, id=10424, stack(0x00000075d0600000,0x00000075d0700000) (1024K)]
  0x000001e2133e9570 JavaThread "Execution worker Thread 14"        [_thread_blocked, id=20876, stack(0x00000075d0700000,0x00000075d0800000) (1024K)]
  0x000001e2133eace0 JavaThread "Execution worker Thread 15"        [_thread_blocked, id=15832, stack(0x00000075d0800000,0x00000075d0900000) (1024K)]
  0x000001e2133edbc0 JavaThread "Cache worker for execution history cache (E:\AndroidStudioProjects\MyApplication\Pertemuan 4\.gradle\9.5.0\executionHistory)"        [_thread_blocked, id=5236, stack(0x00000075d0900000,0x00000075d0a00000) (1024K)]
  0x000001e2139fe710 JavaThread "WorkerExecutor Queue"              [_thread_blocked, id=17676, stack(0x00000075d0a00000,0x00000075d0b00000) (1024K)]
  0x000001e2139fb060 JavaThread "WorkerExecutor Queue Thread 2"        [_thread_blocked, id=24148, stack(0x00000075d0b00000,0x00000075d0c00000) (1024K)]
  0x000001e213a02590 JavaThread "WorkerExecutor Queue Thread 3"        [_thread_blocked, id=24928, stack(0x00000075d0c00000,0x00000075d0d00000) (1024K)]
  0x000001e213a02d60 JavaThread "WorkerExecutor Queue Thread 4"        [_thread_blocked, id=24076, stack(0x00000075d0d00000,0x00000075d0e00000) (1024K)]
  0x000001e213a00650 JavaThread "WorkerExecutor Queue Thread 5"        [_thread_blocked, id=3752, stack(0x00000075d0e00000,0x00000075d0f00000) (1024K)]
  0x000001e213a044d0 JavaThread "WorkerExecutor Queue Thread 6"        [_thread_blocked, id=20108, stack(0x00000075d0f00000,0x00000075d1000000) (1024K)]
  0x000001e213a04ca0 JavaThread "WorkerExecutor Queue Thread 7"        [_thread_blocked, id=12208, stack(0x00000075d1000000,0x00000075d1100000) (1024K)]
  0x000001e213a05c40 JavaThread "WorkerExecutor Queue Thread 8"        [_thread_blocked, id=7280, stack(0x00000075d1100000,0x00000075d1200000) (1024K)]
  0x000001e213a06410 JavaThread "WorkerExecutor Queue Thread 9"        [_thread_blocked, id=14000, stack(0x00000075d1200000,0x00000075d1300000) (1024K)]
  0x000001e213a073b0 JavaThread "WorkerExecutor Queue Thread 10"        [_thread_blocked, id=13976, stack(0x00000075d1300000,0x00000075d1400000) (1024K)]
  0x000001e213a05470 JavaThread "WorkerExecutor Queue Thread 11"        [_thread_blocked, id=3388, stack(0x00000075d1400000,0x00000075d1500000) (1024K)]
  0x000001e213a09ac0 JavaThread "WorkerExecutor Queue Thread 12"        [_thread_blocked, id=8740, stack(0x00000075d1500000,0x00000075d1600000) (1024K)]
  0x000001e20b3241c0 JavaThread "WorkerExecutor Queue Thread 13"        [_thread_blocked, id=15412, stack(0x00000075d1600000,0x00000075d1700000) (1024K)]
  0x000001e20af8a600 JavaThread "WorkerExecutor Queue Thread 14"        [_thread_blocked, id=25076, stack(0x00000075d1700000,0x00000075d1800000) (1024K)]
  0x000001e20af88e90 JavaThread "ForkJoinPool-1-worker-1"    daemon [_thread_blocked, id=24408, stack(0x00000075d1800000,0x00000075d1900000) (1024K)]
  0x000001e20af89e30 JavaThread "ForkJoinPool-1-worker-2"    daemon [_thread_blocked, id=464, stack(0x00000075d1900000,0x00000075d1a00000) (1024K)]
  0x000001e20af87ef0 JavaThread "ForkJoinPool-1-worker-3"    daemon [_thread_blocked, id=2768, stack(0x00000075d1a00000,0x00000075d1b00000) (1024K)]
  0x000001e20af8bd70 JavaThread "ForkJoinPool-1-worker-4"    daemon [_thread_blocked, id=23584, stack(0x00000075d1b00000,0x00000075d1c00000) (1024K)]
  0x000001e20af8d4e0 JavaThread "ForkJoinPool-1-worker-5"    daemon [_thread_blocked, id=13484, stack(0x00000075d1c00000,0x00000075d1d00000) (1024K)]
  0x000001e20af8cd10 JavaThread "ForkJoinPool-1-worker-6"    daemon [_thread_blocked, id=18412, stack(0x00000075d1d00000,0x00000075d1e00000) (1024K)]
  0x000001e20af8ec50 JavaThread "ForkJoinPool-1-worker-7"    daemon [_thread_blocked, id=26200, stack(0x00000075d1e00000,0x00000075d1f00000) (1024K)]
  0x000001e20af8f420 JavaThread "ForkJoinPool-1-worker-8"    daemon [_thread_blocked, id=26140, stack(0x00000075d1f00000,0x00000075d2000000) (1024K)]
  0x000001e20af91b30 JavaThread "ForkJoinPool-1-worker-9"    daemon [_thread_blocked, id=14552, stack(0x00000075d2000000,0x00000075d2100000) (1024K)]
  0x000001e20af92ad0 JavaThread "ForkJoinPool-1-worker-10"   daemon [_thread_blocked, id=14124, stack(0x00000075d2100000,0x00000075d2200000) (1024K)]
  0x000001e20af932a0 JavaThread "ForkJoinPool-1-worker-11"   daemon [_thread_blocked, id=20364, stack(0x00000075d2200000,0x00000075d2300000) (1024K)]
  0x000001e20af94240 JavaThread "ForkJoinPool-1-worker-12"   daemon [_thread_blocked, id=16660, stack(0x00000075d2300000,0x00000075d2400000) (1024K)]
  0x000001e20af951e0 JavaThread "ForkJoinPool-1-worker-13"   daemon [_thread_blocked, id=12228, stack(0x00000075d2400000,0x00000075d2500000) (1024K)]
  0x000001e20af97120 JavaThread "ForkJoinPool-1-worker-14"   daemon [_thread_blocked, id=22484, stack(0x00000075d2500000,0x00000075d2600000) (1024K)]
  0x000001e20af96180 JavaThread "ForkJoinPool-1-worker-15"   daemon [_thread_blocked, id=2720, stack(0x00000075d2600000,0x00000075d2700000) (1024K)]
  0x000001e20af96950 JavaThread "ForkJoinPool-1-worker-16"   daemon [_thread_blocked, id=17424, stack(0x00000075d2700000,0x00000075d2800000) (1024K)]
  0x000001e20d6b4e70 JavaThread "WorkerExecutor Queue Thread 15"        [_thread_blocked, id=23824, stack(0x00000075d2800000,0x00000075d2900000) (1024K)]
  0x000001e20d6ba460 JavaThread "WorkerExecutor Queue Thread 16"        [_thread_blocked, id=18984, stack(0x00000075d2900000,0x00000075d2a00000) (1024K)]
  0x000001e20d6beab0 JavaThread "WorkerExecutor Queue Thread 17"        [_thread_blocked, id=26064, stack(0x00000075d2a00000,0x00000075d2b00000) (1024K)]
Total: 114

Other Threads:
=>0x000001e27f1410d0 VMThread "VM Thread"                           [id=20120, stack(0x00000075cab00000,0x00000075cac00000) (1024K)]
  0x000001e27f0fdb80 WatcherThread "VM Periodic Task Thread"        [id=1796, stack(0x00000075caa00000,0x00000075cab00000) (1024K)]
  0x000001e268f0d860 WorkerThread "GC Thread#0"                     [id=7008, stack(0x00000075ca500000,0x00000075ca600000) (1024K)]
  0x000001e207199880 WorkerThread "GC Thread#1"                     [id=25740, stack(0x00000075cb900000,0x00000075cba00000) (1024K)]
  0x000001e207172cb0 WorkerThread "GC Thread#2"                     [id=25564, stack(0x00000075cba00000,0x00000075cbb00000) (1024K)]
  0x000001e2071730e0 WorkerThread "GC Thread#3"                     [id=5988, stack(0x00000075cbb00000,0x00000075cbc00000) (1024K)]
  0x000001e207173510 WorkerThread "GC Thread#4"                     [id=20032, stack(0x00000075cbc00000,0x00000075cbd00000) (1024K)]
  0x000001e2061f2880 WorkerThread "GC Thread#5"                     [id=19284, stack(0x00000075cbd00000,0x00000075cbe00000) (1024K)]
  0x000001e207b66180 WorkerThread "GC Thread#6"                     [id=5728, stack(0x00000075cc000000,0x00000075cc100000) (1024K)]
  0x000001e207b647a0 WorkerThread "GC Thread#7"                     [id=20048, stack(0x00000075cc100000,0x00000075cc200000) (1024K)]
  0x000001e207b65040 WorkerThread "GC Thread#8"                     [id=9664, stack(0x00000075cc200000,0x00000075cc300000) (1024K)]
  0x000001e207b665d0 WorkerThread "GC Thread#9"                     [id=5164, stack(0x00000075cc300000,0x00000075cc400000) (1024K)]
  0x000001e207b672c0 WorkerThread "GC Thread#10"                    [id=21104, stack(0x00000075cc700000,0x00000075cc800000) (1024K)]
  0x000001e207b63660 WorkerThread "GC Thread#11"                    [id=9892, stack(0x00000075cc800000,0x00000075cc900000) (1024K)]
  0x000001e207b67fb0 WorkerThread "GC Thread#12"                    [id=25872, stack(0x00000075cc900000,0x00000075cca00000) (1024K)]
  0x000001e268f27610 ConcurrentGCThread "G1 Main Marker"            [id=22328, stack(0x00000075ca600000,0x00000075ca700000) (1024K)]
  0x000001e268f27fb0 WorkerThread "G1 Conc#0"                       [id=23156, stack(0x00000075ca700000,0x00000075ca800000) (1024K)]
  0x000001e207b67710 WorkerThread "G1 Conc#1"                       [id=21028, stack(0x00000075cca00000,0x00000075ccb00000) (1024K)]
  0x000001e207b68ca0 WorkerThread "G1 Conc#2"                       [id=24120, stack(0x00000075ccb00000,0x00000075ccc00000) (1024K)]
  0x000001e27efd1b00 ConcurrentGCThread "G1 Refine#0"               [id=14132, stack(0x00000075ca800000,0x00000075ca900000) (1024K)]
  0x000001e27efd33d0 ConcurrentGCThread "G1 Service"                [id=22720, stack(0x00000075ca900000,0x00000075caa00000) (1024K)]
Total: 21

Threads with active compile tasks:
C2 CompilerThread0  38242 21079       4       sun.security.provider.DigestBase::engineDigest (112 bytes)
C1 CompilerThread0  38242 21184       3       com.android.tools.r8.dex.e0::a (1091 bytes)
C1 CompilerThread2  38242 21185   !   3       com.android.tools.r8.dex.j0::a (3162 bytes)
C2 CompilerThread1  38242 21117       4       java.security.MessageDigest::digest (49 bytes)
Total: 4

VM state: at safepoint (normal execution)

VM Mutex/Monitor currently owned by a thread:  ([mutex/lock_event])
[0x00007ffec2134698] Threads_lock - owner thread: 0x000001e27f1410d0
[0x00007ffec2134818] Heap_lock - owner thread: 0x000001e20af932a0

Heap address: 0x0000000080000000, size: 2048 MB, Compressed Oops mode: 32-bit

CDS archive(s) not mapped
Compressed class space mapped at: 0x0000000021000000-0x0000000061000000, reserved size: 1073741824
UseCompressedClassPointers 1, UseCompactObjectHeaders 0
Narrow klass pointer bits 32, Max shift 3
Narrow klass base: 0x0000000000000000, Narrow klass shift: 0
Encoding Range: [0x0000000000000000 - 0x0000000100000000), (4294967296 bytes)
Klass Range:    [0x0000000021000000 - 0x0000000061000000), (1073741824 bytes)
Klass ID Range:  [553648128 - 1627389945) (1073741817)
No protection zone.

GC Precious Log:
 CardTable entry size: 512
 Card Set container configuration: InlinePtr #cards 5 size 8 Array Of Cards #cards 10 size 36 Howl #buckets 4 coarsen threshold 1843 Howl Bitmap #cards 512 size 80 coarsen threshold 460 Card regions per heap region 1 cards per card region 2048
 CPUs: 16 total, 16 available
 Memory: 7916M
 Large Page Support: Disabled
 NUMA Support: Disabled
 Compressed Oops: Enabled (32-bit)
 Heap Region Size: 1M
 Heap Min Capacity: 8M
 Heap Initial Capacity: 124M
 Heap Max Capacity: 2G
 Pre-touch: Disabled
 Parallel Workers: 13
 Concurrent Workers: 3
 Concurrent Refinement Workers: 13
 Periodic GC: Disabled

Heap:
 garbage-first heap   total reserved 2097152K, committed 373760K, used 256479K [0x0000000080000000, 0x0000000100000000)
  region size 1024K, 9 young (9216K), 9 survivors (9216K)

Heap Regions: E=young(eden), S=young(survivor), O=old, HS=humongous(starts), HC=humongous(continues), CS=collection set, F=free, TAMS=top-at-mark-start, PB=parsable bottom
|   0|0x0000000080000000, 0x0000000080100000, 0x0000000080100000|100%|HS|  |TAMS 0x0000000080100000| PB 0x0000000080000000| Complete |  0
|   1|0x0000000080100000, 0x0000000080200000, 0x0000000080200000|100%|HC|  |TAMS 0x0000000080200000| PB 0x0000000080100000| Complete |  0
|   2|0x0000000080200000, 0x0000000080300000, 0x0000000080300000|100%|HC|  |TAMS 0x0000000080300000| PB 0x0000000080200000| Complete |  0
|   3|0x0000000080300000, 0x0000000080400000, 0x0000000080400000|100%|HC|  |TAMS 0x0000000080400000| PB 0x0000000080300000| Complete |  0
|   4|0x0000000080400000, 0x0000000080500000, 0x0000000080500000|100%| O|  |TAMS 0x0000000080500000| PB 0x0000000080400000| Untracked |  0
|   5|0x0000000080500000, 0x0000000080600000, 0x0000000080600000|100%| O|  |TAMS 0x0000000080600000| PB 0x0000000080500000| Untracked |  0
|   6|0x0000000080600000, 0x0000000080700000, 0x0000000080700000|100%| O|  |TAMS 0x0000000080700000| PB 0x0000000080600000| Untracked |  0
|   7|0x0000000080700000, 0x0000000080800000, 0x0000000080800000|100%|HS|  |TAMS 0x0000000080800000| PB 0x0000000080700000| Complete |  0
|   8|0x0000000080800000, 0x0000000080900000, 0x0000000080900000|100%| O|  |TAMS 0x0000000080900000| PB 0x0000000080800000| Untracked |  0
|   9|0x0000000080900000, 0x0000000080a00000, 0x0000000080a00000|100%| O|  |TAMS 0x0000000080a00000| PB 0x0000000080900000| Untracked |  0
|  10|0x0000000080a00000, 0x0000000080b00000, 0x0000000080b00000|100%| O|  |TAMS 0x0000000080b00000| PB 0x0000000080a00000| Untracked |  0
|  11|0x0000000080b00000, 0x0000000080c00000, 0x0000000080c00000|100%| O|  |TAMS 0x0000000080c00000| PB 0x0000000080b00000| Untracked |  0
|  12|0x0000000080c00000, 0x0000000080d00000, 0x0000000080d00000|100%| O|  |TAMS 0x0000000080d00000| PB 0x0000000080c00000| Untracked |  0
|  13|0x0000000080d00000, 0x0000000080e00000, 0x0000000080e00000|100%| O|  |TAMS 0x0000000080e00000| PB 0x0000000080d00000| Untracked |  0
|  14|0x0000000080e00000, 0x0000000080f00000, 0x0000000080f00000|100%| O|  |TAMS 0x0000000080f00000| PB 0x0000000080e00000| Untracked |  0
|  15|0x0000000080f00000, 0x0000000081000000, 0x0000000081000000|100%| O|  |TAMS 0x0000000081000000| PB 0x0000000080f00000| Untracked |  0
|  16|0x0000000081000000, 0x0000000081100000, 0x0000000081100000|100%| O|  |TAMS 0x0000000081100000| PB 0x0000000081000000| Untracked |  0
|  17|0x0000000081100000, 0x0000000081200000, 0x0000000081200000|100%| O|  |TAMS 0x0000000081200000| PB 0x0000000081100000| Untracked |  0
|  18|0x0000000081200000, 0x0000000081300000, 0x0000000081300000|100%| O|  |TAMS 0x0000000081300000| PB 0x0000000081200000| Untracked |  0
|  19|0x0000000081300000, 0x0000000081400000, 0x0000000081400000|100%| O|  |TAMS 0x0000000081400000| PB 0x0000000081300000| Untracked |  0
|  20|0x0000000081400000, 0x0000000081500000, 0x0000000081500000|100%|HS|  |TAMS 0x0000000081500000| PB 0x0000000081400000| Complete |  0
|  21|0x0000000081500000, 0x0000000081600000, 0x0000000081600000|100%| O|  |TAMS 0x0000000081600000| PB 0x0000000081500000| Untracked |  0
|  22|0x0000000081600000, 0x0000000081700000, 0x0000000081700000|100%| O|  |TAMS 0x0000000081700000| PB 0x0000000081600000| Untracked |  0
|  23|0x0000000081700000, 0x0000000081800000, 0x0000000081800000|100%| O|  |TAMS 0x0000000081800000| PB 0x0000000081700000| Untracked |  0
|  24|0x0000000081800000, 0x0000000081900000, 0x0000000081900000|100%| O|  |TAMS 0x0000000081900000| PB 0x0000000081800000| Untracked |  0
|  25|0x0000000081900000, 0x0000000081a00000, 0x0000000081a00000|100%| O|  |TAMS 0x0000000081a00000| PB 0x0000000081900000| Untracked |  0
|  26|0x0000000081a00000, 0x0000000081b00000, 0x0000000081b00000|100%|HS|  |TAMS 0x0000000081b00000| PB 0x0000000081a00000| Complete |  0
|  27|0x0000000081b00000, 0x0000000081c00000, 0x0000000081c00000|100%| O|  |TAMS 0x0000000081c00000| PB 0x0000000081b00000| Untracked |  0
|  28|0x0000000081c00000, 0x0000000081d00000, 0x0000000081d00000|100%| O|  |TAMS 0x0000000081d00000| PB 0x0000000081c00000| Untracked |  0
|  29|0x0000000081d00000, 0x0000000081e00000, 0x0000000081e00000|100%|HS|  |TAMS 0x0000000081e00000| PB 0x0000000081d00000| Complete |  0
|  30|0x0000000081e00000, 0x0000000081f00000, 0x0000000081f00000|100%|HS|  |TAMS 0x0000000081f00000| PB 0x0000000081e00000| Complete |  0
|  31|0x0000000081f00000, 0x0000000082000000, 0x0000000082000000|100%|HC|  |TAMS 0x0000000082000000| PB 0x0000000081f00000| Complete |  0
|  32|0x0000000082000000, 0x0000000082100000, 0x0000000082100000|100%|HS|  |TAMS 0x0000000082100000| PB 0x0000000082000000| Complete |  0
|  33|0x0000000082100000, 0x0000000082200000, 0x0000000082200000|100%|HS|  |TAMS 0x0000000082200000| PB 0x0000000082100000| Complete |  0
|  34|0x0000000082200000, 0x0000000082300000, 0x0000000082300000|100%| O|  |TAMS 0x0000000082300000| PB 0x0000000082200000| Untracked |  0
|  35|0x0000000082300000, 0x0000000082400000, 0x0000000082400000|100%| O|  |TAMS 0x0000000082400000| PB 0x0000000082300000| Untracked |  0
|  36|0x0000000082400000, 0x0000000082500000, 0x0000000082500000|100%| O|  |TAMS 0x0000000082500000| PB 0x0000000082400000| Untracked |  0
|  37|0x0000000082500000, 0x0000000082600000, 0x0000000082600000|100%| O|  |TAMS 0x0000000082600000| PB 0x0000000082500000| Untracked |  0
|  38|0x0000000082600000, 0x0000000082700000, 0x0000000082700000|100%| O|  |TAMS 0x0000000082700000| PB 0x0000000082600000| Untracked |  0
|  39|0x0000000082700000, 0x0000000082800000, 0x0000000082800000|100%| O|  |TAMS 0x0000000082800000| PB 0x0000000082700000| Untracked |  0
|  40|0x0000000082800000, 0x0000000082900000, 0x0000000082900000|100%| O|  |TAMS 0x0000000082900000| PB 0x0000000082800000| Untracked |  0
|  41|0x0000000082900000, 0x0000000082a00000, 0x0000000082a00000|100%| O|  |TAMS 0x0000000082a00000| PB 0x0000000082900000| Untracked |  0
|  42|0x0000000082a00000, 0x0000000082b00000, 0x0000000082b00000|100%| O|  |TAMS 0x0000000082b00000| PB 0x0000000082a00000| Untracked |  0
|  43|0x0000000082b00000, 0x0000000082c00000, 0x0000000082c00000|100%|HS|  |TAMS 0x0000000082c00000| PB 0x0000000082b00000| Complete |  0
|  44|0x0000000082c00000, 0x0000000082d00000, 0x0000000082d00000|100%| O|  |TAMS 0x0000000082d00000| PB 0x0000000082c00000| Untracked |  0
|  45|0x0000000082d00000, 0x0000000082e00000, 0x0000000082e00000|100%| O|  |TAMS 0x0000000082e00000| PB 0x0000000082d00000| Untracked |  0
|  46|0x0000000082e00000, 0x0000000082f00000, 0x0000000082f00000|100%| O|  |TAMS 0x0000000082f00000| PB 0x0000000082e00000| Untracked |  0
|  47|0x0000000082f00000, 0x0000000083000000, 0x0000000083000000|100%| O|  |TAMS 0x0000000083000000| PB 0x0000000082f00000| Untracked |  0
|  48|0x0000000083000000, 0x0000000083100000, 0x0000000083100000|100%| O|  |TAMS 0x0000000083100000| PB 0x0000000083000000| Untracked |  0
|  49|0x0000000083100000, 0x0000000083200000, 0x0000000083200000|100%| O|  |TAMS 0x0000000083200000| PB 0x0000000083100000| Untracked |  0
|  50|0x0000000083200000, 0x0000000083300000, 0x0000000083300000|100%| O|  |TAMS 0x0000000083300000| PB 0x0000000083200000| Untracked |  0
|  51|0x0000000083300000, 0x0000000083400000, 0x0000000083400000|100%| O|  |TAMS 0x0000000083400000| PB 0x0000000083300000| Untracked |  0
|  52|0x0000000083400000, 0x0000000083500000, 0x0000000083500000|100%| O|  |TAMS 0x0000000083500000| PB 0x0000000083400000| Untracked |  0
|  53|0x0000000083500000, 0x0000000083600000, 0x0000000083600000|100%| O|  |TAMS 0x0000000083600000| PB 0x0000000083500000| Untracked |  0
|  54|0x0000000083600000, 0x0000000083700000, 0x0000000083700000|100%| O|  |TAMS 0x0000000083700000| PB 0x0000000083600000| Untracked |  0
|  55|0x0000000083700000, 0x0000000083800000, 0x0000000083800000|100%| O|  |TAMS 0x0000000083800000| PB 0x0000000083700000| Untracked |  0
|  56|0x0000000083800000, 0x0000000083900000, 0x0000000083900000|100%| O|  |TAMS 0x0000000083900000| PB 0x0000000083800000| Untracked |  0
|  57|0x0000000083900000, 0x0000000083a00000, 0x0000000083a00000|100%|HS|  |TAMS 0x0000000083a00000| PB 0x0000000083900000| Complete |  0
|  58|0x0000000083a00000, 0x0000000083b00000, 0x0000000083b00000|100%|HS|  |TAMS 0x0000000083b00000| PB 0x0000000083a00000| Complete |  0
|  59|0x0000000083b00000, 0x0000000083c00000, 0x0000000083c00000|100%| O|  |TAMS 0x0000000083c00000| PB 0x0000000083b00000| Untracked |  0
|  60|0x0000000083c00000, 0x0000000083d00000, 0x0000000083d00000|100%| O|  |TAMS 0x0000000083d00000| PB 0x0000000083c00000| Untracked |  0
|  61|0x0000000083d00000, 0x0000000083e00000, 0x0000000083e00000|100%| O|  |TAMS 0x0000000083e00000| PB 0x0000000083d00000| Untracked |  0
|  62|0x0000000083e00000, 0x0000000083f00000, 0x0000000083f00000|100%| O|  |TAMS 0x0000000083f00000| PB 0x0000000083e00000| Untracked |  0
|  63|0x0000000083f00000, 0x0000000084000000, 0x0000000084000000|100%| O|  |TAMS 0x0000000084000000| PB 0x0000000083f00000| Untracked |  0
|  64|0x0000000084000000, 0x0000000084100000, 0x0000000084100000|100%| O|  |TAMS 0x0000000084100000| PB 0x0000000084000000| Untracked |  0
|  65|0x0000000084100000, 0x0000000084200000, 0x0000000084200000|100%|HS|  |TAMS 0x0000000084200000| PB 0x0000000084100000| Complete |  0
|  66|0x0000000084200000, 0x0000000084300000, 0x0000000084300000|100%|HC|  |TAMS 0x0000000084300000| PB 0x0000000084200000| Complete |  0
|  67|0x0000000084300000, 0x0000000084400000, 0x0000000084400000|100%|HS|  |TAMS 0x0000000084400000| PB 0x0000000084300000| Complete |  0
|  68|0x0000000084400000, 0x0000000084500000, 0x0000000084500000|100%| O|  |TAMS 0x0000000084500000| PB 0x0000000084400000| Untracked |  0
|  69|0x0000000084500000, 0x0000000084600000, 0x0000000084600000|100%| O|  |TAMS 0x0000000084600000| PB 0x0000000084500000| Untracked |  0
|  70|0x0000000084600000, 0x0000000084700000, 0x0000000084700000|100%| O|  |TAMS 0x0000000084700000| PB 0x0000000084600000| Untracked |  0
|  71|0x0000000084700000, 0x0000000084800000, 0x0000000084800000|100%| O|  |TAMS 0x0000000084800000| PB 0x0000000084700000| Untracked |  0
|  72|0x0000000084800000, 0x0000000084900000, 0x0000000084900000|100%| O|  |TAMS 0x0000000084900000| PB 0x0000000084800000| Untracked |  0
|  73|0x0000000084900000, 0x0000000084a00000, 0x0000000084a00000|100%| O|  |TAMS 0x0000000084a00000| PB 0x0000000084900000| Untracked |  0
|  74|0x0000000084a00000, 0x0000000084b00000, 0x0000000084b00000|100%| O|  |TAMS 0x0000000084b00000| PB 0x0000000084a00000| Untracked |  0
|  75|0x0000000084b00000, 0x0000000084c00000, 0x0000000084c00000|100%| O|  |TAMS 0x0000000084c00000| PB 0x0000000084b00000| Untracked |  0
|  76|0x0000000084c00000, 0x0000000084d00000, 0x0000000084d00000|100%| O|  |TAMS 0x0000000084d00000| PB 0x0000000084c00000| Untracked |  0
|  77|0x0000000084d00000, 0x0000000084e00000, 0x0000000084e00000|100%| O|  |TAMS 0x0000000084e00000| PB 0x0000000084d00000| Untracked |  0
|  78|0x0000000084e00000, 0x0000000084f00000, 0x0000000084f00000|100%| O|  |TAMS 0x0000000084f00000| PB 0x0000000084e00000| Untracked |  0
|  79|0x0000000084f00000, 0x0000000085000000, 0x0000000085000000|100%| O|  |TAMS 0x0000000085000000| PB 0x0000000084f00000| Untracked |  0
|  80|0x0000000085000000, 0x0000000085100000, 0x0000000085100000|100%| O|  |TAMS 0x0000000085100000| PB 0x0000000085000000| Untracked |  0
|  81|0x0000000085100000, 0x0000000085200000, 0x0000000085200000|100%| O|  |TAMS 0x0000000085200000| PB 0x0000000085100000| Untracked |  0
|  82|0x0000000085200000, 0x0000000085300000, 0x0000000085300000|100%| O|  |TAMS 0x0000000085300000| PB 0x0000000085200000| Untracked |  0
|  83|0x0000000085300000, 0x0000000085400000, 0x0000000085400000|100%| O|  |TAMS 0x0000000085400000| PB 0x0000000085300000| Untracked |  0
|  84|0x0000000085400000, 0x0000000085500000, 0x0000000085500000|100%| O|  |TAMS 0x0000000085500000| PB 0x0000000085400000| Untracked |  0
|  85|0x0000000085500000, 0x0000000085600000, 0x0000000085600000|100%| O|  |TAMS 0x0000000085600000| PB 0x0000000085500000| Untracked |  0
|  86|0x0000000085600000, 0x0000000085700000, 0x0000000085700000|100%| O|  |TAMS 0x0000000085700000| PB 0x0000000085600000| Untracked |  0
|  87|0x0000000085700000, 0x0000000085800000, 0x0000000085800000|100%| O|  |TAMS 0x0000000085800000| PB 0x0000000085700000| Untracked |  0
|  88|0x0000000085800000, 0x0000000085900000, 0x0000000085900000|100%| O|  |TAMS 0x0000000085900000| PB 0x0000000085800000| Untracked |  0
|  89|0x0000000085900000, 0x0000000085a00000, 0x0000000085a00000|100%| O|  |TAMS 0x0000000085a00000| PB 0x0000000085900000| Untracked |  0
|  90|0x0000000085a00000, 0x0000000085b00000, 0x0000000085b00000|100%| O|  |TAMS 0x0000000085b00000| PB 0x0000000085a00000| Untracked |  0
|  91|0x0000000085b00000, 0x0000000085c00000, 0x0000000085c00000|100%| O|  |TAMS 0x0000000085c00000| PB 0x0000000085b00000| Untracked |  0
|  92|0x0000000085c00000, 0x0000000085d00000, 0x0000000085d00000|100%| O|  |TAMS 0x0000000085d00000| PB 0x0000000085c00000| Untracked |  0
|  93|0x0000000085d00000, 0x0000000085e00000, 0x0000000085e00000|100%| O|  |TAMS 0x0000000085e00000| PB 0x0000000085d00000| Untracked |  0
|  94|0x0000000085e00000, 0x0000000085f00000, 0x0000000085f00000|100%| O|  |TAMS 0x0000000085f00000| PB 0x0000000085e00000| Untracked |  0
|  95|0x0000000085f00000, 0x0000000086000000, 0x0000000086000000|100%| O|  |TAMS 0x0000000086000000| PB 0x0000000085f00000| Untracked |  0
|  96|0x0000000086000000, 0x0000000086100000, 0x0000000086100000|100%| O|  |TAMS 0x0000000086100000| PB 0x0000000086000000| Untracked |  0
|  97|0x0000000086100000, 0x0000000086200000, 0x0000000086200000|100%| O|  |TAMS 0x0000000086200000| PB 0x0000000086100000| Untracked |  0
|  98|0x0000000086200000, 0x0000000086300000, 0x0000000086300000|100%| O|  |TAMS 0x0000000086300000| PB 0x0000000086200000| Untracked |  0
|  99|0x0000000086300000, 0x0000000086400000, 0x0000000086400000|100%| O|  |TAMS 0x0000000086400000| PB 0x0000000086300000| Untracked |  0
| 100|0x0000000086400000, 0x0000000086500000, 0x0000000086500000|100%| O|  |TAMS 0x0000000086500000| PB 0x0000000086400000| Untracked |  0
| 101|0x0000000086500000, 0x0000000086600000, 0x0000000086600000|100%| O|  |TAMS 0x0000000086600000| PB 0x0000000086500000| Untracked |  0
| 102|0x0000000086600000, 0x0000000086700000, 0x0000000086700000|100%| O|  |TAMS 0x0000000086700000| PB 0x0000000086600000| Untracked |  0
| 103|0x0000000086700000, 0x0000000086800000, 0x0000000086800000|100%| O|  |TAMS 0x0000000086800000| PB 0x0000000086700000| Untracked |  0
| 104|0x0000000086800000, 0x0000000086900000, 0x0000000086900000|100%| O|  |TAMS 0x0000000086900000| PB 0x0000000086800000| Untracked |  0
| 105|0x0000000086900000, 0x0000000086a00000, 0x0000000086a00000|100%| O|  |TAMS 0x0000000086a00000| PB 0x0000000086900000| Untracked |  0
| 106|0x0000000086a00000, 0x0000000086b00000, 0x0000000086b00000|100%| O|  |TAMS 0x0000000086b00000| PB 0x0000000086a00000| Untracked |  0
| 107|0x0000000086b00000, 0x0000000086c00000, 0x0000000086c00000|100%| O|  |TAMS 0x0000000086c00000| PB 0x0000000086b00000| Untracked |  0
| 108|0x0000000086c00000, 0x0000000086d00000, 0x0000000086d00000|100%| O|  |TAMS 0x0000000086d00000| PB 0x0000000086c00000| Untracked |  0
| 109|0x0000000086d00000, 0x0000000086e00000, 0x0000000086e00000|100%| O|  |TAMS 0x0000000086e00000| PB 0x0000000086d00000| Untracked |  0
| 110|0x0000000086e00000, 0x0000000086f00000, 0x0000000086f00000|100%| O|  |TAMS 0x0000000086f00000| PB 0x0000000086e00000| Untracked |  0
| 111|0x0000000086f00000, 0x0000000087000000, 0x0000000087000000|100%| O|  |TAMS 0x0000000087000000| PB 0x0000000086f00000| Untracked |  0
| 112|0x0000000087000000, 0x0000000087100000, 0x0000000087100000|100%| O|  |TAMS 0x0000000087100000| PB 0x0000000087000000| Untracked |  0
| 113|0x0000000087100000, 0x0000000087200000, 0x0000000087200000|100%| O|  |TAMS 0x0000000087200000| PB 0x0000000087100000| Untracked |  0
| 114|0x0000000087200000, 0x0000000087300000, 0x0000000087300000|100%| O|  |TAMS 0x0000000087300000| PB 0x0000000087200000| Untracked |  0
| 115|0x0000000087300000, 0x0000000087400000, 0x0000000087400000|100%| O|  |TAMS 0x0000000087400000| PB 0x0000000087300000| Untracked |  0
| 116|0x0000000087400000, 0x0000000087500000, 0x0000000087500000|100%| O|  |TAMS 0x0000000087500000| PB 0x0000000087400000| Untracked |  0
| 117|0x0000000087500000, 0x0000000087600000, 0x0000000087600000|100%| O|  |TAMS 0x0000000087600000| PB 0x0000000087500000| Untracked |  0
| 118|0x0000000087600000, 0x0000000087700000, 0x0000000087700000|100%|HS|  |TAMS 0x0000000087700000| PB 0x0000000087600000| Complete |  0
| 119|0x0000000087700000, 0x0000000087800000, 0x0000000087800000|100%| O|  |TAMS 0x0000000087800000| PB 0x0000000087700000| Untracked |  0
| 120|0x0000000087800000, 0x0000000087900000, 0x0000000087900000|100%| O|  |TAMS 0x0000000087900000| PB 0x0000000087800000| Untracked |  0
| 121|0x0000000087900000, 0x0000000087a00000, 0x0000000087a00000|100%| O|  |TAMS 0x0000000087a00000| PB 0x0000000087900000| Untracked |  0
| 122|0x0000000087a00000, 0x0000000087b00000, 0x0000000087b00000|100%| O|  |TAMS 0x0000000087b00000| PB 0x0000000087a00000| Untracked |  0
| 123|0x0000000087b00000, 0x0000000087c00000, 0x0000000087c00000|100%| O|  |TAMS 0x0000000087c00000| PB 0x0000000087b00000| Untracked |  0
| 124|0x0000000087c00000, 0x0000000087d00000, 0x0000000087d00000|100%| O|  |TAMS 0x0000000087d00000| PB 0x0000000087c00000| Untracked |  0
| 125|0x0000000087d00000, 0x0000000087e00000, 0x0000000087e00000|100%| O|  |TAMS 0x0000000087d00000| PB 0x0000000087d00000| Untracked |  0
| 126|0x0000000087e00000, 0x0000000087f00000, 0x0000000087f00000|100%| O|  |TAMS 0x0000000087e00000| PB 0x0000000087e00000| Untracked |  0
| 127|0x0000000087f00000, 0x0000000088000000, 0x0000000088000000|100%| O|  |TAMS 0x0000000087f00000| PB 0x0000000087f00000| Untracked |  0
| 128|0x0000000088000000, 0x0000000088100000, 0x0000000088100000|100%| O|  |TAMS 0x0000000088100000| PB 0x0000000088000000| Untracked |  0
| 129|0x0000000088100000, 0x0000000088200000, 0x0000000088200000|100%| O|  |TAMS 0x0000000088200000| PB 0x0000000088100000| Untracked |  0
| 130|0x0000000088200000, 0x0000000088300000, 0x0000000088300000|100%| O|  |TAMS 0x0000000088300000| PB 0x0000000088200000| Untracked |  0
| 131|0x0000000088300000, 0x0000000088400000, 0x0000000088400000|100%| O|  |TAMS 0x0000000088300000| PB 0x0000000088300000| Untracked |  0
| 132|0x0000000088400000, 0x0000000088500000, 0x0000000088500000|100%| O|  |TAMS 0x0000000088500000| PB 0x0000000088400000| Untracked |  0
| 133|0x0000000088500000, 0x0000000088600000, 0x0000000088600000|100%|HS|  |TAMS 0x0000000088600000| PB 0x0000000088500000| Complete |  0
| 134|0x0000000088600000, 0x0000000088700000, 0x0000000088700000|100%|HS|  |TAMS 0x0000000088700000| PB 0x0000000088600000| Complete |  0
| 135|0x0000000088700000, 0x0000000088800000, 0x0000000088800000|100%| O|  |TAMS 0x0000000088800000| PB 0x0000000088700000| Untracked |  0
| 136|0x0000000088800000, 0x0000000088900000, 0x0000000088900000|100%| O|  |TAMS 0x0000000088900000| PB 0x0000000088800000| Untracked |  0
| 137|0x0000000088900000, 0x0000000088a00000, 0x0000000088a00000|100%| O|  |TAMS 0x0000000088a00000| PB 0x0000000088900000| Untracked |  0
| 138|0x0000000088a00000, 0x0000000088b00000, 0x0000000088b00000|100%| O|  |TAMS 0x0000000088b00000| PB 0x0000000088a00000| Untracked |  0
| 139|0x0000000088b00000, 0x0000000088c00000, 0x0000000088c00000|100%| O|  |TAMS 0x0000000088c00000| PB 0x0000000088b00000| Untracked |  0
| 140|0x0000000088c00000, 0x0000000088d00000, 0x0000000088d00000|100%| O|  |TAMS 0x0000000088d00000| PB 0x0000000088c00000| Untracked |  0
| 141|0x0000000088d00000, 0x0000000088e00000, 0x0000000088e00000|100%| O|  |TAMS 0x0000000088d00000| PB 0x0000000088d00000| Untracked |  0
| 142|0x0000000088e00000, 0x0000000088f00000, 0x0000000088f00000|100%| O|  |TAMS 0x0000000088f00000| PB 0x0000000088e00000| Untracked |  0
| 143|0x0000000088f00000, 0x0000000089000000, 0x0000000089000000|100%| O|  |TAMS 0x0000000088f00000| PB 0x0000000088f00000| Untracked |  0
| 144|0x0000000089000000, 0x0000000089100000, 0x0000000089100000|100%| O|  |TAMS 0x0000000089100000| PB 0x0000000089000000| Untracked |  0
| 145|0x0000000089100000, 0x0000000089200000, 0x0000000089200000|100%| O|  |TAMS 0x0000000089200000| PB 0x0000000089100000| Untracked |  0
| 146|0x0000000089200000, 0x0000000089300000, 0x0000000089300000|100%| O|  |TAMS 0x0000000089300000| PB 0x0000000089200000| Untracked |  0
| 147|0x0000000089300000, 0x0000000089400000, 0x0000000089400000|100%| O|  |TAMS 0x0000000089400000| PB 0x0000000089300000| Untracked |  0
| 148|0x0000000089400000, 0x0000000089500000, 0x0000000089500000|100%| O|  |TAMS 0x0000000089500000| PB 0x0000000089400000| Untracked |  0
| 149|0x0000000089500000, 0x0000000089600000, 0x0000000089600000|100%| O|  |TAMS 0x0000000089500000| PB 0x0000000089500000| Untracked |  0
| 150|0x0000000089600000, 0x0000000089700000, 0x0000000089700000|100%| O|  |TAMS 0x0000000089700000| PB 0x0000000089600000| Untracked |  0
| 151|0x0000000089700000, 0x0000000089800000, 0x0000000089800000|100%| O|  |TAMS 0x0000000089800000| PB 0x0000000089700000| Untracked |  0
| 152|0x0000000089800000, 0x0000000089900000, 0x0000000089900000|100%| O|  |TAMS 0x0000000089900000| PB 0x0000000089800000| Untracked |  0
| 153|0x0000000089900000, 0x0000000089a00000, 0x0000000089a00000|100%| O|  |TAMS 0x0000000089a00000| PB 0x0000000089900000| Untracked |  0
| 154|0x0000000089a00000, 0x0000000089b00000, 0x0000000089b00000|100%| O|  |TAMS 0x0000000089b00000| PB 0x0000000089a00000| Untracked |  0
| 155|0x0000000089b00000, 0x0000000089c00000, 0x0000000089c00000|100%| O|  |TAMS 0x0000000089c00000| PB 0x0000000089b00000| Untracked |  0
| 156|0x0000000089c00000, 0x0000000089d00000, 0x0000000089d00000|100%| O|  |TAMS 0x0000000089c00000| PB 0x0000000089c00000| Untracked |  0
| 157|0x0000000089d00000, 0x0000000089e00000, 0x0000000089e00000|100%| O|  |TAMS 0x0000000089d00000| PB 0x0000000089d00000| Untracked |  0
| 158|0x0000000089e00000, 0x0000000089f00000, 0x0000000089f00000|100%| O|  |TAMS 0x0000000089e00000| PB 0x0000000089e00000| Untracked |  0
| 159|0x0000000089f00000, 0x000000008a000000, 0x000000008a000000|100%|HS|  |TAMS 0x000000008a000000| PB 0x0000000089f00000| Complete |  0
| 160|0x000000008a000000, 0x000000008a100000, 0x000000008a100000|100%|HS|  |TAMS 0x000000008a100000| PB 0x000000008a000000| Complete |  0
| 161|0x000000008a100000, 0x000000008a200000, 0x000000008a200000|100%| O|  |TAMS 0x000000008a200000| PB 0x000000008a100000| Untracked |  0
| 162|0x000000008a200000, 0x000000008a300000, 0x000000008a300000|100%| O|  |TAMS 0x000000008a200000| PB 0x000000008a200000| Untracked |  0
| 163|0x000000008a300000, 0x000000008a400000, 0x000000008a400000|100%| O|  |TAMS 0x000000008a400000| PB 0x000000008a300000| Untracked |  0
| 164|0x000000008a400000, 0x000000008a500000, 0x000000008a500000|100%| O|  |TAMS 0x000000008a400000| PB 0x000000008a400000| Untracked |  0
| 165|0x000000008a500000, 0x000000008a600000, 0x000000008a600000|100%| O|  |TAMS 0x000000008a500000| PB 0x000000008a500000| Untracked |  0
| 166|0x000000008a600000, 0x000000008a700000, 0x000000008a700000|100%| O|  |TAMS 0x000000008a700000| PB 0x000000008a600000| Untracked |  0
| 167|0x000000008a700000, 0x000000008a800000, 0x000000008a800000|100%| O|  |TAMS 0x000000008a800000| PB 0x000000008a700000| Untracked |  0
| 168|0x000000008a800000, 0x000000008a8f7d48, 0x000000008a900000| 96%| O|  |TAMS 0x000000008a800000| PB 0x000000008a800000| Untracked |  0
| 169|0x000000008a900000, 0x000000008aa00000, 0x000000008aa00000|100%|HS|  |TAMS 0x000000008aa00000| PB 0x000000008a900000| Complete |  0
| 170|0x000000008aa00000, 0x000000008ab00000, 0x000000008ab00000|100%| O|  |TAMS 0x000000008ab00000| PB 0x000000008aa00000| Untracked |  0
| 171|0x000000008ab00000, 0x000000008ac00000, 0x000000008ac00000|100%| O|  |TAMS 0x000000008ac00000| PB 0x000000008ab00000| Untracked |  0
| 172|0x000000008ac00000, 0x000000008ad00000, 0x000000008ad00000|100%|HS|  |TAMS 0x000000008ad00000| PB 0x000000008ac00000| Complete |  0
| 173|0x000000008ad00000, 0x000000008ae00000, 0x000000008ae00000|100%|HC|  |TAMS 0x000000008ae00000| PB 0x000000008ad00000| Complete |  0
| 174|0x000000008ae00000, 0x000000008af00000, 0x000000008af00000|100%|HC|  |TAMS 0x000000008af00000| PB 0x000000008ae00000| Complete |  0
| 175|0x000000008af00000, 0x000000008b000000, 0x000000008b000000|100%| O|  |TAMS 0x000000008b000000| PB 0x000000008af00000| Untracked |  0
| 176|0x000000008b000000, 0x000000008b100000, 0x000000008b100000|100%| O|  |TAMS 0x000000008b100000| PB 0x000000008b000000| Untracked |  0
| 177|0x000000008b100000, 0x000000008b200000, 0x000000008b200000|100%| O|  |TAMS 0x000000008b200000| PB 0x000000008b100000| Untracked |  0
| 178|0x000000008b200000, 0x000000008b300000, 0x000000008b300000|100%| O|  |TAMS 0x000000008b300000| PB 0x000000008b200000| Untracked |  0
| 179|0x000000008b300000, 0x000000008b400000, 0x000000008b400000|100%| O|  |TAMS 0x000000008b400000| PB 0x000000008b300000| Untracked |  0
| 180|0x000000008b400000, 0x000000008b500000, 0x000000008b500000|100%| O|  |TAMS 0x000000008b500000| PB 0x000000008b400000| Untracked |  0
| 181|0x000000008b500000, 0x000000008b600000, 0x000000008b600000|100%| O|  |TAMS 0x000000008b600000| PB 0x000000008b500000| Untracked |  0
| 182|0x000000008b600000, 0x000000008b700000, 0x000000008b700000|100%| O|  |TAMS 0x000000008b700000| PB 0x000000008b600000| Untracked |  0
| 183|0x000000008b700000, 0x000000008b800000, 0x000000008b800000|100%| O|  |TAMS 0x000000008b800000| PB 0x000000008b700000| Untracked |  0
| 184|0x000000008b800000, 0x000000008b900000, 0x000000008b900000|100%| O|  |TAMS 0x000000008b900000| PB 0x000000008b800000| Untracked |  0
| 185|0x000000008b900000, 0x000000008ba00000, 0x000000008ba00000|100%| O|  |TAMS 0x000000008ba00000| PB 0x000000008b900000| Untracked |  0
| 186|0x000000008ba00000, 0x000000008bb00000, 0x000000008bb00000|100%| O|  |TAMS 0x000000008bb00000| PB 0x000000008ba00000| Untracked |  0
| 187|0x000000008bb00000, 0x000000008bc00000, 0x000000008bc00000|100%| O|  |TAMS 0x000000008bc00000| PB 0x000000008bb00000| Untracked |  0
| 188|0x000000008bc00000, 0x000000008bd00000, 0x000000008bd00000|100%| O|  |TAMS 0x000000008bd00000| PB 0x000000008bc00000| Untracked |  0
| 189|0x000000008bd00000, 0x000000008be00000, 0x000000008be00000|100%| O|  |TAMS 0x000000008be00000| PB 0x000000008bd00000| Untracked |  0
| 190|0x000000008be00000, 0x000000008bf00000, 0x000000008bf00000|100%| O|  |TAMS 0x000000008bf00000| PB 0x000000008be00000| Untracked |  0
| 191|0x000000008bf00000, 0x000000008c000000, 0x000000008c000000|100%| O|  |TAMS 0x000000008c000000| PB 0x000000008bf00000| Untracked |  0
| 192|0x000000008c000000, 0x000000008c100000, 0x000000008c100000|100%|HS|  |TAMS 0x000000008c100000| PB 0x000000008c000000| Complete |  0
| 193|0x000000008c100000, 0x000000008c200000, 0x000000008c200000|100%|HC|  |TAMS 0x000000008c200000| PB 0x000000008c100000| Complete |  0
| 194|0x000000008c200000, 0x000000008c300000, 0x000000008c300000|100%|HC|  |TAMS 0x000000008c300000| PB 0x000000008c200000| Complete |  0
| 195|0x000000008c300000, 0x000000008c400000, 0x000000008c400000|100%|HC|  |TAMS 0x000000008c400000| PB 0x000000008c300000| Complete |  0
| 196|0x000000008c400000, 0x000000008c500000, 0x000000008c500000|100%|HC|  |TAMS 0x000000008c500000| PB 0x000000008c400000| Complete |  0
| 197|0x000000008c500000, 0x000000008c600000, 0x000000008c600000|100%|HC|  |TAMS 0x000000008c600000| PB 0x000000008c500000| Complete |  0
| 198|0x000000008c600000, 0x000000008c700000, 0x000000008c700000|100%|HC|  |TAMS 0x000000008c700000| PB 0x000000008c600000| Complete |  0
| 199|0x000000008c700000, 0x000000008c800000, 0x000000008c800000|100%| O|  |TAMS 0x000000008c800000| PB 0x000000008c700000| Untracked |  0
| 200|0x000000008c800000, 0x000000008c900000, 0x000000008c900000|100%|HS|  |TAMS 0x000000008c900000| PB 0x000000008c800000| Complete |  0
| 201|0x000000008c900000, 0x000000008ca00000, 0x000000008ca00000|100%|HC|  |TAMS 0x000000008ca00000| PB 0x000000008c900000| Complete |  0
| 202|0x000000008ca00000, 0x000000008cb00000, 0x000000008cb00000|100%|HS|  |TAMS 0x000000008cb00000| PB 0x000000008ca00000| Complete |  0
| 203|0x000000008cb00000, 0x000000008cc00000, 0x000000008cc00000|100%|HS|  |TAMS 0x000000008cc00000| PB 0x000000008cb00000| Complete |  0
| 204|0x000000008cc00000, 0x000000008cd00000, 0x000000008cd00000|100%|HS|  |TAMS 0x000000008cd00000| PB 0x000000008cc00000| Complete |  0
| 205|0x000000008cd00000, 0x000000008ce00000, 0x000000008ce00000|100%|HC|  |TAMS 0x000000008ce00000| PB 0x000000008cd00000| Complete |  0
| 206|0x000000008ce00000, 0x000000008cf00000, 0x000000008cf00000|100%|HC|  |TAMS 0x000000008cf00000| PB 0x000000008ce00000| Complete |  0
| 207|0x000000008cf00000, 0x000000008d000000, 0x000000008d000000|100%|HC|  |TAMS 0x000000008d000000| PB 0x000000008cf00000| Complete |  0
| 208|0x000000008d000000, 0x000000008d100000, 0x000000008d100000|100%|HC|  |TAMS 0x000000008d100000| PB 0x000000008d000000| Complete |  0
| 209|0x000000008d100000, 0x000000008d200000, 0x000000008d200000|100%|HC|  |TAMS 0x000000008d200000| PB 0x000000008d100000| Complete |  0
| 210|0x000000008d200000, 0x000000008d300000, 0x000000008d300000|100%|HS|  |TAMS 0x000000008d300000| PB 0x000000008d200000| Complete |  0
| 211|0x000000008d300000, 0x000000008d400000, 0x000000008d400000|100%|HC|  |TAMS 0x000000008d400000| PB 0x000000008d300000| Complete |  0
| 212|0x000000008d400000, 0x000000008d500000, 0x000000008d500000|100%|HS|  |TAMS 0x000000008d500000| PB 0x000000008d400000| Complete |  0
| 213|0x000000008d500000, 0x000000008d600000, 0x000000008d600000|100%|HC|  |TAMS 0x000000008d600000| PB 0x000000008d500000| Complete |  0
| 214|0x000000008d600000, 0x000000008d700000, 0x000000008d700000|100%|HC|  |TAMS 0x000000008d700000| PB 0x000000008d600000| Complete |  0
| 215|0x000000008d700000, 0x000000008d800000, 0x000000008d800000|100%|HC|  |TAMS 0x000000008d800000| PB 0x000000008d700000| Complete |  0
| 216|0x000000008d800000, 0x000000008d900000, 0x000000008d900000|100%|HC|  |TAMS 0x000000008d900000| PB 0x000000008d800000| Complete |  0
| 217|0x000000008d900000, 0x000000008da00000, 0x000000008da00000|100%|HS|  |TAMS 0x000000008da00000| PB 0x000000008d900000| Complete |  0
| 218|0x000000008da00000, 0x000000008db00000, 0x000000008db00000|100%| O|  |TAMS 0x000000008db00000| PB 0x000000008da00000| Untracked |  0
| 219|0x000000008db00000, 0x000000008dc00000, 0x000000008dc00000|100%| O|  |TAMS 0x000000008dc00000| PB 0x000000008db00000| Untracked |  0
| 220|0x000000008dc00000, 0x000000008dd00000, 0x000000008dd00000|100%| O|  |TAMS 0x000000008dd00000| PB 0x000000008dc00000| Untracked |  0
| 221|0x000000008dd00000, 0x000000008de00000, 0x000000008de00000|100%| O|  |TAMS 0x000000008de00000| PB 0x000000008dd00000| Untracked |  0
| 222|0x000000008de00000, 0x000000008df00000, 0x000000008df00000|100%| O|  |TAMS 0x000000008df00000| PB 0x000000008de00000| Untracked |  0
| 223|0x000000008df00000, 0x000000008e000000, 0x000000008e000000|100%| O|  |TAMS 0x000000008e000000| PB 0x000000008df00000| Untracked |  0
| 224|0x000000008e000000, 0x000000008e100000, 0x000000008e100000|100%| O|  |TAMS 0x000000008e100000| PB 0x000000008e000000| Untracked |  0
| 225|0x000000008e100000, 0x000000008e200000, 0x000000008e200000|100%| O|  |TAMS 0x000000008e200000| PB 0x000000008e100000| Untracked |  0
| 226|0x000000008e200000, 0x000000008e300000, 0x000000008e300000|100%| O|  |TAMS 0x000000008e300000| PB 0x000000008e200000| Untracked |  0
| 227|0x000000008e300000, 0x000000008e400000, 0x000000008e400000|100%| O|  |TAMS 0x000000008e3720d0| PB 0x000000008e300000| Untracked |  0
| 228|0x000000008e400000, 0x000000008e400000, 0x000000008e500000|  0%| F|  |TAMS 0x000000008e400000| PB 0x000000008e400000| Untracked |  0
| 229|0x000000008e500000, 0x000000008e500000, 0x000000008e600000|  0%| F|  |TAMS 0x000000008e500000| PB 0x000000008e500000| Untracked |  0
| 230|0x000000008e600000, 0x000000008e600000, 0x000000008e700000|  0%| F|  |TAMS 0x000000008e600000| PB 0x000000008e600000| Untracked |  0
| 231|0x000000008e700000, 0x000000008e700000, 0x000000008e800000|  0%| F|  |TAMS 0x000000008e700000| PB 0x000000008e700000| Untracked |  0
| 232|0x000000008e800000, 0x000000008e800000, 0x000000008e900000|  0%| F|  |TAMS 0x000000008e800000| PB 0x000000008e800000| Untracked |  0
| 233|0x000000008e900000, 0x000000008e900000, 0x000000008ea00000|  0%| F|  |TAMS 0x000000008e900000| PB 0x000000008e900000| Untracked |  0
| 234|0x000000008ea00000, 0x000000008ea00000, 0x000000008eb00000|  0%| F|  |TAMS 0x000000008ea00000| PB 0x000000008ea00000| Untracked |  0
| 235|0x000000008eb00000, 0x000000008eb00000, 0x000000008ec00000|  0%| F|  |TAMS 0x000000008eb00000| PB 0x000000008eb00000| Untracked |  0
| 236|0x000000008ec00000, 0x000000008ec00000, 0x000000008ed00000|  0%| F|  |TAMS 0x000000008ec00000| PB 0x000000008ec00000| Untracked |  0
| 237|0x000000008ed00000, 0x000000008ed00000, 0x000000008ee00000|  0%| F|  |TAMS 0x000000008ed00000| PB 0x000000008ed00000| Untracked |  0
| 238|0x000000008ee00000, 0x000000008ee00000, 0x000000008ef00000|  0%| F|  |TAMS 0x000000008ee00000| PB 0x000000008ee00000| Untracked |  0
| 239|0x000000008ef00000, 0x000000008ef00000, 0x000000008f000000|  0%| F|  |TAMS 0x000000008ef00000| PB 0x000000008ef00000| Untracked |  0
| 240|0x000000008f000000, 0x000000008f000000, 0x000000008f100000|  0%| F|  |TAMS 0x000000008f000000| PB 0x000000008f000000| Untracked |  0
| 241|0x000000008f100000, 0x000000008f100000, 0x000000008f200000|  0%| F|  |TAMS 0x000000008f100000| PB 0x000000008f100000| Untracked |  0
| 242|0x000000008f200000, 0x000000008f200000, 0x000000008f300000|  0%| F|  |TAMS 0x000000008f200000| PB 0x000000008f200000| Untracked |  0
| 243|0x000000008f300000, 0x000000008f300000, 0x000000008f400000|  0%| F|  |TAMS 0x000000008f300000| PB 0x000000008f300000| Untracked |  0
| 244|0x000000008f400000, 0x000000008f400000, 0x000000008f500000|  0%| F|  |TAMS 0x000000008f400000| PB 0x000000008f400000| Untracked |  0
| 245|0x000000008f500000, 0x000000008f500000, 0x000000008f600000|  0%| F|  |TAMS 0x000000008f500000| PB 0x000000008f500000| Untracked |  0
| 246|0x000000008f600000, 0x000000008f600000, 0x000000008f700000|  0%| F|  |TAMS 0x000000008f600000| PB 0x000000008f600000| Untracked |  0
| 247|0x000000008f700000, 0x000000008f700000, 0x000000008f800000|  0%| F|  |TAMS 0x000000008f700000| PB 0x000000008f700000| Untracked |  0
| 248|0x000000008f800000, 0x000000008f800000, 0x000000008f900000|  0%| F|  |TAMS 0x000000008f800000| PB 0x000000008f800000| Untracked |  0
| 249|0x000000008f900000, 0x000000008f900000, 0x000000008fa00000|  0%| F|  |TAMS 0x000000008f900000| PB 0x000000008f900000| Untracked |  0
| 250|0x000000008fa00000, 0x000000008fa00000, 0x000000008fb00000|  0%| F|  |TAMS 0x000000008fa00000| PB 0x000000008fa00000| Untracked |  0
| 251|0x000000008fb00000, 0x000000008fb00000, 0x000000008fc00000|  0%| F|  |TAMS 0x000000008fb00000| PB 0x000000008fb00000| Untracked |  0
| 252|0x000000008fc00000, 0x000000008fc00000, 0x000000008fd00000|  0%| F|  |TAMS 0x000000008fc00000| PB 0x000000008fc00000| Untracked |  0
| 253|0x000000008fd00000, 0x000000008fd00000, 0x000000008fe00000|  0%| F|  |TAMS 0x000000008fd00000| PB 0x000000008fd00000| Untracked |  0
| 254|0x000000008fe00000, 0x000000008fe00000, 0x000000008ff00000|  0%| F|  |TAMS 0x000000008fe00000| PB 0x000000008fe00000| Untracked |  0
| 255|0x000000008ff00000, 0x000000008ff80020, 0x0000000090000000| 50%| S|CS|TAMS 0x000000008ff00000| PB 0x000000008ff00000| Complete |  0
| 256|0x0000000090000000, 0x0000000090100000, 0x0000000090100000|100%| S|CS|TAMS 0x0000000090000000| PB 0x0000000090000000| Complete |  0
| 257|0x0000000090100000, 0x0000000090200000, 0x0000000090200000|100%| S|CS|TAMS 0x0000000090100000| PB 0x0000000090100000| Complete |  0
| 258|0x0000000090200000, 0x0000000090300000, 0x0000000090300000|100%| S|CS|TAMS 0x0000000090200000| PB 0x0000000090200000| Complete |  0
| 259|0x0000000090300000, 0x0000000090400000, 0x0000000090400000|100%| S|CS|TAMS 0x0000000090300000| PB 0x0000000090300000| Complete |  0
| 260|0x0000000090400000, 0x0000000090500000, 0x0000000090500000|100%| S|CS|TAMS 0x0000000090400000| PB 0x0000000090400000| Complete |  0
| 261|0x0000000090500000, 0x0000000090600000, 0x0000000090600000|100%| S|CS|TAMS 0x0000000090500000| PB 0x0000000090500000| Complete |  0
| 262|0x0000000090600000, 0x0000000090700000, 0x0000000090700000|100%| S|CS|TAMS 0x0000000090600000| PB 0x0000000090600000| Complete |  0
| 263|0x0000000090700000, 0x0000000090800000, 0x0000000090800000|100%| S|CS|TAMS 0x0000000090700000| PB 0x0000000090700000| Complete |  0
| 264|0x0000000090800000, 0x0000000090800000, 0x0000000090900000|  0%| F|  |TAMS 0x0000000090800000| PB 0x0000000090800000| Untracked |  0
| 265|0x0000000090900000, 0x0000000090900000, 0x0000000090a00000|  0%| F|  |TAMS 0x0000000090900000| PB 0x0000000090900000| Untracked |  0
| 266|0x0000000090a00000, 0x0000000090a00000, 0x0000000090b00000|  0%| F|  |TAMS 0x0000000090a00000| PB 0x0000000090a00000| Untracked |  0
| 267|0x0000000090b00000, 0x0000000090b00000, 0x0000000090c00000|  0%| F|  |TAMS 0x0000000090b00000| PB 0x0000000090b00000| Untracked |  0
| 268|0x0000000090c00000, 0x0000000090c00000, 0x0000000090d00000|  0%| F|  |TAMS 0x0000000090c00000| PB 0x0000000090c00000| Untracked |  0
| 269|0x0000000090d00000, 0x0000000090d00000, 0x0000000090e00000|  0%| F|  |TAMS 0x0000000090d00000| PB 0x0000000090d00000| Untracked |  0
| 270|0x0000000090e00000, 0x0000000090e00000, 0x0000000090f00000|  0%| F|  |TAMS 0x0000000090e00000| PB 0x0000000090e00000| Untracked |  0
| 271|0x0000000090f00000, 0x0000000090f00000, 0x0000000091000000|  0%| F|  |TAMS 0x0000000090f00000| PB 0x0000000090f00000| Untracked |  0
| 272|0x0000000091000000, 0x0000000091000000, 0x0000000091100000|  0%| F|  |TAMS 0x0000000091000000| PB 0x0000000091000000| Untracked |  0
| 273|0x0000000091100000, 0x0000000091100000, 0x0000000091200000|  0%| F|  |TAMS 0x0000000091100000| PB 0x0000000091100000| Untracked |  0
| 274|0x0000000091200000, 0x0000000091200000, 0x0000000091300000|  0%| F|  |TAMS 0x0000000091200000| PB 0x0000000091200000| Untracked |  0
| 275|0x0000000091300000, 0x0000000091300000, 0x0000000091400000|  0%| F|  |TAMS 0x0000000091300000| PB 0x0000000091300000| Untracked |  0
| 276|0x0000000091400000, 0x0000000091400000, 0x0000000091500000|  0%| F|  |TAMS 0x0000000091400000| PB 0x0000000091400000| Untracked |  0
| 277|0x0000000091500000, 0x0000000091500000, 0x0000000091600000|  0%| F|  |TAMS 0x0000000091500000| PB 0x0000000091500000| Untracked |  0
| 278|0x0000000091600000, 0x0000000091600000, 0x0000000091700000|  0%| F|  |TAMS 0x0000000091600000| PB 0x0000000091600000| Untracked |  0
| 279|0x0000000091700000, 0x0000000091700000, 0x0000000091800000|  0%| F|  |TAMS 0x0000000091700000| PB 0x0000000091700000| Untracked |  0
| 280|0x0000000091800000, 0x0000000091800000, 0x0000000091900000|  0%| F|  |TAMS 0x0000000091800000| PB 0x0000000091800000| Untracked |  0
| 281|0x0000000091900000, 0x0000000091900000, 0x0000000091a00000|  0%| F|  |TAMS 0x0000000091900000| PB 0x0000000091900000| Untracked |  0
| 282|0x0000000091a00000, 0x0000000091a00000, 0x0000000091b00000|  0%| F|  |TAMS 0x0000000091a00000| PB 0x0000000091a00000| Untracked |  0
| 283|0x0000000091b00000, 0x0000000091b00000, 0x0000000091c00000|  0%| F|  |TAMS 0x0000000091b00000| PB 0x0000000091b00000| Untracked |  0
| 284|0x0000000091c00000, 0x0000000091c00000, 0x0000000091d00000|  0%| F|  |TAMS 0x0000000091c00000| PB 0x0000000091c00000| Untracked |  0
| 285|0x0000000091d00000, 0x0000000091d00000, 0x0000000091e00000|  0%| F|  |TAMS 0x0000000091d00000| PB 0x0000000091d00000| Untracked |  0
| 286|0x0000000091e00000, 0x0000000091e00000, 0x0000000091f00000|  0%| F|  |TAMS 0x0000000091e00000| PB 0x0000000091e00000| Untracked |  0
| 287|0x0000000091f00000, 0x0000000091f00000, 0x0000000092000000|  0%| F|  |TAMS 0x0000000091f00000| PB 0x0000000091f00000| Untracked |  0
| 288|0x0000000092000000, 0x0000000092000000, 0x0000000092100000|  0%| F|  |TAMS 0x0000000092000000| PB 0x0000000092000000| Untracked |  0
| 289|0x0000000092100000, 0x0000000092100000, 0x0000000092200000|  0%| F|  |TAMS 0x0000000092100000| PB 0x0000000092100000| Untracked |  0
| 290|0x0000000092200000, 0x0000000092200000, 0x0000000092300000|  0%| F|  |TAMS 0x0000000092200000| PB 0x0000000092200000| Untracked |  0
| 291|0x0000000092300000, 0x0000000092300000, 0x0000000092400000|  0%| F|  |TAMS 0x0000000092300000| PB 0x0000000092300000| Untracked |  0
| 292|0x0000000092400000, 0x0000000092400000, 0x0000000092500000|  0%| F|  |TAMS 0x0000000092400000| PB 0x0000000092400000| Untracked |  0
| 293|0x0000000092500000, 0x0000000092500000, 0x0000000092600000|  0%| F|  |TAMS 0x0000000092500000| PB 0x0000000092500000| Untracked |  0
| 294|0x0000000092600000, 0x0000000092600000, 0x0000000092700000|  0%| F|  |TAMS 0x0000000092600000| PB 0x0000000092600000| Untracked |  0
| 295|0x0000000092700000, 0x0000000092700000, 0x0000000092800000|  0%| F|  |TAMS 0x0000000092700000| PB 0x0000000092700000| Untracked |  0
| 296|0x0000000092800000, 0x0000000092800000, 0x0000000092900000|  0%| F|  |TAMS 0x0000000092800000| PB 0x0000000092800000| Untracked |  0
| 297|0x0000000092900000, 0x0000000092900000, 0x0000000092a00000|  0%| F|  |TAMS 0x0000000092900000| PB 0x0000000092900000| Untracked |  0
| 298|0x0000000092a00000, 0x0000000092a00000, 0x0000000092b00000|  0%| F|  |TAMS 0x0000000092a00000| PB 0x0000000092a00000| Untracked |  0
| 299|0x0000000092b00000, 0x0000000092b00000, 0x0000000092c00000|  0%| F|  |TAMS 0x0000000092b00000| PB 0x0000000092b00000| Untracked |  0
| 300|0x0000000092c00000, 0x0000000092c00000, 0x0000000092d00000|  0%| F|  |TAMS 0x0000000092c00000| PB 0x0000000092c00000| Untracked |  0
| 301|0x0000000092d00000, 0x0000000092d00000, 0x0000000092e00000|  0%| F|  |TAMS 0x0000000092d00000| PB 0x0000000092d00000| Untracked |  0
| 302|0x0000000092e00000, 0x0000000092e00000, 0x0000000092f00000|  0%| F|  |TAMS 0x0000000092e00000| PB 0x0000000092e00000| Untracked |  0
| 303|0x0000000092f00000, 0x0000000092f00000, 0x0000000093000000|  0%| F|  |TAMS 0x0000000092f00000| PB 0x0000000092f00000| Untracked |  0
| 304|0x0000000093000000, 0x0000000093000000, 0x0000000093100000|  0%| F|  |TAMS 0x0000000093000000| PB 0x0000000093000000| Untracked |  0
| 305|0x0000000093100000, 0x0000000093100000, 0x0000000093200000|  0%| F|  |TAMS 0x0000000093100000| PB 0x0000000093100000| Untracked |  0
| 306|0x0000000093200000, 0x0000000093200000, 0x0000000093300000|  0%| F|  |TAMS 0x0000000093200000| PB 0x0000000093200000| Untracked |  0
| 307|0x0000000093300000, 0x0000000093300000, 0x0000000093400000|  0%| F|  |TAMS 0x0000000093300000| PB 0x0000000093300000| Untracked |  0
| 308|0x0000000093400000, 0x0000000093400000, 0x0000000093500000|  0%| F|  |TAMS 0x0000000093400000| PB 0x0000000093400000| Untracked |  0
| 309|0x0000000093500000, 0x0000000093500000, 0x0000000093600000|  0%| F|  |TAMS 0x0000000093500000| PB 0x0000000093500000| Untracked |  0
| 310|0x0000000093600000, 0x0000000093600000, 0x0000000093700000|  0%| F|  |TAMS 0x0000000093600000| PB 0x0000000093600000| Untracked |  0
| 311|0x0000000093700000, 0x0000000093700000, 0x0000000093800000|  0%| F|  |TAMS 0x0000000093700000| PB 0x0000000093700000| Untracked |  0
| 312|0x0000000093800000, 0x0000000093800000, 0x0000000093900000|  0%| F|  |TAMS 0x0000000093800000| PB 0x0000000093800000| Untracked |  0
| 313|0x0000000093900000, 0x0000000093900000, 0x0000000093a00000|  0%| F|  |TAMS 0x0000000093900000| PB 0x0000000093900000| Untracked |  0
| 314|0x0000000093a00000, 0x0000000093a00000, 0x0000000093b00000|  0%| F|  |TAMS 0x0000000093a00000| PB 0x0000000093a00000| Untracked |  0
| 315|0x0000000093b00000, 0x0000000093b00000, 0x0000000093c00000|  0%| F|  |TAMS 0x0000000093b00000| PB 0x0000000093b00000| Untracked |  0
| 316|0x0000000093c00000, 0x0000000093c00000, 0x0000000093d00000|  0%| F|  |TAMS 0x0000000093c00000| PB 0x0000000093c00000| Untracked |  0
| 317|0x0000000093d00000, 0x0000000093d00000, 0x0000000093e00000|  0%| F|  |TAMS 0x0000000093d00000| PB 0x0000000093d00000| Untracked |  0
| 318|0x0000000093e00000, 0x0000000093e00000, 0x0000000093f00000|  0%| F|  |TAMS 0x0000000093e00000| PB 0x0000000093e00000| Untracked |  0
| 319|0x0000000093f00000, 0x0000000093f00000, 0x0000000094000000|  0%| F|  |TAMS 0x0000000093f00000| PB 0x0000000093f00000| Untracked |  0
| 320|0x0000000094000000, 0x0000000094000000, 0x0000000094100000|  0%| F|  |TAMS 0x0000000094000000| PB 0x0000000094000000| Untracked |  0
| 321|0x0000000094100000, 0x0000000094100000, 0x0000000094200000|  0%| F|  |TAMS 0x0000000094100000| PB 0x0000000094100000| Untracked |  0
| 322|0x0000000094200000, 0x0000000094200000, 0x0000000094300000|  0%| F|  |TAMS 0x0000000094200000| PB 0x0000000094200000| Untracked |  0
| 323|0x0000000094300000, 0x0000000094300000, 0x0000000094400000|  0%| F|  |TAMS 0x0000000094300000| PB 0x0000000094300000| Untracked |  0
| 324|0x0000000094400000, 0x0000000094400000, 0x0000000094500000|  0%| F|  |TAMS 0x0000000094400000| PB 0x0000000094400000| Untracked |  0
| 325|0x0000000094500000, 0x0000000094500000, 0x0000000094600000|  0%| F|  |TAMS 0x0000000094500000| PB 0x0000000094500000| Untracked |  0
| 326|0x0000000094600000, 0x0000000094600000, 0x0000000094700000|  0%| F|  |TAMS 0x0000000094600000| PB 0x0000000094600000| Untracked |  0
| 327|0x0000000094700000, 0x0000000094700000, 0x0000000094800000|  0%| F|  |TAMS 0x0000000094700000| PB 0x0000000094700000| Untracked |  0
| 328|0x0000000094800000, 0x0000000094800000, 0x0000000094900000|  0%| F|  |TAMS 0x0000000094800000| PB 0x0000000094800000| Untracked |  0
| 329|0x0000000094900000, 0x0000000094900000, 0x0000000094a00000|  0%| F|  |TAMS 0x0000000094900000| PB 0x0000000094900000| Untracked |  0
| 330|0x0000000094a00000, 0x0000000094a00000, 0x0000000094b00000|  0%| F|  |TAMS 0x0000000094a00000| PB 0x0000000094a00000| Untracked |  0
| 331|0x0000000094b00000, 0x0000000094b00000, 0x0000000094c00000|  0%| F|  |TAMS 0x0000000094b00000| PB 0x0000000094b00000| Untracked |  0
| 332|0x0000000094c00000, 0x0000000094c00000, 0x0000000094d00000|  0%| F|  |TAMS 0x0000000094c00000| PB 0x0000000094c00000| Untracked |  0
| 333|0x0000000094d00000, 0x0000000094d00000, 0x0000000094e00000|  0%| F|  |TAMS 0x0000000094d00000| PB 0x0000000094d00000| Untracked |  0
| 334|0x0000000094e00000, 0x0000000094e00000, 0x0000000094f00000|  0%| F|  |TAMS 0x0000000094e00000| PB 0x0000000094e00000| Untracked |  0
| 335|0x0000000094f00000, 0x0000000094f00000, 0x0000000095000000|  0%| F|  |TAMS 0x0000000094f00000| PB 0x0000000094f00000| Untracked |  0
| 336|0x0000000095000000, 0x0000000095000000, 0x0000000095100000|  0%| F|  |TAMS 0x0000000095000000| PB 0x0000000095000000| Untracked |  0
| 337|0x0000000095100000, 0x0000000095100000, 0x0000000095200000|  0%| F|  |TAMS 0x0000000095100000| PB 0x0000000095100000| Untracked |  0
| 338|0x0000000095200000, 0x0000000095200000, 0x0000000095300000|  0%| F|  |TAMS 0x0000000095200000| PB 0x0000000095200000| Untracked |  0
|2022|0x00000000fe600000, 0x00000000fe700000, 0x00000000fe700000|100%| O|  |TAMS 0x00000000fe700000| PB 0x00000000fe600000| Untracked |  0
|2023|0x00000000fe700000, 0x00000000fe700000, 0x00000000fe800000|  0%| F|  |TAMS 0x00000000fe700000| PB 0x00000000fe700000| Untracked |  0
|2024|0x00000000fe800000, 0x00000000fe800000, 0x00000000fe900000|  0%| F|  |TAMS 0x00000000fe800000| PB 0x00000000fe800000| Untracked |  0
|2025|0x00000000fe900000, 0x00000000fe900000, 0x00000000fea00000|  0%| F|  |TAMS 0x00000000fe900000| PB 0x00000000fe900000| Untracked |  0
|2026|0x00000000fea00000, 0x00000000fea00000, 0x00000000feb00000|  0%| F|  |TAMS 0x00000000fea00000| PB 0x00000000fea00000| Untracked |  0
|2027|0x00000000feb00000, 0x00000000fec00000, 0x00000000fec00000|100%| O|  |TAMS 0x00000000fec00000| PB 0x00000000feb00000| Untracked |  0
|2028|0x00000000fec00000, 0x00000000fed00000, 0x00000000fed00000|100%| O|  |TAMS 0x00000000fed00000| PB 0x00000000fec00000| Untracked |  0
|2029|0x00000000fed00000, 0x00000000fee00000, 0x00000000fee00000|100%| O|  |TAMS 0x00000000fee00000| PB 0x00000000fed00000| Untracked |  0
|2030|0x00000000fee00000, 0x00000000fef00000, 0x00000000fef00000|100%| O|  |TAMS 0x00000000fef00000| PB 0x00000000fee00000| Untracked |  0
|2031|0x00000000fef00000, 0x00000000fef00000, 0x00000000ff000000|  0%| F|  |TAMS 0x00000000fef00000| PB 0x00000000fef00000| Untracked |  0
|2032|0x00000000ff000000, 0x00000000ff100000, 0x00000000ff100000|100%| O|  |TAMS 0x00000000ff100000| PB 0x00000000ff000000| Untracked |  0
|2033|0x00000000ff100000, 0x00000000ff100000, 0x00000000ff200000|  0%| F|  |TAMS 0x00000000ff100000| PB 0x00000000ff100000| Untracked |  0
|2034|0x00000000ff200000, 0x00000000ff300000, 0x00000000ff300000|100%| O|  |TAMS 0x00000000ff300000| PB 0x00000000ff200000| Untracked |  0
|2035|0x00000000ff300000, 0x00000000ff300000, 0x00000000ff400000|  0%| F|  |TAMS 0x00000000ff300000| PB 0x00000000ff300000| Untracked |  0
|2036|0x00000000ff400000, 0x00000000ff500000, 0x00000000ff500000|100%| O|  |TAMS 0x00000000ff500000| PB 0x00000000ff400000| Untracked |  0
|2037|0x00000000ff500000, 0x00000000ff600000, 0x00000000ff600000|100%| O|  |TAMS 0x00000000ff600000| PB 0x00000000ff500000| Untracked |  0
|2038|0x00000000ff600000, 0x00000000ff600000, 0x00000000ff700000|  0%| F|  |TAMS 0x00000000ff600000| PB 0x00000000ff600000| Untracked |  0
|2039|0x00000000ff700000, 0x00000000ff700000, 0x00000000ff800000|  0%| F|  |TAMS 0x00000000ff700000| PB 0x00000000ff700000| Untracked |  0
|2040|0x00000000ff800000, 0x00000000ff800000, 0x00000000ff900000|  0%| F|  |TAMS 0x00000000ff800000| PB 0x00000000ff800000| Untracked |  0
|2041|0x00000000ff900000, 0x00000000ff900000, 0x00000000ffa00000|  0%| F|  |TAMS 0x00000000ff900000| PB 0x00000000ff900000| Untracked |  0
|2042|0x00000000ffa00000, 0x00000000ffb00000, 0x00000000ffb00000|100%| O|  |TAMS 0x00000000ffb00000| PB 0x00000000ffa00000| Untracked |  0
|2043|0x00000000ffb00000, 0x00000000ffb00000, 0x00000000ffc00000|  0%| F|  |TAMS 0x00000000ffb00000| PB 0x00000000ffb00000| Untracked |  0
|2044|0x00000000ffc00000, 0x00000000ffd00000, 0x00000000ffd00000|100%| O|  |TAMS 0x00000000ffd00000| PB 0x00000000ffc00000| Untracked |  0
|2045|0x00000000ffd00000, 0x00000000ffe00000, 0x00000000ffe00000|100%| O|  |TAMS 0x00000000ffe00000| PB 0x00000000ffd00000| Untracked |  0
|2046|0x00000000ffe00000, 0x00000000fff00000, 0x00000000fff00000|100%| O|  |TAMS 0x00000000fff00000| PB 0x00000000ffe00000| Untracked |  0
|2047|0x00000000fff00000, 0x0000000100000000, 0x0000000100000000|100%| O|  |TAMS 0x0000000100000000| PB 0x00000000fff00000| Untracked |  0

Card table byte_map: [0x000001e27c140000,0x000001e27c540000] _byte_map_base: 0x000001e27bd40000

Marking Bits: (CMBitMap*) 0x000001e268f0ddf0
 Bits: [0x000001e27c540000, 0x000001e27e540000)

Polling page: 0x000001e266b30000

Metaspace:
Metaspace        used 150777K, committed 153088K, reserved 1179648K
 class space     used 22353K, committed 23424K, reserved 1048576K

Usage:
  Non-class:    125.41 MB used.
      Class:     21.83 MB used.
       Both:    147.24 MB used.

Virtual space:
  Non-class space:      128.00 MB reserved,     126.62 MB ( 99%) committed,  2 nodes.
      Class space:        1.00 GB reserved,      22.88 MB (  2%) committed,  1 nodes.
             Both:        1.12 GB reserved,     149.50 MB ( 13%) committed. 

Chunk freelists:
   Non-Class:  976.00 KB
       Class:  9.01 MB
        Both:  9.96 MB

MaxMetaspaceSize: unlimited
CompressedClassSpaceSize: 1.00 GB
Initial GC threshold: 21.00 MB
Current GC threshold: 233.25 MB
CDS: off
 - commit_granule_bytes: 65536.
 - commit_granule_words: 8192.
 - virtual_space_node_default_size: 8388608.
 - enlarge_chunks_in_place: 1.
UseCompressedClassPointers 1, UseCompactObjectHeaders 0
Narrow klass pointer bits 32, Max shift 3
Narrow klass base: 0x0000000000000000, Narrow klass shift: 0
Encoding Range: [0x0000000000000000 - 0x0000000100000000), (4294967296 bytes)
Klass Range:    [0x0000000021000000 - 0x0000000061000000), (1073741824 bytes)
Klass ID Range:  [553648128 - 1627389945) (1073741817)
No protection zone.


Internal statistics:

num_allocs_failed_limit: 6.
num_arena_births: 4556.
num_arena_deaths: 2.
num_vsnodes_births: 3.
num_vsnodes_deaths: 0.
num_space_committed: 2391.
num_space_uncommitted: 0.
num_chunks_returned_to_freelist: 9.
num_chunks_taken_from_freelist: 10804.
num_chunk_merges: 3.
num_chunk_splits: 7254.
num_chunks_enlarged: 4793.
num_inconsistent_stats: 0.

CodeHeap 'non-profiled nmethods': size=119232Kb used=7918Kb max_used=7918Kb free=111314Kb
 bounds [0x000001e273f30000, 0x000001e2746f0000, 0x000001e27b3a0000]
CodeHeap 'profiled nmethods': size=119104Kb used=26449Kb max_used=26449Kb free=92655Kb
 bounds [0x000001e26c3a0000, 0x000001e26dd80000, 0x000001e2737f0000]
CodeHeap 'non-nmethods': size=7424Kb used=3807Kb max_used=3982Kb free=3616Kb
 bounds [0x000001e2737f0000, 0x000001e273be0000, 0x000001e273f30000]
CodeCache: size=245760Kb, used=38174Kb, max_used=38349Kb, free=207585Kb
 total_blobs=19014, nmethods=18032, adapters=882, full_count=0
Compilation: enabled, stopped_count=0, restarted_count=0

Compilation events (20 events):
Event: 38.068 Thread 0x000001e27f85da80 nmethod 21176 0x000001e26dd6e288 code [0x000001e26dd6e380, 0x000001e26dd6ed30]
Event: 38.068 Thread 0x000001e27f85da80 21174       3       sun.security.jca.GetInstance$Instance::<init> (15 bytes)
Event: 38.068 Thread 0x000001e27f85da80 nmethod 21174 0x000001e26dd6ed88 code [0x000001e26dd6ee80, 0x000001e26dd6f0a0]
Event: 38.068 Thread 0x000001e27f85da80 21180   !   3       java.security.MessageDigest$Delegate::of (84 bytes)
Event: 38.068 Thread 0x000001e27f745650 nmethod 21181 0x000001e26dd6f108 code [0x000001e26dd6f200, 0x000001e26dd6f7d8]
Event: 38.069 Thread 0x000001e27f85e290 nmethod 21178 0x000001e26dd6f808 code [0x000001e26dd6f900, 0x000001e26dd70ce8]
Event: 38.069 Thread 0x000001e27f85d270 nmethod 21172 0x000001e26dd70d08 code [0x000001e26dd70e00, 0x000001e26dd71ca0]
Event: 38.069 Thread 0x000001e27f85d270 21151       3       com.android.tools.r8.internal.ke::b (11 bytes)
Event: 38.069 Thread 0x000001e27f745650 21149       3       com.android.tools.r8.internal.u01$$Lambda/0x00000000226718c8::apply (12 bytes)
Event: 38.069 Thread 0x000001e27f85e290 21150       3       com.android.tools.r8.internal.u01::d (23 bytes)
Event: 38.069 Thread 0x000001e27f85d270 nmethod 21151 0x000001e26dd71d08 code [0x000001e26dd71e00, 0x000001e26dd71fc8]
Event: 38.069 Thread 0x000001e27f85d270 21168       3       com.android.tools.r8.internal.do2::e (2 bytes)
Event: 38.069 Thread 0x000001e27f85e290 nmethod 21150 0x000001e26dd72008 code [0x000001e26dd72100, 0x000001e26dd724f8]
Event: 38.069 Thread 0x000001e27f85d270 nmethod 21168 0x000001e26dd72588 code [0x000001e26dd72680, 0x000001e26dd72788]
Event: 38.069 Thread 0x000001e27f745650 nmethod 21149 0x000001e26dd72888 code [0x000001e26dd72980, 0x000001e26dd72e98]
Event: 38.069 Thread 0x000001e27f85e290 21183       3       com.android.tools.r8.internal.xk2::d (22 bytes)
Event: 38.069 Thread 0x000001e27f745650 21184       3       com.android.tools.r8.dex.e0::a (1091 bytes)
Event: 38.070 Thread 0x000001e27f85da80 nmethod 21180 0x000001e26dd72f08 code [0x000001e26dd73000, 0x000001e26dd73ff8]
Event: 38.070 Thread 0x000001e27f85e290 nmethod 21183 0x000001e26dd74008 code [0x000001e26dd74100, 0x000001e26dd743c8]
Event: 38.070 Thread 0x000001e27f85da80 21185   !   3       com.android.tools.r8.dex.j0::a (3162 bytes)

GC Heap Usage History (20 events):
Event: 33.646 {heap After GC invocations=55 (full 0):
 garbage-first heap   total reserved 2097152K, committed 221184K, used 140824K [0x0000000080000000, 0x0000000100000000)
  region size 1024K, 10 young (10240K), 10 survivors (10240K)
}
Event: 33.867 {heap Before GC invocations=55 (full 0):
 garbage-first heap   total reserved 2097152K, committed 221184K, used 204312K [0x0000000080000000, 0x0000000100000000)
  region size 1024K, 73 young (74752K), 10 survivors (10240K)
}
Event: 33.884 {heap After GC invocations=56 (full 0):
 garbage-first heap   total reserved 2097152K, committed 275456K, used 154624K [0x0000000080000000, 0x0000000100000000)
  region size 1024K, 10 young (10240K), 10 survivors (10240K)
}
Event: 34.119 {heap Before GC invocations=57 (full 0):
 garbage-first heap   total reserved 2097152K, committed 275456K, used 243712K [0x0000000080000000, 0x0000000100000000)
  region size 1024K, 97 young (99328K), 10 survivors (10240K)
}
Event: 34.140 {heap After GC invocations=58 (full 0):
 garbage-first heap   total reserved 2097152K, committed 278528K, used 177467K [0x0000000080000000, 0x0000000100000000)
  region size 1024K, 13 young (13312K), 13 survivors (13312K)
}
Event: 34.468 {heap Before GC invocations=58 (full 0):
 garbage-first heap   total reserved 2097152K, committed 278528K, used 245051K [0x0000000080000000, 0x0000000100000000)
  region size 1024K, 78 young (79872K), 13 survivors (13312K)
}
Event: 34.492 {heap After GC invocations=59 (full 0):
 garbage-first heap   total reserved 2097152K, committed 278528K, used 189682K [0x0000000080000000, 0x0000000100000000)
  region size 1024K, 10 young (10240K), 10 survivors (10240K)
}
Event: 34.503 {heap Before GC invocations=59 (full 0):
 garbage-first heap   total reserved 2097152K, committed 278528K, used 193778K [0x0000000080000000, 0x0000000100000000)
  region size 1024K, 16 young (16384K), 10 survivors (10240K)
}
Event: 34.515 {heap After GC invocations=60 (full 0):
 garbage-first heap   total reserved 2097152K, committed 278528K, used 192832K [0x0000000080000000, 0x0000000100000000)
  region size 1024K, 3 young (3072K), 3 survivors (3072K)
}
Event: 35.151 {heap Before GC invocations=61 (full 0):
 garbage-first heap   total reserved 2097152K, committed 326656K, used 250176K [0x0000000080000000, 0x0000000100000000)
  region size 1024K, 58 young (59392K), 3 survivors (3072K)
}
Event: 35.162 {heap After GC invocations=62 (full 0):
 garbage-first heap   total reserved 2097152K, committed 326656K, used 200871K [0x0000000080000000, 0x0000000100000000)
  region size 1024K, 8 young (8192K), 8 survivors (8192K)
}
Event: 36.125 {heap Before GC invocations=62 (full 0):
 garbage-first heap   total reserved 2097152K, committed 326656K, used 281767K [0x0000000080000000, 0x0000000100000000)
  region size 1024K, 85 young (87040K), 8 survivors (8192K)
}
Event: 36.136 {heap After GC invocations=63 (full 0):
 garbage-first heap   total reserved 2097152K, committed 326656K, used 205093K [0x0000000080000000, 0x0000000100000000)
  region size 1024K, 5 young (5120K), 5 survivors (5120K)
}
Event: 36.618 {heap Before GC invocations=63 (full 0):
 garbage-first heap   total reserved 2097152K, committed 326656K, used 246053K [0x0000000080000000, 0x0000000100000000)
  region size 1024K, 47 young (48128K), 5 survivors (5120K)
}
Event: 36.624 {heap After GC invocations=64 (full 0):
 garbage-first heap   total reserved 2097152K, committed 326656K, used 206293K [0x0000000080000000, 0x0000000100000000)
  region size 1024K, 6 young (6144K), 6 survivors (6144K)
}
Event: 37.607 {heap Before GC invocations=65 (full 0):
 garbage-first heap   total reserved 2097152K, committed 373760K, used 328149K [0x0000000080000000, 0x0000000100000000)
  region size 1024K, 89 young (91136K), 6 survivors (6144K)
}
Event: 37.615 {heap After GC invocations=66 (full 0):
 garbage-first heap   total reserved 2097152K, committed 373760K, used 235736K [0x0000000080000000, 0x0000000100000000)
  region size 1024K, 11 young (11264K), 11 survivors (11264K)
}
Event: 38.032 {heap Before GC invocations=66 (full 0):
 garbage-first heap   total reserved 2097152K, committed 373760K, used 336088K [0x0000000080000000, 0x0000000100000000)
  region size 1024K, 108 young (110592K), 11 survivors (11264K)
}
Event: 38.049 {heap After GC invocations=67 (full 0):
 garbage-first heap   total reserved 2097152K, committed 373760K, used 247240K [0x0000000080000000, 0x0000000100000000)
  region size 1024K, 14 young (14336K), 14 survivors (14336K)
}
Event: 38.071 {heap Before GC invocations=67 (full 0):
 garbage-first heap   total reserved 2097152K, committed 373760K, used 335304K [0x0000000080000000, 0x0000000100000000)
  region size 1024K, 101 young (103424K), 14 survivors (14336K)
}

Metaspace Usage History (20 events):
Event: 33.646 {metaspace After GC invocations=55 (full 0):
 Metaspace       used 129564K, committed 131904K, reserved 1179648K
  class space    used 19118K, committed 20224K, reserved 1048576K
}
Event: 33.867 {metaspace Before GC invocations=55 (full 0):
 Metaspace       used 130509K, committed 132864K, reserved 1179648K
  class space    used 19250K, committed 20352K, reserved 1048576K
}
Event: 33.884 {metaspace After GC invocations=56 (full 0):
 Metaspace       used 130509K, committed 132864K, reserved 1179648K
  class space    used 19250K, committed 20352K, reserved 1048576K
}
Event: 34.119 {metaspace Before GC invocations=57 (full 0):
 Metaspace       used 130525K, committed 132864K, reserved 1179648K
  class space    used 19252K, committed 20352K, reserved 1048576K
}
Event: 34.141 {metaspace After GC invocations=58 (full 0):
 Metaspace       used 130525K, committed 132864K, reserved 1179648K
  class space    used 19252K, committed 20352K, reserved 1048576K
}
Event: 34.468 {metaspace Before GC invocations=58 (full 0):
 Metaspace       used 130551K, committed 132864K, reserved 1179648K
  class space    used 19259K, committed 20352K, reserved 1048576K
}
Event: 34.492 {metaspace After GC invocations=59 (full 0):
 Metaspace       used 130551K, committed 132864K, reserved 1179648K
  class space    used 19259K, committed 20352K, reserved 1048576K
}
Event: 34.503 {metaspace Before GC invocations=59 (full 0):
 Metaspace       used 130566K, committed 132864K, reserved 1179648K
  class space    used 19260K, committed 20352K, reserved 1048576K
}
Event: 34.515 {metaspace After GC invocations=60 (full 0):
 Metaspace       used 130566K, committed 132864K, reserved 1179648K
  class space    used 19260K, committed 20352K, reserved 1048576K
}
Event: 35.151 {metaspace Before GC invocations=61 (full 0):
 Metaspace       used 132865K, committed 135232K, reserved 1179648K
  class space    used 19633K, committed 20736K, reserved 1048576K
}
Event: 35.162 {metaspace After GC invocations=62 (full 0):
 Metaspace       used 132865K, committed 135232K, reserved 1179648K
  class space    used 19633K, committed 20736K, reserved 1048576K
}
Event: 36.125 {metaspace Before GC invocations=62 (full 0):
 Metaspace       used 137743K, committed 140096K, reserved 1179648K
  class space    used 20382K, committed 21504K, reserved 1048576K
}
Event: 36.136 {metaspace After GC invocations=63 (full 0):
 Metaspace       used 137743K, committed 140096K, reserved 1179648K
  class space    used 20382K, committed 21504K, reserved 1048576K
}
Event: 36.618 {metaspace Before GC invocations=63 (full 0):
 Metaspace       used 140448K, committed 142784K, reserved 1179648K
  class space    used 20895K, committed 22016K, reserved 1048576K
}
Event: 36.624 {metaspace After GC invocations=64 (full 0):
 Metaspace       used 140448K, committed 142784K, reserved 1179648K
  class space    used 20895K, committed 22016K, reserved 1048576K
}
Event: 37.607 {metaspace Before GC invocations=65 (full 0):
 Metaspace       used 146580K, committed 148992K, reserved 1179648K
  class space    used 21601K, committed 22720K, reserved 1048576K
}
Event: 37.615 {metaspace After GC invocations=66 (full 0):
 Metaspace       used 146580K, committed 148992K, reserved 1179648K
  class space    used 21601K, committed 22720K, reserved 1048576K
}
Event: 38.032 {metaspace Before GC invocations=66 (full 0):
 Metaspace       used 150618K, committed 152960K, reserved 1179648K
  class space    used 22339K, committed 23424K, reserved 1048576K
}
Event: 38.049 {metaspace After GC invocations=67 (full 0):
 Metaspace       used 150618K, committed 152960K, reserved 1179648K
  class space    used 22339K, committed 23424K, reserved 1048576K
}
Event: 38.071 {metaspace Before GC invocations=67 (full 0):
 Metaspace       used 150777K, committed 153088K, reserved 1179648K
  class space    used 22353K, committed 23424K, reserved 1048576K
}

Dll operation events (3 events):
Event: 0.018 Loaded shared library E:\Android\AndroidStudio\jbr\bin\java.dll
Event: 0.027 Loaded shared library E:\Android\AndroidStudio\jbr\bin\zip.dll
Event: 2.069 Loaded shared library E:\Android\AndroidStudio\jbr\bin\verify.dll

Deoptimization events (20 events):
Event: 38.024 Thread 0x000001e20af91b30 Uncommon trap: trap_request=0xffffffde fr.pc=0x000001e273f5e78c relative=0x000000000000008c
Event: 38.024 Thread 0x000001e20af91b30 Uncommon trap: reason=class_check action=maybe_recompile pc=0x000001e273f5e78c method=java.security.MessageDigest$Delegate.engineDigest([BII)I @ 7 c2
Event: 38.024 Thread 0x000001e20af91b30 DEOPT PACKING pc=0x000001e273f5e78c sp=0x00000075d20fee10
Event: 38.024 Thread 0x000001e20af91b30 DEOPT UNPACKING pc=0x000001e273908582 sp=0x00000075d20fed28 mode 2
Event: 38.024 Thread 0x000001e20af89e30 Uncommon trap: trap_request=0xffffffde fr.pc=0x000001e273f5e78c relative=0x000000000000008c
Event: 38.024 Thread 0x000001e20af94240 Uncommon trap: trap_request=0xffffffde fr.pc=0x000001e273f5e78c relative=0x000000000000008c
Event: 38.024 Thread 0x000001e20af89e30 Uncommon trap: reason=class_check action=maybe_recompile pc=0x000001e273f5e78c method=java.security.MessageDigest$Delegate.engineDigest([BII)I @ 7 c2
Event: 38.024 Thread 0x000001e20af94240 Uncommon trap: reason=class_check action=maybe_recompile pc=0x000001e273f5e78c method=java.security.MessageDigest$Delegate.engineDigest([BII)I @ 7 c2
Event: 38.024 Thread 0x000001e20af8bd70 Uncommon trap: trap_request=0xffffffde fr.pc=0x000001e273f5e78c relative=0x000000000000008c
Event: 38.024 Thread 0x000001e20af89e30 DEOPT PACKING pc=0x000001e273f5e78c sp=0x00000075d19fecc0
Event: 38.024 Thread 0x000001e20af94240 DEOPT PACKING pc=0x000001e273f5e78c sp=0x00000075d23feed0
Event: 38.024 Thread 0x000001e20af8bd70 Uncommon trap: reason=class_check action=maybe_recompile pc=0x000001e273f5e78c method=java.security.MessageDigest$Delegate.engineDigest([BII)I @ 7 c2
Event: 38.024 Thread 0x000001e20af8bd70 DEOPT PACKING pc=0x000001e273f5e78c sp=0x00000075d1bfecb0
Event: 38.024 Thread 0x000001e20af94240 DEOPT UNPACKING pc=0x000001e273908582 sp=0x00000075d23fede8 mode 2
Event: 38.024 Thread 0x000001e20af89e30 DEOPT UNPACKING pc=0x000001e273908582 sp=0x00000075d19febd8 mode 2
Event: 38.024 Thread 0x000001e20af8bd70 DEOPT UNPACKING pc=0x000001e273908582 sp=0x00000075d1bfebc8 mode 2
Event: 38.027 Thread 0x000001e2133e37b0 Uncommon trap: trap_request=0xffffff45 fr.pc=0x000001e274186ee8 relative=0x00000000000002e8
Event: 38.027 Thread 0x000001e2133e37b0 Uncommon trap: reason=unstable_if action=reinterpret pc=0x000001e274186ee8 method=java.lang.String.indexOf([BBILjava/lang/String;I)I @ 22 c2
Event: 38.027 Thread 0x000001e2133e37b0 DEOPT PACKING pc=0x000001e274186ee8 sp=0x00000075d01f8250
Event: 38.027 Thread 0x000001e2133e37b0 DEOPT UNPACKING pc=0x000001e273908582 sp=0x00000075d01f81e0 mode 2

Classes loaded (20 events):
Event: 37.252 Loading class java/util/TreeMap$NavigableSubMap$EntrySetView done
Event: 37.252 Loading class java/util/TreeMap$DescendingSubMap$DescendingEntrySetView done
Event: 37.252 Loading class java/util/TreeMap$NavigableSubMap$DescendingSubMapEntryIterator
Event: 37.252 Loading class java/util/TreeMap$NavigableSubMap$SubMapIterator
Event: 37.253 Loading class java/util/TreeMap$NavigableSubMap$SubMapIterator done
Event: 37.253 Loading class java/util/TreeMap$NavigableSubMap$DescendingSubMapEntryIterator done
Event: 37.269 Loading class com/sun/org/apache/xerces/internal/dom/DeepNodeListImpl
Event: 37.270 Loading class com/sun/org/apache/xerces/internal/dom/DeepNodeListImpl done
Event: 37.487 Loading class java/util/IdentityHashMap$ValueIterator
Event: 37.487 Loading class java/util/IdentityHashMap$ValueIterator done
Event: 37.498 Loading class java/lang/reflect/Executable$ParameterData
Event: 37.498 Loading class java/lang/reflect/Executable$ParameterData done
Event: 37.958 Loading class java/util/DualPivotQuicksort$SortOperation
Event: 37.958 Loading class java/util/DualPivotQuicksort$SortOperation done
Event: 37.973 Loading class java/nio/ShortBuffer
Event: 37.973 Loading class java/nio/ShortBuffer done
Event: 38.005 Loading class java/nio/ByteBufferAsShortBufferL
Event: 38.006 Loading class java/nio/ByteBufferAsShortBufferL done
Event: 38.024 Loading class java/util/zip/Adler32
Event: 38.024 Loading class java/util/zip/Adler32 done

Classes unloaded (1 events):
Event: 34.725 Thread 0x000001e27f1410d0 Unloading class 0x00000000223e0400 'java/lang/invoke/LambdaForm$DMH+0x00000000223e0400'

Classes redefined (0 events):
No events

Internal exceptions (20 events):
Event: 37.988 Thread 0x000001e20af97120 Exception <a 'sun/nio/fs/WindowsException'{0x0000000091ba5d80}> (0x0000000091ba5d80) 
thrown [s\src\hotspot\share\prims\jni.cpp, line 535]
Event: 37.989 Thread 0x000001e20af97120 Exception <a 'sun/nio/fs/WindowsException'{0x0000000091bc93d8}> (0x0000000091bc93d8) 
thrown [s\src\hotspot\share\prims\jni.cpp, line 535]
Event: 37.991 Thread 0x000001e20af97120 Exception <a 'sun/nio/fs/WindowsException'{0x0000000091bf58c0}> (0x0000000091bf58c0) 
thrown [s\src\hotspot\share\prims\jni.cpp, line 535]
Event: 37.992 Thread 0x000001e20af97120 Exception <a 'sun/nio/fs/WindowsException'{0x0000000091a1cba0}> (0x0000000091a1cba0) 
thrown [s\src\hotspot\share\prims\jni.cpp, line 535]
Event: 37.993 Thread 0x000001e20af97120 Exception <a 'sun/nio/fs/WindowsException'{0x0000000091a30638}> (0x0000000091a30638) 
thrown [s\src\hotspot\share\prims\jni.cpp, line 535]
Event: 37.994 Thread 0x000001e20af97120 Exception <a 'sun/nio/fs/WindowsException'{0x0000000091a50f28}> (0x0000000091a50f28) 
thrown [s\src\hotspot\share\prims\jni.cpp, line 535]
Event: 37.997 Thread 0x000001e20af8d4e0 Exception <a 'sun/nio/fs/WindowsException'{0x0000000091a79c50}> (0x0000000091a79c50) 
thrown [s\src\hotspot\share\prims\jni.cpp, line 535]
Event: 37.999 Thread 0x000001e20af951e0 Exception <a 'sun/nio/fs/WindowsException'{0x000000009194d4d8}> (0x000000009194d4d8) 
thrown [s\src\hotspot\share\prims\jni.cpp, line 535]
Event: 38.001 Thread 0x000001e20af951e0 Exception <a 'sun/nio/fs/WindowsException'{0x000000009199a2f8}> (0x000000009199a2f8) 
thrown [s\src\hotspot\share\prims\jni.cpp, line 535]
Event: 38.003 Thread 0x000001e20af8f420 Exception <a 'sun/nio/fs/WindowsException'{0x00000000919b0120}> (0x00000000919b0120) 
thrown [s\src\hotspot\share\prims\jni.cpp, line 535]
Event: 38.004 Thread 0x000001e20af8f420 Exception <a 'sun/nio/fs/WindowsException'{0x000000009182e508}> (0x000000009182e508) 
thrown [s\src\hotspot\share\prims\jni.cpp, line 535]
Event: 38.008 Thread 0x000001e20af8cd10 Exception <a 'sun/nio/fs/WindowsException'{0x0000000091e98480}> (0x0000000091e98480) 
thrown [s\src\hotspot\share\prims\jni.cpp, line 535]
Event: 38.011 Thread 0x000001e20af8cd10 Exception <a 'sun/nio/fs/WindowsException'{0x0000000091e9d9e8}> (0x0000000091e9d9e8) 
thrown [s\src\hotspot\share\prims\jni.cpp, line 535]
Event: 38.013 Thread 0x000001e20af96180 Exception <a 'sun/nio/fs/WindowsException'{0x00000000914107a0}> (0x00000000914107a0) 
thrown [s\src\hotspot\share\prims\jni.cpp, line 535]
Event: 38.017 Thread 0x000001e20af87ef0 Exception <a 'sun/nio/fs/WindowsException'{0x00000000913d8e08}> (0x00000000913d8e08) 
thrown [s\src\hotspot\share\prims\jni.cpp, line 535]
Event: 38.018 Thread 0x000001e20af94240 Exception <a 'sun/nio/fs/WindowsException'{0x00000000912c4300}> (0x00000000912c4300) 
thrown [s\src\hotspot\share\prims\jni.cpp, line 535]
Event: 38.026 Thread 0x000001e20af91b30 Exception <a 'sun/nio/fs/WindowsException'{0x0000000090fa3028}> (0x0000000090fa3028) 
thrown [s\src\hotspot\share\prims\jni.cpp, line 535]
Event: 38.026 Thread 0x000001e2133e37b0 Exception <a 'sun/nio/fs/WindowsException'{0x0000000090fe8430}> (0x0000000090fe8430) 
thrown [s\src\hotspot\share\prims\jni.cpp, line 535]
Event: 38.027 Thread 0x000001e20af91b30 Exception <a 'sun/nio/fs/WindowsException'{0x0000000090fa78a0}> (0x0000000090fa78a0) 
thrown [s\src\hotspot\share\prims\jni.cpp, line 535]
Event: 38.027 Thread 0x000001e2133e37b0 Exception <a 'sun/nio/fs/WindowsException'{0x0000000090fef008}> (0x0000000090fef008) 
thrown [s\src\hotspot\share\prims\jni.cpp, line 535]

VM Operations (20 events):
Event: 37.240 Executing non-safepoint VM operation: HandshakeAllThreads (Deoptimize) done
Event: 37.353 Executing non-safepoint VM operation: HandshakeAllThreads (Deoptimize)
Event: 37.353 Executing non-safepoint VM operation: HandshakeAllThreads (Deoptimize) done
Event: 37.578 Executing non-safepoint VM operation: HandshakeAllThreads (Deoptimize)
Event: 37.579 Executing non-safepoint VM operation: HandshakeAllThreads (Deoptimize) done
Event: 37.583 Executing non-safepoint VM operation: HandshakeAllThreads (Deoptimize)
Event: 37.584 Executing non-safepoint VM operation: HandshakeAllThreads (Deoptimize) done
Event: 37.607 Executing safepoint VM operation: G1CollectForAllocation (G1 Evacuation Pause)
Event: 37.615 Executing safepoint VM operation: G1CollectForAllocation (G1 Evacuation Pause) done
Event: 37.905 Executing non-safepoint VM operation: HandshakeAllThreads (Deoptimize)
Event: 37.906 Executing non-safepoint VM operation: HandshakeAllThreads (Deoptimize) done
Event: 37.910 Executing non-safepoint VM operation: HandshakeAllThreads (Deoptimize)
Event: 37.910 Executing non-safepoint VM operation: HandshakeAllThreads (Deoptimize) done
Event: 37.914 Executing non-safepoint VM operation: HandshakeAllThreads (Deoptimize)
Event: 37.914 Executing non-safepoint VM operation: HandshakeAllThreads (Deoptimize) done
Event: 37.927 Executing non-safepoint VM operation: HandshakeAllThreads (Deoptimize)
Event: 37.928 Executing non-safepoint VM operation: HandshakeAllThreads (Deoptimize) done
Event: 38.032 Executing safepoint VM operation: G1CollectForAllocation (G1 Evacuation Pause)
Event: 38.049 Executing safepoint VM operation: G1CollectForAllocation (G1 Evacuation Pause) done
Event: 38.071 Executing safepoint VM operation: G1CollectForAllocation (G1 Evacuation Pause)

Memory protections (0 events):
No events

Nmethod flushes (20 events):
Event: 36.863 Thread 0x000001e27f1410d0 flushing  nmethod 0x000001e26cfd0f88
Event: 36.863 Thread 0x000001e27f1410d0 flushing  nmethod 0x000001e26d81bf88
Event: 36.863 Thread 0x000001e27f1410d0 flushing  nmethod 0x000001e26d81cc08
Event: 36.863 Thread 0x000001e27f1410d0 flushing  nmethod 0x000001e26d883c88
Event: 36.863 Thread 0x000001e27f1410d0 flushing  nmethod 0x000001e26d884588
Event: 36.863 Thread 0x000001e27f1410d0 flushing  nmethod 0x000001e26d884d08
Event: 36.863 Thread 0x000001e27f1410d0 flushing  nmethod 0x000001e26d885588
Event: 36.863 Thread 0x000001e27f1410d0 flushing  nmethod 0x000001e26d886108
Event: 36.863 Thread 0x000001e27f1410d0 flushing  nmethod 0x000001e26d887688
Event: 36.863 Thread 0x000001e27f1410d0 flushing  nmethod 0x000001e26d887c88
Event: 36.863 Thread 0x000001e27f1410d0 flushing  nmethod 0x000001e26d88a088
Event: 36.863 Thread 0x000001e27f1410d0 flushing  nmethod 0x000001e26d88a588
Event: 36.863 Thread 0x000001e27f1410d0 flushing  nmethod 0x000001e26d88ab08
Event: 36.863 Thread 0x000001e27f1410d0 flushing  nmethod 0x000001e26d88af88
Event: 36.863 Thread 0x000001e27f1410d0 flushing  nmethod 0x000001e26d88b688
Event: 36.863 Thread 0x000001e27f1410d0 flushing  nmethod 0x000001e26d88be08
Event: 36.863 Thread 0x000001e27f1410d0 flushing  nmethod 0x000001e26cf7d688
Event: 36.863 Thread 0x000001e27f1410d0 flushing  nmethod 0x000001e26d1d8488
Event: 36.863 Thread 0x000001e27f1410d0 flushing  nmethod 0x000001e26d857108
Event: 36.863 Thread 0x000001e27f1410d0 flushing  nmethod 0x000001e26d85a708

Events (20 events):
Event: 33.406 Thread 0x000001e2133e37b0 Thread added: 0x000001e20af8a600
Event: 33.491 Thread 0x000001e2133e8da0 Thread added: 0x000001e20af88e90
Event: 33.492 Thread 0x000001e2133e8da0 Thread added: 0x000001e20af89e30
Event: 33.492 Thread 0x000001e20af88e90 Thread added: 0x000001e20af87ef0
Event: 33.492 Thread 0x000001e2133e8da0 Thread added: 0x000001e20af8bd70
Event: 33.492 Thread 0x000001e20af89e30 Thread added: 0x000001e20af8d4e0
Event: 33.492 Thread 0x000001e2133e8da0 Thread added: 0x000001e20af8cd10
Event: 33.493 Thread 0x000001e20af87ef0 Thread added: 0x000001e20af8ec50
Event: 33.493 Thread 0x000001e2133e8da0 Thread added: 0x000001e20af8f420
Event: 33.495 Thread 0x000001e2133e8da0 Thread added: 0x000001e20af91b30
Event: 33.495 Thread 0x000001e2133e8da0 Thread added: 0x000001e20af92ad0
Event: 33.495 Thread 0x000001e20af91b30 Thread added: 0x000001e20af932a0
Event: 33.496 Thread 0x000001e2133e8da0 Thread added: 0x000001e20af94240
Event: 33.496 Thread 0x000001e20af92ad0 Thread added: 0x000001e20af951e0
Event: 33.496 Thread 0x000001e2133e8da0 Thread added: 0x000001e20af97120
Event: 33.497 Thread 0x000001e2133e8da0 Thread added: 0x000001e20af96180
Event: 33.497 Thread 0x000001e2133e8da0 Thread added: 0x000001e20af96950
Event: 35.727 Thread 0x000001e2133e9570 Thread added: 0x000001e20d6b4e70
Event: 36.838 Thread 0x000001e213a00650 Thread added: 0x000001e20d6ba460
Event: 37.867 Thread 0x000001e2133eace0 Thread added: 0x000001e20d6beab0


Dynamic libraries:
0x00007ff6cc0e0000 - 0x00007ff6cc0ea000 	E:\Android\AndroidStudio\jbr\bin\java.exe
0x00007fff94500000 - 0x00007fff94767000 	C:\WINDOWS\SYSTEM32\ntdll.dll
0x00007fff93ab0000 - 0x00007fff93b7b000 	C:\WINDOWS\System32\KERNEL32.DLL
0x00007fff91700000 - 0x00007fff91b02000 	C:\WINDOWS\System32\KERNELBASE.dll
0x00007fff91c60000 - 0x00007fff91dac000 	C:\WINDOWS\System32\ucrtbase.dll
0x00007fff57ff0000 - 0x00007fff58006000 	E:\Android\AndroidStudio\jbr\bin\jli.dll
0x00007fff837d0000 - 0x00007fff837eb000 	E:\Android\AndroidStudio\jbr\bin\VCRUNTIME140.dll
0x00007fff93d50000 - 0x00007fff93f1f000 	C:\WINDOWS\System32\USER32.dll
0x00007fff91dc0000 - 0x00007fff91de7000 	C:\WINDOWS\System32\win32u.dll
0x00007fff94490000 - 0x00007fff944bb000 	C:\WINDOWS\System32\GDI32.dll
0x00007fff77b90000 - 0x00007fff77e20000 	C:\WINDOWS\WinSxS\amd64_microsoft.windows.common-controls_6595b64144ccf1df_6.0.26100.9278_none_3e0d1ba8e3303201\COMCTL32.dll
0x00007fff920f0000 - 0x00007fff92219000 	C:\WINDOWS\System32\gdi32full.dll
0x00007fff924a0000 - 0x00007fff92549000 	C:\WINDOWS\System32\msvcrt.dll
0x00007fff91df0000 - 0x00007fff91e93000 	C:\WINDOWS\System32\msvcp_win.dll
0x00007fff93b80000 - 0x00007fff93bb1000 	C:\WINDOWS\System32\IMM32.DLL
0x00007fff8dc00000 - 0x00007fff8dc0c000 	E:\Android\AndroidStudio\jbr\bin\vcruntime140_1.dll
0x00007fff132e0000 - 0x00007fff1336d000 	E:\Android\AndroidStudio\jbr\bin\msvcp140.dll
0x00007ffec1350000 - 0x00007ffec222a000 	E:\Android\AndroidStudio\jbr\bin\server\jvm.dll
0x00007fff92550000 - 0x00007fff9260c000 	C:\WINDOWS\System32\ADVAPI32.dll
0x00007fff923f0000 - 0x00007fff92499000 	C:\WINDOWS\System32\sechost.dll
0x00007fff933f0000 - 0x00007fff93508000 	C:\WINDOWS\System32\RPCRT4.dll
0x00007fff92bc0000 - 0x00007fff92c40000 	C:\WINDOWS\System32\WS2_32.dll
0x00007fff90fb0000 - 0x00007fff9100e000 	C:\WINDOWS\SYSTEM32\POWRPROF.dll
0x00007fff82790000 - 0x00007fff827c6000 	C:\WINDOWS\SYSTEM32\WINMM.dll
0x00007fff88a20000 - 0x00007fff88a2b000 	C:\WINDOWS\SYSTEM32\VERSION.dll
0x00007fff90f50000 - 0x00007fff90f65000 	C:\WINDOWS\SYSTEM32\UMPDC.dll
0x00007fff903b0000 - 0x00007fff903cb000 	C:\WINDOWS\SYSTEM32\kernel.appcore.dll
0x00007fff8db70000 - 0x00007fff8db7a000 	E:\Android\AndroidStudio\jbr\bin\jimage.dll
0x00007fff8ea00000 - 0x00007fff8ec4c000 	C:\WINDOWS\SYSTEM32\DBGHELP.DLL
0x00007fff93720000 - 0x00007fff93aa5000 	C:\WINDOWS\System32\combase.dll
0x00007fff92280000 - 0x00007fff92359000 	C:\WINDOWS\System32\OLEAUT32.dll
0x00007fff7a820000 - 0x00007fff7a85b000 	C:\WINDOWS\SYSTEM32\dbgcore.DLL
0x00007fff91ea0000 - 0x00007fff91f4c000 	C:\WINDOWS\System32\bcryptPrimitives.dll
0x00007fff81f80000 - 0x00007fff81f8e000 	E:\Android\AndroidStudio\jbr\bin\instrument.dll
0x00007fff81b20000 - 0x00007fff81b3f000 	E:\Android\AndroidStudio\jbr\bin\java.dll
0x00007fff93580000 - 0x00007fff9371a000 	C:\WINDOWS\System32\ole32.dll
0x00007fff92c50000 - 0x00007fff933e8000 	C:\WINDOWS\System32\SHELL32.dll
0x00007fff81b00000 - 0x00007fff81b17000 	E:\Android\AndroidStudio\jbr\bin\zip.dll
0x00007fff8f140000 - 0x00007fff8f9ee000 	C:\WINDOWS\SYSTEM32\windows.storage.dll
0x00007fff93f30000 - 0x00007fff9402b000 	C:\WINDOWS\System32\SHCORE.dll
0x00007fff93510000 - 0x00007fff93576000 	C:\WINDOWS\System32\shlwapi.dll
0x00007fff91620000 - 0x00007fff91649000 	C:\WINDOWS\SYSTEM32\profapi.dll
0x00007fff81af0000 - 0x00007fff81b00000 	E:\Android\AndroidStudio\jbr\bin\net.dll
0x00007fff90990000 - 0x00007fff909fc000 	C:\WINDOWS\system32\mswsock.dll
0x00007fff818f0000 - 0x00007fff81906000 	E:\Android\AndroidStudio\jbr\bin\nio.dll
0x00007fff70cc0000 - 0x00007fff70cd0000 	E:\Android\AndroidStudio\jbr\bin\verify.dll
0x00007fff55c50000 - 0x00007fff55c77000 	C:\Users\Lenovo\.gradle\native\660c5614fbf4a5f2a75b1949f50a0caf5cd603558e7d8a26e50b933a0cfb79d1\windows-amd64\native-platform.dll
0x00007fff1d6b0000 - 0x00007fff1d727000 	C:\Users\Lenovo\.gradle\native\0.2.8\x86_64-windows-gnu\gradle-fileevents.dll
0x00007fff722b0000 - 0x00007fff722b9000 	E:\Android\AndroidStudio\jbr\bin\management.dll
0x00007fff722a0000 - 0x00007fff722ab000 	E:\Android\AndroidStudio\jbr\bin\management_ext.dll
0x00007fff94120000 - 0x00007fff94128000 	C:\WINDOWS\System32\PSAPI.DLL
0x00007fff8fd40000 - 0x00007fff8fd73000 	C:\WINDOWS\SYSTEM32\IPHLPAPI.DLL
0x00007fff92bb0000 - 0x00007fff92bba000 	C:\WINDOWS\System32\NSI.dll
0x00007fff81850000 - 0x00007fff81859000 	E:\Android\AndroidStudio\jbr\bin\extnet.dll
0x00007fff90c80000 - 0x00007fff90c9b000 	C:\WINDOWS\SYSTEM32\CRYPTSP.dll
0x00007fff90300000 - 0x00007fff90339000 	C:\WINDOWS\system32\rsaenh.dll
0x00007fff90a40000 - 0x00007fff90a74000 	C:\WINDOWS\SYSTEM32\USERENV.dll
0x00007fff915f0000 - 0x00007fff9161a000 	C:\WINDOWS\SYSTEM32\bcrypt.dll
0x00007fff90ca0000 - 0x00007fff90cac000 	C:\WINDOWS\SYSTEM32\CRYPTBASE.dll
0x00007fff648c0000 - 0x00007fff648c8000 	C:\WINDOWS\system32\wshunix.dll
0x00007fff904e0000 - 0x00007fff90516000 	C:\WINDOWS\SYSTEM32\ntmarta.dll

JVMTI agents:
C:\Users\Lenovo\.gradle\wrapper\dists\gradle-9.5.0-bin\bvnork1r7n8i6kp5cnkibsc9q\gradle-9.5.0\lib\agents\gradle-instrumentation-agent-9.5.0.jar path:E:\Android\AndroidStudio\jbr\bin\instrument.dll, loaded, initialized, instrumentlib options:none

dbghelp: loaded successfully - version: 4.0.5 - missing functions: none
symbol engine: initialized successfully - sym options: 0x614 - pdb path: .;E:\Android\AndroidStudio\jbr\bin;C:\WINDOWS\SYSTEM32;C:\WINDOWS\WinSxS\amd64_microsoft.windows.common-controls_6595b64144ccf1df_6.0.26100.9278_none_3e0d1ba8e3303201;E:\Android\AndroidStudio\jbr\bin\server;C:\Users\Lenovo\.gradle\native\660c5614fbf4a5f2a75b1949f50a0caf5cd603558e7d8a26e50b933a0cfb79d1\windows-amd64;C:\Users\Lenovo\.gradle\native\0.2.8\x86_64-windows-gnu

VM Arguments:
jvm_args: --add-opens=java.base/java.lang=ALL-UNNAMED --add-opens=java.base/java.lang.invoke=ALL-UNNAMED --add-opens=java.base/java.util=ALL-UNNAMED --add-opens=java.prefs/java.util.prefs=ALL-UNNAMED --add-exports=jdk.compiler/com.sun.tools.javac.api=ALL-UNNAMED --add-exports=jdk.compiler/com.sun.tools.javac.util=ALL-UNNAMED --add-opens=java.base/java.nio.charset=ALL-UNNAMED --add-opens=java.base/java.net=ALL-UNNAMED --add-opens=java.base/java.util.concurrent=ALL-UNNAMED --add-opens=java.base/java.util.concurrent.atomic=ALL-UNNAMED --add-opens=java.xml/javax.xml.namespace=ALL-UNNAMED --add-opens=java.base/java.time=ALL-UNNAMED --enable-native-access=ALL-UNNAMED -Xmx2048m -Dfile.encoding=UTF-8 -Duser.country=ID -Duser.language=en -Duser.variant -javaagent:C:\Users\Lenovo\.gradle\wrapper\dists\gradle-9.5.0-bin\bvnork1r7n8i6kp5cnkibsc9q\gradle-9.5.0\lib\agents\gradle-instrumentation-agent-9.5.0.jar 
java_command: org.gradle.launcher.daemon.bootstrap.GradleDaemon 9.5.0
java_class_path (initial): C:\Users\Lenovo\.gradle\wrapper\dists\gradle-9.5.0-bin\bvnork1r7n8i6kp5cnkibsc9q\gradle-9.5.0\lib\gradle-daemon-main-9.5.0.jar
Launcher Type: SUN_STANDARD

[Global flags]
     intx CICompilerCount                          = 12                                        {product} {ergonomic}
     uint ConcGCThreads                            = 3                                         {product} {ergonomic}
     uint G1ConcRefinementThreads                  = 13                                        {product} {ergonomic}
   size_t G1HeapRegionSize                         = 1048576                                   {product} {ergonomic}
   size_t InitialHeapSize                          = 130023424                                 {product} {ergonomic}
   size_t MarkStackSize                            = 4194304                                   {product} {ergonomic}
   size_t MarkStackSizeMax                         = 536870912                                 {product} {ergonomic}
   size_t MaxHeapSize                              = 2147483648                                {product} {command line}
   size_t MaxNewSize                               = 1287651328                                {product} {ergonomic}
   size_t MinHeapDeltaBytes                        = 1048576                                   {product} {ergonomic}
   size_t MinHeapSize                              = 8388608                                   {product} {ergonomic}
    uintx NonNMethodCodeHeapSize                   = 7602176                                {pd product} {ergonomic}
    uintx NonProfiledCodeHeapSize                  = 122093568                              {pd product} {ergonomic}
    uintx ProfiledCodeHeapSize                     = 121962496                              {pd product} {ergonomic}
    uintx ReservedCodeCacheSize                    = 251658240                              {pd product} {ergonomic}
     bool SegmentedCodeCache                       = true                                      {product} {ergonomic}
   size_t SoftMaxHeapSize                          = 2147483648                             {manageable} {ergonomic}
     bool UseCompressedOops                        = true                           {product lp64_product} {ergonomic}
     bool UseG1GC                                  = true                                      {product} {ergonomic}
     bool UseLargePagesIndividualAllocation        = false                                  {pd product} {ergonomic}

Logging:
Log output configuration:
 #0: stdout all=warning uptime,level,tags foldmultilines=false
 #1: stderr all=off uptime,level,tags foldmultilines=false

Release file:
JAVA_VERSION="25.0.2" 
MODULES="java.base java.compiler java.datatransfer java.xml java.prefs java.desktop java.instrument java.logging java.management java.security.sasl java.naming java.rmi java.management.rmi java.net.http java.scripting java.security.jgss java.transaction.xa java.sql java.sql.rowset java.xml.crypto java.se java.smartcardio jdk.accessibility jdk.internal.jvmstat jdk.attach jdk.charsets jdk.internal.opt jdk.zipfs jdk.compiler jdk.crypto.cryptoki jdk.crypto.ec jdk.dynalink jdk.hotspot.agent jdk.httpserver jdk.internal.ed jdk.internal.le jdk.internal.md jdk.internal.vm.ci jdk.jartool jdk.javadoc jdk.jcmd jdk.jdeps jdk.jdwp.agent jdk.jdi jdk.jfr jdk.jlink jdk.localedata jdk.management jdk.management.agent jdk.management.jfr jdk.naming.dns jdk.naming.rmi jdk.net jdk.sctp jdk.security.auth jdk.security.jgss jdk.unsupported jdk.unsupported.desktop jdk.xml.dom" 
IMPLEMENTOR="JetBrains s.r.o." 
JAVA_RUNTIME_VERSION="25.0.2+-15348964-b329.117" 
LIBC="default" 
OS_ARCH="x86_64" 
OS_NAME="Windows" 
SOURCE=".:git:3cf398e84a39" 

Environment Variables:
JAVA_HOME=C:\Program Files\Eclipse Adoptium\jdk-21.0.12.101-hotspot
PATH=C:\Program Files\Eclipse Adoptium\jdk-21.0.12.101-hotspot\bin;C:\Users\Lenovo\.config\herd\bin\nvm;C:\oraclexe\app\oracle\product\10.2.0\server\bin;C:\Windows\system32;C:\Windows;C:\Windows\System32\Wbem;C:\Windows\System32\WindowsPowerShell\v1.0\;C:\Windows\System32\OpenSSH\;C:\Program Files (x86)\NVIDIA Corporation\PhysX\Common;C:\Program Files\NVIDIA Corporation\NVIDIA NvDLISR;C:\Program Files\Git\cmd;C:\ProgramData\ComposerSetup\bin;C:\WINDOWS\system32;C:\WINDOWS;C:\WINDOWS\System32\Wbem;C:\WINDOWS\System32\WindowsPowerShell\v1.0\;C:\WINDOWS\System32\OpenSSH\;C:\Program Files\nodejs;E:\Android\Sdk\platform-tools;E:\Android\Sdk\cmdline-tools\latest\bin;E:\src\flutter\bin;C:\Users\Lenovo\.config\herd\bin;C:\Users\Lenovo\AppData\Local\Programs\Python\Python313\Scripts\;C:\Users\Lenovo\AppData\Local\Programs\Python\Python313\;C:\Users\Lenovo\AppData\Local\Programs\Python\Python38\Scripts\;C:\Users\Lenovo\AppData\Local\Programs\Python\Python38\;C:\Users\Lenovo\AppData\Local\Programs\Python\Launcher\;C:\Users\Lenovo\AppData\Local\Microsoft\WindowsApps;C:\Users\Lenovo\AppData\Local\Programs\Microsoft VS Code\bin;C:\Users\Lenovo\AppData\Roaming\Composer\vendor\bin;E:\apache-maven-3.9.10\bin;C:\Users\Lenovo\AppData\Local\Microsoft\WindowsApps;C:\Program Files\JetBrains\IntelliJ IDEA 2025.2.1\bin;C:\Users\Lenovo\AppData\Local\Programs\Ollama;E:\Ollama;C:\Users\Lenovo\AppData\Local\spicetify;;C:\Users\Lenovo\AppData\Local\Programs\DockerDesktop\resources\bin;E:\Antigravity IDE\bin
USERNAME=Lenovo
OS=Windows_NT
PROCESSOR_IDENTIFIER=Intel64 Family 6 Model 186 Stepping 2, GenuineIntel
TMP=C:\Users\Lenovo\AppData\Local\Temp
TEMP=C:\Users\Lenovo\AppData\Local\Temp




Compilation memory statistics disabled.

Periodic native trim disabled

JNI global refs:
JNI global refs: 32, weak refs: 18

JNI global refs memory usage: 835, weak refs: 833

Process memory usage:
Resident Set Size: 752480K (9% of 8106040K total physical memory with 361072K free physical memory)

OOME stack traces (most recent first):
Classloader memory used:
Loader org.gradle.internal.classloader.VisitableURLClassLoader$InstrumentingVisitableURLClassLoader: 51660 K
Loader org.gradle.internal.classloader.VisitableURLClassLoader                         : 48558 K
Loader bootstrap                                                                       : 31302 K
Loader org.gradle.initialization.MixInLegacyTypesClassLoader                           : 16089 K
Loader java.net.URLClassLoader                                                         : 2461 K
Loader org.gradle.internal.classloader.VisitableURLClassLoader                         : 215 K
Loader jdk.internal.loader.ClassLoaders$AppClassLoader                                 : 188 K
Loader jdk.internal.loader.ClassLoaders$PlatformClassLoader                            : 173 K
Loader org.gradle.groovy.scripts.internal.DefaultScriptCompilationHandler$ScriptClassLoader: 125 K
Loader sun.reflect.misc.MethodUtil                                                     : 2968 B

Classes loaded by more than one classloader:
Class Program                                                                         : loaded 5 times (x 74B)
Class Build_gradle                                                                    : loaded 3 times (x 128B)
Class com.google.common.io.LineReader                                                 : loaded 2 times (x 74B)
Class com.google.common.base.Equivalence$Identity                                     : loaded 2 times (x 84B)
Class com.google.common.base.PairwiseEquivalence                                      : loaded 2 times (x 85B)
Class com.google.common.collect.RegularImmutableMap$KeySet                            : loaded 2 times (x 154B)
Class org.gradle.internal.classloader.FilteringClassLoader                            : loaded 2 times (x 106B)
Class kotlin.io.FilesKt__FileTreeWalkKt                                               : loaded 2 times (x 73B)
Class kotlin.sequences.FilteringSequence$iterator$1                                   : loaded 2 times (x 81B)
Class kotlin.sequences.SequencesKt__SequenceBuilderKt                                 : loaded 2 times (x 73B)
Class kotlin.collections.CollectionsKt__ReversedViewsKt                               : loaded 2 times (x 73B)
Class [Lcom.google.common.collect.MapMakerInternalMap$Segment;                        : loaded 2 times (x 71B)
Class com.google.common.io.FileWriteMode                                              : loaded 2 times (x 81B)
Class [Lcom.google.common.base.AbstractIterator$State;                                : loaded 2 times (x 71B)
Class com.google.common.base.CharMatcher$IsEither                                     : loaded 2 times (x 113B)
Class org.gradle.internal.classloader.ClassLoaderHierarchy                            : loaded 2 times (x 72B)
Class com.google.common.collect.AbstractMapBasedMultimap$WrappedCollection            : loaded 2 times (x 126B)
Class com.google.common.collect.ImmutableEnumSet                                      : loaded 2 times (x 148B)
Class com.google.common.collect.ImmutableList$1                                       : loaded 2 times (x 99B)
Class com.google.common.util.concurrent.ExecutionError                                : loaded 2 times (x 84B)
Class com.google.common.collect.RegularImmutableMap                                   : loaded 2 times (x 122B)
Class com.google.common.collect.ImmutableMap$MapViewOfValuesAsSingletonSets           : loaded 2 times (x 128B)
Class com.google.common.collect.TransformedListIterator                               : loaded 2 times (x 95B)
Class com.google.common.reflect.TypeCapture                                           : loaded 2 times (x 73B)
Class [Lorg.objectweb.asm.Symbol;                                                     : loaded 2 times (x 71B)
Class org.objectweb.asm.ClassVisitor                                                  : loaded 2 times (x 90B)
Class com.google.common.collect.UnmodifiableListIterator                              : loaded 2 times (x 97B)
Class com.google.common.collect.MapMakerInternalMap$StrongKeyDummyValueEntry$LinkedStrongKeyDummyValueEntry: loaded 2 times (x 84B)
Class com.google.common.collect.MapMakerInternalMap$Strength                          : loaded 2 times (x 82B)
Class com.google.common.base.Platform$JdkPatternCompiler                              : loaded 2 times (x 77B)
Class org.objectweb.asm.MethodTooLargeException                                       : loaded 2 times (x 84B)
Class [Lcom.google.common.cache.CacheBuilder$OneWeigher;                              : loaded 2 times (x 71B)
Class com.google.common.base.Suppliers                                                : loaded 2 times (x 73B)
Class org.gradle.internal.classloader.DefaultClassLoaderFactory                       : loaded 2 times (x 84B)
Class kotlin.sequences.SequencesKt___SequencesKt                                      : loaded 2 times (x 73B)
Class kotlin.collections.AbstractList$Companion                                       : loaded 2 times (x 73B)
Class org.apache.commons.io.file.PathUtils                                            : loaded 2 times (x 73B)
Class com.google.common.base.CharMatcher$None                                         : loaded 2 times (x 114B)
Class [Lcom.google.common.collect.ImmutableMapEntry;                                  : loaded 2 times (x 71B)
Class kotlin.text.StringsKt__AppendableKt                                             : loaded 2 times (x 73B)
Class [Lorg.apache.commons.io.StandardLineSeparator;                                  : loaded 2 times (x 71B)
Class org.apache.commons.io.output.StringBuilderWriter                                : loaded 2 times (x 102B)
Class com.google.common.collect.ListMultimap                                          : loaded 2 times (x 72B)
Class com.google.common.collect.ImmutableEnumMap                                      : loaded 2 times (x 128B)
Class com.google.common.collect.Iterators$EmptyModifiableIterator                     : loaded 2 times (x 88B)
Class com.google.common.base.Splitter                                                 : loaded 2 times (x 74B)
Class com.google.common.collect.Sets$1                                                : loaded 2 times (x 143B)
Class org.objectweb.asm.AnnotationVisitor                                             : loaded 2 times (x 80B)
Class org.gradle.api.internal.DefaultClassPathProvider                                : loaded 2 times (x 78B)
Class kotlin.sequences.Sequence                                                       : loaded 2 times (x 72B)
Class kotlin.text.StringsKt__StringNumberConversionsJVMKt                             : loaded 2 times (x 73B)
Class com.google.common.collect.MapMakerInternalMap$Strength$1                        : loaded 2 times (x 82B)
Class com.google.common.collect.Maps$ViewCachingAbstractMap                           : loaded 2 times (x 127B)
Class com.google.common.collect.Sets$2                                                : loaded 2 times (x 143B)
Class [Lorg.gradle.api.internal.ClassPathProvider;                                    : loaded 2 times (x 71B)
Class org.gradle.api.internal.ClassPathProvider                                       : loaded 2 times (x 72B)
Class com.google.common.collect.MapMakerInternalMap$Strength$2                        : loaded 2 times (x 82B)
Class com.google.common.reflect.Types$ClassOwnership$1                                : loaded 2 times (x 82B)
Class com.google.common.base.AbstractIterator$State                                   : loaded 2 times (x 81B)
Class [Lorg.objectweb.asm.AnnotationVisitor;                                          : loaded 2 times (x 71B)
Class com.google.common.collect.Sets$3                                                : loaded 2 times (x 143B)
Class com.google.common.cache.LocalCache$LocalLoadingCache                            : loaded 2 times (x 136B)
Class org.gradle.internal.service.UnknownServiceException                             : loaded 2 times (x 85B)
Class com.google.common.collect.MapMakerInternalMap$StrongValueEntry                  : loaded 2 times (x 72B)
Class com.google.common.reflect.Types$ClassOwnership$2                                : loaded 2 times (x 82B)
Class com.google.common.reflect.TypeResolver                                          : loaded 2 times (x 74B)
Class com.google.common.collect.Sets$4                                                : loaded 2 times (x 143B)
Class org.objectweb.asm.ModuleVisitor                                                 : loaded 2 times (x 83B)
Class com.google.common.cache.LocalCache$Strength$1                                   : loaded 2 times (x 83B)
Class com.google.common.reflect.Types$ClassOwnership$3                                : loaded 2 times (x 73B)
Class org.apache.commons.io.output.QueueOutputStream                                  : loaded 2 times (x 89B)
Class com.google.common.util.concurrent.SettableFuture                                : loaded 2 times (x 116B)
Class com.google.common.cache.LocalCache$Strength$2                                   : loaded 2 times (x 83B)
Class kotlin.collections.ArraysKt___ArraysJvmKt                                       : loaded 2 times (x 73B)
Class kotlin.collections.CollectionsKt__CollectionsKt                                 : loaded 2 times (x 73B)
Class kotlin.text.StringsKt__RegexExtensionsJVMKt                                     : loaded 2 times (x 73B)
Class com.google.common.collect.Interners$InternerImpl                                : loaded 2 times (x 77B)
Class com.google.common.collect.Interner                                              : loaded 2 times (x 72B)
Class com.google.common.collect.TransformedIterator                                   : loaded 2 times (x 82B)
Class com.google.common.base.Splitter$1                                               : loaded 2 times (x 79B)
Class com.google.common.cache.LocalCache$Strength$3                                   : loaded 2 times (x 83B)
Class com.google.common.collect.MapDifference                                         : loaded 2 times (x 72B)
Class kotlin._Assertions                                                              : loaded 2 times (x 73B)
Class com.google.common.collect.MapMaker$Dummy                                        : loaded 2 times (x 81B)
Class com.google.common.reflect.Invokable                                             : loaded 2 times (x 105B)
Class org.objectweb.asm.FieldWriter                                                   : loaded 2 times (x 79B)
Class com.google.common.cache.CacheBuilder$NullListener                               : loaded 2 times (x 84B)
Class org.gradle.internal.classpath.TransformedClassPath                              : loaded 2 times (x 98B)
Class org.gradle.internal.classloader.InstrumentingClassLoader                        : loaded 2 times (x 72B)
Class kotlin.enums.EnumEntriesList                                                    : loaded 2 times (x 225B)
Class com.google.common.collect.ImmutableListMultimap                                 : loaded 2 times (x 178B)
Class com.google.common.reflect.Types$ParameterizedTypeImpl                           : loaded 2 times (x 83B)
Class org.apache.commons.io.output.UnsynchronizedByteArrayOutputStream                : loaded 2 times (x 104B)
Class com.google.common.collect.Iterators$ArrayItr                                    : loaded 2 times (x 99B)
Class com.google.common.cache.CacheLoader$FunctionToCacheLoader                       : loaded 2 times (x 77B)
Class com.google.common.collect.ImmutableCollection$Builder                           : loaded 2 times (x 78B)
Class kotlin.comparisons.ComparisonsKt___ComparisonsJvmKt                             : loaded 2 times (x 73B)
Class kotlin.collections.CollectionsKt__IteratorsJVMKt                                : loaded 2 times (x 73B)
Class com.google.common.collect.EmptyImmutableListMultimap                            : loaded 2 times (x 178B)
Class kotlin.text.StringsKt__StringsKt                                                : loaded 2 times (x 73B)
Class org.apache.commons.io.output.ByteArrayOutputStream                              : loaded 2 times (x 104B)
Class com.google.common.reflect.TypeResolver$TypeVariableKey                          : loaded 2 times (x 74B)
Class com.google.common.base.Joiner                                                   : loaded 2 times (x 82B)
Class com.google.common.base.MoreObjects                                              : loaded 2 times (x 73B)
Class [Lorg.jetbrains.kotlin.com.intellij.openapi.diagnostic.LogLevel;                : loaded 2 times (x 71B)
Class org.jetbrains.kotlin.build.report.metrics.GradleBuildTime                       : loaded 2 times (x 88B)
Class com.google.common.collect.Platform                                              : loaded 2 times (x 73B)
Class [Lorg.objectweb.asm.Type;                                                       : loaded 2 times (x 71B)
Class com.google.common.collect.UnmodifiableIterator                                  : loaded 2 times (x 82B)
Class org.gradle.internal.service.ServiceLocator                                      : loaded 2 times (x 72B)
Class kotlin.Pair                                                                     : loaded 2 times (x 74B)
Class [Lkotlin.Function;                                                              : loaded 2 times (x 71B)
Class org.apache.commons.io.FileExistsException                                       : loaded 2 times (x 84B)
Class com.google.common.base.Ascii                                                    : loaded 2 times (x 73B)
Class com.google.common.collect.SingletonImmutableBiMap                               : loaded 2 times (x 145B)
Class com.google.common.collect.Iterators$SingletonIterator                           : loaded 2 times (x 83B)
Class com.google.common.cache.LocalCache$1                                            : loaded 2 times (x 91B)
Class com.google.common.collect.AbstractMapEntry                                      : loaded 2 times (x 83B)
Class kotlin.io.CloseableKt                                                           : loaded 2 times (x 73B)
Class kotlin.collections.CollectionsKt__MutableCollectionsKt                          : loaded 2 times (x 73B)
Class ijJvmDebugger1_17ye2n80pjznkc3e2k4a5tn7d$_run_closure1$_closure2                : loaded 2 times (x 141B)
Class com.google.common.collect.AbstractSetMultimap                                   : loaded 2 times (x 175B)
Class com.google.common.collect.MapMakerInternalMap$AbstractStrongKeyEntry            : loaded 2 times (x 82B)
Class com.google.common.reflect.TypeToken$SimpleTypeToken                             : loaded 2 times (x 75B)
Class com.google.common.collect.Sets$ImprovedAbstractSet                              : loaded 2 times (x 137B)
Class com.google.common.collect.ImmutableList$Builder                                 : loaded 2 times (x 79B)
Class com.google.common.collect.AbstractMultimap                                      : loaded 2 times (x 125B)
Class com.google.common.cache.LocalCache$2                                            : loaded 2 times (x 144B)
Class kotlin.io.TerminateException                                                    : loaded 2 times (x 84B)
Class kotlin.io.FilesKt__FilePathComponentsKt                                         : loaded 2 times (x 73B)
Class com.google.common.collect.RegularImmutableAsList                                : loaded 2 times (x 219B)
Class com.google.common.base.Optional                                                 : loaded 2 times (x 82B)
Class com.google.common.util.concurrent.AbstractFuture$Trusted                        : loaded 2 times (x 72B)
Class com.google.common.collect.Iterators                                             : loaded 2 times (x 73B)
Class [Lorg.jetbrains.kotlin.build.report.metrics.BuildTime;                          : loaded 2 times (x 71B)
Class org.gradle.kotlin.dsl.VersionCatalogAccessorsKt                                 : loaded 2 times (x 73B)
Class com.google.common.io.ByteSink$AsCharSink                                        : loaded 2 times (x 82B)
Class com.google.common.collect.Lists$StringAsImmutableList                           : loaded 2 times (x 209B)
Class com.google.common.util.concurrent.UncheckedExecutionException                   : loaded 2 times (x 84B)
Class kotlin.collections.EmptyList                                                    : loaded 2 times (x 176B)
Class kotlin.collections.MapsKt__MapsJVMKt                                            : loaded 2 times (x 73B)
Class com.google.common.collect.HashMultimapGwtSerializationDependencies              : loaded 2 times (x 175B)
Class com.google.common.collect.AbstractMapBasedMultimap$KeySet$1                     : loaded 2 times (x 84B)
Class org.objectweb.asm.ClassWriter                                                   : loaded 2 times (x 107B)
Class com.google.common.cache.CacheLoader$UnsupportedLoadingOperationException        : loaded 2 times (x 84B)
Class com.google.common.base.CharMatcher$And                                          : loaded 2 times (x 114B)
Class com.google.common.base.Objects                                                  : loaded 2 times (x 73B)
Class org.objectweb.asm.FieldVisitor                                                  : loaded 2 times (x 79B)
Class com.google.common.collect.IndexedImmutableSet                                   : loaded 2 times (x 154B)
Class com.google.common.collect.BiMap                                                 : loaded 2 times (x 72B)
Class com.google.common.collect.ImmutableMap$1                                        : loaded 2 times (x 83B)
Class org.gradle.api.internal.classpath.DefaultModuleRegistry$DefaultModule           : loaded 2 times (x 84B)
Class com.google.common.reflect.Reflection                                            : loaded 2 times (x 73B)
Class com.google.common.primitives.Ints                                               : loaded 2 times (x 73B)
Class com.google.common.collect.AbstractIterator                                      : loaded 2 times (x 84B)
Class kotlin.collections.ArraysKt__ArraysKt                                           : loaded 2 times (x 73B)
Class com.google.common.collect.ObjectArrays                                          : loaded 2 times (x 73B)
Class com.google.common.math.MathPreconditions                                        : loaded 2 times (x 73B)
Class com.google.common.collect.Multiset                                              : loaded 2 times (x 72B)
Class com.google.common.collect.ArrayListMultimapGwtSerializationDependencies         : loaded 2 times (x 173B)
Class com.google.common.collect.AbstractIndexedListIterator                           : loaded 2 times (x 98B)
Class kotlin.collections.SetsKt__SetsJVMKt                                            : loaded 2 times (x 73B)
Class kotlin.Function                                                                 : loaded 2 times (x 72B)
Class org.apache.commons.io.output.NullOutputStream                                   : loaded 2 times (x 87B)
Class com.google.common.collect.ImmutableMapEntrySet                                  : loaded 2 times (x 154B)
Class org.gradle.api.internal.classpath.Module                                        : loaded 2 times (x 72B)
Class kotlin.io.FileAlreadyExistsException                                            : loaded 2 times (x 84B)
Class com.google.common.cache.Weigher                                                 : loaded 2 times (x 72B)
Class org.gradle.api.internal.classpath.UnknownModuleException                        : loaded 2 times (x 84B)
Class com.google.common.base.Stopwatch                                                : loaded 2 times (x 74B)
Class com.google.common.cache.LocalCache$Strength                                     : loaded 2 times (x 83B)
Class com.google.common.cache.Cache                                                   : loaded 2 times (x 72B)
Class org.jetbrains.kotlin.build.report.metrics.BuildMetricsReporter                  : loaded 2 times (x 72B)
Class com.google.common.io.AppendableWriter                                           : loaded 2 times (x 101B)
Class org.apache.commons.io.filefilter.IOFileFilter                                   : loaded 2 times (x 72B)
Class com.google.common.base.NullnessCasts                                            : loaded 2 times (x 73B)
Class com.google.common.util.concurrent.AbstractFuture$Cancellation                   : loaded 2 times (x 74B)
Class com.google.common.collect.ImmutableMap$Builder                                  : loaded 2 times (x 84B)
Class kotlin.io.ByteStreamsKt                                                         : loaded 2 times (x 73B)
Class com.google.common.base.Present                                                  : loaded 2 times (x 83B)
Class com.google.common.collect.AbstractMapBasedMultimap$WrappedCollection$WrappedIterator: loaded 2 times (x 86B)
Class com.google.common.cache.RemovalListener                                         : loaded 2 times (x 72B)
Class org.gradle.api.internal.DefaultClassPathRegistry                                : loaded 2 times (x 78B)
Class com.google.common.collect.ImmutableMultimap$Keys                                : loaded 2 times (x 168B)
Class org.apache.commons.io.file.DeleteOption                                         : loaded 2 times (x 72B)
Class com.google.common.reflect.Invokable$ConstructorInvokable                        : loaded 2 times (x 109B)
Class com.google.common.primitives.IntsMethodsForWeb                                  : loaded 2 times (x 73B)
Class com.google.common.collect.Multimap                                              : loaded 2 times (x 72B)
Class org.gradle.internal.classpath.DefaultClassPath$ImmutableUniqueList              : loaded 2 times (x 201B)
Class org.gradle.api.internal.ClassPathRegistry                                       : loaded 2 times (x 72B)
Class kotlin.text.StringsKt__StringsJVMKt                                             : loaded 2 times (x 73B)
Class com.google.common.base.ExtraObjectsMethodsForWeb                                : loaded 2 times (x 73B)
Class com.google.common.collect.MapMakerInternalMap$Segment                           : loaded 2 times (x 143B)
Class org.apache.commons.io.IOUtils                                                   : loaded 2 times (x 73B)
Class com.google.common.reflect.TypeToken                                             : loaded 2 times (x 75B)
Class kotlin.collections.SetsKt                                                       : loaded 2 times (x 73B)
Class kotlin.text.StringsKt__IndentKt                                                 : loaded 2 times (x 73B)
Class com.google.common.collect.BaseImmutableMultimap                                 : loaded 2 times (x 125B)
Class Settings_gradle$1                                                               : loaded 2 times (x 76B)
Class com.google.common.io.ByteSink                                                   : loaded 2 times (x 78B)
Class com.google.common.collect.SingletonImmutableList                                : loaded 2 times (x 209B)
Class com.google.common.cache.CacheBuilder                                            : loaded 2 times (x 74B)
Class org.gradle.internal.classpath.ClassPath                                         : loaded 2 times (x 72B)
Class com.google.common.collect.Interners$InternerBuilder                             : loaded 2 times (x 78B)
Class [Lcom.google.common.reflect.Types$JavaVersion;                                  : loaded 2 times (x 71B)
Class com.google.common.io.Files$FileByteSource                                       : loaded 2 times (x 87B)
Class com.google.common.base.JdkPattern                                               : loaded 2 times (x 77B)
Class com.google.common.collect.ImmutableList$ReverseImmutableList                    : loaded 2 times (x 211B)
Class org.jetbrains.kotlin.com.intellij.openapi.diagnostic.Logger                     : loaded 2 times (x 101B)
Class kotlin.collections.MapsKt__MapsKt                                               : loaded 2 times (x 73B)
Class com.google.common.io.CharStreams$NullWriter                                     : loaded 2 times (x 101B)
Class com.google.errorprone.annotations.DoNotMock                                     : loaded 2 times (x 72B)
Class org.objectweb.asm.SymbolTable$Entry                                             : loaded 2 times (x 75B)
Class org.gradle.api.internal.classpath.DefaultModuleRegistry$DefaultModuleAlias      : loaded 2 times (x 82B)
Class org.objectweb.asm.Edge                                                          : loaded 2 times (x 74B)
Class com.google.common.collect.Iterators$1                                           : loaded 2 times (x 83B)
Class com.google.common.base.Suppliers$SupplierOfInstance                             : loaded 2 times (x 81B)
Class kotlin.UninitializedPropertyAccessException                                     : loaded 2 times (x 84B)
Class ijKotlinCoroutineJvmDebugInit1_f32c06co82uw578oic4cazck8$_run_closure1          : loaded 2 times (x 140B)
Class com.google.common.reflect.TypeToken$1                                           : loaded 2 times (x 112B)
Class com.google.common.collect.SingletonImmutableSet                                 : loaded 2 times (x 148B)
Class com.google.common.cache.LocalCache$ComputingValueReference                      : loaded 2 times (x 98B)
Class com.google.common.collect.ImmutableMap$IteratorBasedImmutableMap                : loaded 2 times (x 128B)
Class com.google.common.reflect.TypeToken$2                                           : loaded 2 times (x 112B)
Class com.google.common.cache.LocalCache$Segment                                      : loaded 2 times (x 155B)
Class com.google.common.collect.AbstractListMultimap                                  : loaded 2 times (x 173B)
Class [Lorg.objectweb.asm.SymbolTable$Entry;                                          : loaded 2 times (x 71B)
Class com.google.common.collect.Iterators$4                                           : loaded 2 times (x 84B)
Class com.google.common.cache.CacheLoader                                             : loaded 2 times (x 76B)
Class com.google.common.collect.ImmutableBiMap                                        : loaded 2 times (x 145B)
Class org.gradle.api.internal.classpath.ModuleRegistry                                : loaded 2 times (x 72B)
Class org.gradle.internal.installation.GradleInstallation$1                           : loaded 2 times (x 77B)
Class org.apache.commons.io.output.NullWriter                                         : loaded 2 times (x 101B)
Class com.google.common.base.Splitter$SplittingIterator                               : loaded 2 times (x 85B)
Class com.google.common.collect.ImmutableSet$JdkBackedSetBuilderImpl                  : loaded 2 times (x 78B)
Class com.google.common.util.concurrent.internal.InternalFutureFailureAccess          : loaded 2 times (x 74B)
Class com.google.common.collect.Iterators$5                                           : loaded 2 times (x 84B)
Class com.google.common.collect.ImmutableMultimap$Values                              : loaded 2 times (x 128B)
Class com.google.common.cache.LocalCache$LocalManualCache$1                           : loaded 2 times (x 77B)
Class com.google.common.base.CharMatcher$ForPredicate                                 : loaded 2 times (x 114B)
Class kotlin.io.FilesKt__UtilsKt                                                      : loaded 2 times (x 73B)
Class kotlin.collections.CollectionsKt__CollectionsJVMKt                              : loaded 2 times (x 73B)
Class com.google.common.base.CharMatcher$AnyOf                                        : loaded 2 times (x 114B)
Class com.google.common.collect.ImmutableCollection                                   : loaded 2 times (x 127B)
Class org.gradle.api.internal.classpath.DefaultModuleRegistry                         : loaded 2 times (x 86B)
Class kotlin.sequences.SequencesKt                                                    : loaded 2 times (x 73B)
Class kotlin.collections.CollectionsKt__IteratorsKt                                   : loaded 2 times (x 73B)
Class org.jetbrains.kotlin.build.report.metrics.GradleBuildTime$Companion             : loaded 2 times (x 73B)
Class com.google.common.collect.Lists                                                 : loaded 2 times (x 73B)
Class com.google.common.util.concurrent.ListenableFuture                              : loaded 2 times (x 72B)
Class com.google.common.cache.ReferenceEntry                                          : loaded 2 times (x 72B)
Class com.google.common.base.Converter                                                : loaded 2 times (x 92B)
Class com.google.common.collect.ImmutableSet$CachingAsList                            : loaded 2 times (x 150B)
Class org.jetbrains.kotlin.com.intellij.openapi.diagnostic.Logger$DefaultFactory      : loaded 2 times (x 76B)
Class kotlin.text.StringsKt                                                           : loaded 2 times (x 73B)
Class com.google.common.collect.AbstractMapBasedMultimap                              : loaded 2 times (x 140B)
Class com.google.common.util.concurrent.AbstractFuture                                : loaded 2 times (x 108B)
Class com.google.common.collect.Iterators$9                                           : loaded 2 times (x 83B)
Class com.google.common.collect.ImmutableAsList                                       : loaded 2 times (x 211B)
Class com.google.common.base.FunctionalEquivalence                                    : loaded 2 times (x 85B)
Class kotlin.LazyKt__LazyJVMKt                                                        : loaded 2 times (x 73B)
Class com.google.common.io.CharStreams                                                : loaded 2 times (x 73B)
Class com.google.common.collect.ImmutableMultiset                                     : loaded 2 times (x 165B)
Class com.google.common.reflect.TypeResolver$TypeTable                                : loaded 2 times (x 75B)
Class org.objectweb.asm.RecordComponentVisitor                                        : loaded 2 times (x 79B)
Class com.google.common.cache.CacheLoader$SupplierToCacheLoader                       : loaded 2 times (x 77B)
Class kotlin.io.FilesKt__FileReadWriteKt                                              : loaded 2 times (x 73B)
Class kotlin.text.StringsKt__StringNumberConversionsKt                                : loaded 2 times (x 73B)
Class com.google.common.reflect.TypeResolver$TypeTable$1                              : loaded 2 times (x 75B)
Class com.google.common.collect.Maps$EntryTransformer                                 : loaded 2 times (x 72B)
Class org.gradle.internal.service.ServiceLookupException                              : loaded 2 times (x 84B)
Class org.jetbrains.kotlin.com.intellij.openapi.diagnostic.LogLevel                   : loaded 2 times (x 81B)
Class ijJvmDebugger1_17ye2n80pjznkc3e2k4a5tn7d$_run_closure1                          : loaded 2 times (x 140B)
Class [Lcom.google.common.cache.LocalCache$EntryFactory;                              : loaded 2 times (x 71B)
Class org.gradle.internal.classloader.ClassLoaderFactory                              : loaded 2 times (x 72B)
Class org.apache.commons.io.CloseableURLConnection                                    : loaded 2 times (x 118B)
Class com.google.common.base.CommonPattern                                            : loaded 2 times (x 76B)
Class com.google.common.cache.LocalCache$LocalManualCache                             : loaded 2 times (x 101B)
Class com.google.common.base.CharMatcher$IsNot                                        : loaded 2 times (x 113B)
Class org.gradle.internal.service.CachingServiceLocator                               : loaded 2 times (x 84B)
Class com.google.common.collect.AbstractMapBasedMultimap$KeySet                       : loaded 2 times (x 139B)
Class com.google.common.math.IntMath                                                  : loaded 2 times (x 73B)
Class org.jetbrains.kotlin.build.report.metrics.BuildTime                             : loaded 2 times (x 72B)
Class com.google.common.collect.MapMakerInternalMap$InternalEntry                     : loaded 2 times (x 72B)
Class com.google.common.reflect.Types$TypeVariableInvocationHandler                   : loaded 2 times (x 77B)
Class com.google.common.collect.ImmutableMapEntry                                     : loaded 2 times (x 87B)
Class kotlin.enums.EnumEntries                                                        : loaded 2 times (x 72B)
Class com.google.common.collect.ImmutableMultimap                                     : loaded 2 times (x 148B)
Class com.google.common.base.Equivalence                                              : loaded 2 times (x 84B)
Class com.google.common.base.Function                                                 : loaded 2 times (x 72B)
Class com.google.common.collect.ImmutableMapEntry$NonTerminalImmutableMapEntry        : loaded 2 times (x 87B)
Class com.google.common.collect.IndexedImmutableSet$1                                 : loaded 2 times (x 215B)
Class org.apache.commons.io.output.AbstractByteArrayOutputStream                      : loaded 2 times (x 104B)
Class com.google.common.collect.RegularImmutableList                                  : loaded 2 times (x 215B)
Class com.google.common.cache.CacheBuilder$OneWeigher                                 : loaded 2 times (x 84B)
Class org.jetbrains.kotlin.com.intellij.openapi.diagnostic.Logger$Factory             : loaded 2 times (x 72B)
Class com.google.common.reflect.Types$ClassOwnership$1LocalClass                      : loaded 2 times (x 73B)
Class org.gradle.internal.classloader.ClasspathUtil                                   : loaded 2 times (x 73B)
Class kotlin.io.FileSystemException                                                   : loaded 2 times (x 84B)
Class ijJvmDebugger1_17ye2n80pjznkc3e2k4a5tn7d                                        : loaded 2 times (x 173B)
Class com.google.common.util.concurrent.Uninterruptibles                              : loaded 2 times (x 73B)
Class com.google.common.collect.AbstractMapBasedMultimap$WrappedSet                   : loaded 2 times (x 144B)
Class com.google.common.util.concurrent.LazyLogger                                    : loaded 2 times (x 74B)
Class com.google.common.collect.Maps                                                  : loaded 2 times (x 73B)
Class org.gradle.api.specs.Spec                                                       : loaded 2 times (x 72B)
Class com.google.common.collect.MapMaker                                              : loaded 2 times (x 74B)
Class com.google.common.reflect.Types$JavaVersion                                     : loaded 2 times (x 85B)
Class org.apache.commons.io.file.PathFilter                                           : loaded 2 times (x 72B)
Class [Lcom.google.common.collect.ImmutableEntry;                                     : loaded 2 times (x 71B)
Class com.google.common.cache.LocalCache$LoadingValueReference                        : loaded 2 times (x 98B)
Class kotlin.SynchronizedLazyImpl                                                     : loaded 2 times (x 78B)
Class kotlin.text.StringsKt__RegexExtensionsKt                                        : loaded 2 times (x 73B)
Class com.google.common.io.LineReader$1                                               : loaded 2 times (x 77B)
Class com.google.common.collect.CollectSpliterators                                   : loaded 2 times (x 73B)
Class com.google.common.collect.MapMakerInternalMap$StrongKeyDummyValueEntry          : loaded 2 times (x 84B)
Class com.google.common.reflect.Invokable$MethodInvokable                             : loaded 2 times (x 109B)
Class com.google.common.collect.AbstractMapBasedMultimap$AsMap                        : loaded 2 times (x 130B)
Class com.google.common.base.Platform                                                 : loaded 2 times (x 73B)
Class kotlin.sequences.SequencesKt__SequencesJVMKt                                    : loaded 2 times (x 73B)
Class kotlin.collections.AbstractList                                                 : loaded 2 times (x 199B)
Class kotlin.collections.AbstractCollection                                           : loaded 2 times (x 119B)
Class ijKotlinCoroutineJvmDebugInit1_f32c06co82uw578oic4cazck8$_run_closure1$_closure2: loaded 2 times (x 140B)
Class com.google.common.collect.AbstractMapBasedMultimap$WrappedList                  : loaded 2 times (x 207B)
Class [Lorg.objectweb.asm.AnnotationWriter;                                           : loaded 2 times (x 71B)
Class com.google.common.collect.Maps$8                                                : loaded 2 times (x 84B)
Class kotlin.LazyKt__LazyKt                                                           : loaded 2 times (x 73B)
Class kotlin.text.StringsKt__StringBuilderJVMKt                                       : loaded 2 times (x 73B)
Class [Lcom.google.common.collect.Iterators$EmptyModifiableIterator;                  : loaded 2 times (x 71B)
Class com.google.common.collect.Sets$SetView                                          : loaded 2 times (x 141B)
Class com.google.common.cache.LocalCache$StrongValueReference                         : loaded 2 times (x 92B)
Class kotlin.UNINITIALIZED_VALUE                                                      : loaded 2 times (x 73B)
Class com.google.common.graph.SuccessorsFunction                                      : loaded 2 times (x 72B)
Class org.objectweb.asm.Type                                                          : loaded 2 times (x 74B)
Class org.gradle.internal.classloader.VisitableURLClassLoader$InstrumentingVisitableURLClassLoader: loaded 2 times (x 124B)
Class kotlin.comparisons.ComparisonsKt__ComparisonsKt                                 : loaded 2 times (x 73B)
Class kotlin.ranges.RangesKt__RangesKt                                                : loaded 2 times (x 73B)
Class kotlin.collections.SetsKt___SetsKt                                              : loaded 2 times (x 73B)
Class kotlin.sequences.SequencesKt__SequencesKt                                       : loaded 2 times (x 73B)
Class com.google.common.collect.MapMakerInternalMap$StrongKeyDummyValueEntry$Helper   : loaded 2 times (x 81B)
Class org.apache.commons.io.FileUtils                                                 : loaded 2 times (x 73B)
Class com.google.common.io.Files$FileByteSink                                         : loaded 2 times (x 79B)
Class com.google.common.math.IntMath$1                                                : loaded 2 times (x 73B)
Class org.objectweb.asm.ByteVector                                                    : loaded 2 times (x 81B)
Class [Lcom.google.common.cache.CacheBuilder$NullListener;                            : loaded 2 times (x 71B)
Class org.gradle.internal.classloader.VisitableURLClassLoader$Spec                    : loaded 2 times (x 76B)
Class org.gradle.internal.classpath.DefaultClassPath                                  : loaded 2 times (x 92B)
Class kotlin.comparisons.ComparisonsKt                                                : loaded 2 times (x 73B)
Class kotlin.comparisons.ComparisonsKt___ComparisonsKt                                : loaded 2 times (x 73B)
Class kotlin.sequences.FilteringSequence                                              : loaded 2 times (x 77B)
Class [Lorg.jetbrains.kotlin.build.report.metrics.GradleBuildTime;                    : loaded 2 times (x 71B)
Class com.google.common.reflect.Types$ClassOwnership                                  : loaded 2 times (x 82B)
Class com.google.common.base.AbstractIterator                                         : loaded 2 times (x 82B)
Class org.objectweb.asm.Symbol                                                        : loaded 2 times (x 75B)
Class com.google.common.io.Java8Compatibility                                         : loaded 2 times (x 73B)
Class com.google.common.io.Closer                                                     : loaded 2 times (x 80B)
Class com.google.common.base.CharMatcher$BitSetMatcher                                : loaded 2 times (x 114B)
Class com.google.common.collect.RegularImmutableMap$Values                            : loaded 2 times (x 209B)
Class com.google.common.collect.ImmutableSet                                          : loaded 2 times (x 147B)
Class org.gradle.internal.classloader.ClassLoaderSpec                                 : loaded 2 times (x 73B)
Class kotlin.collections.CollectionsKt___CollectionsJvmKt                             : loaded 2 times (x 73B)
Class org.objectweb.asm.AnnotationWriter                                              : loaded 2 times (x 80B)
Class com.google.common.cache.CacheStats                                              : loaded 2 times (x 73B)
Class kotlin.TuplesKt                                                                 : loaded 2 times (x 73B)
Class kotlin.Unit                                                                     : loaded 2 times (x 73B)
Class kotlin.sequences.SequencesKt___SequencesJvmKt                                   : loaded 2 times (x 73B)
Class Settings_gradle$1$1                                                             : loaded 2 times (x 76B)
Class com.google.common.collect.ImmutableMultisetGwtSerializationDependencies         : loaded 2 times (x 127B)
Class com.google.common.io.Closer$Suppressor                                          : loaded 2 times (x 72B)
Class com.google.common.collect.Interners                                             : loaded 2 times (x 73B)
Class com.google.common.io.LineProcessor                                              : loaded 2 times (x 72B)
Class org.objectweb.asm.RecordComponentWriter                                         : loaded 2 times (x 79B)
Class com.google.common.util.concurrent.AbstractFuture$Listener                       : loaded 2 times (x 74B)
Class com.google.common.base.CharMatcher$Or                                           : loaded 2 times (x 114B)
Class org.gradle.api.internal.classpath.Module$ModuleAlias                            : loaded 2 times (x 72B)
Class kotlin.ranges.RangesKt                                                          : loaded 2 times (x 73B)
Class org.objectweb.asm.Attribute                                                     : loaded 2 times (x 79B)
Class com.google.common.base.Supplier                                                 : loaded 2 times (x 72B)
Class org.gradle.internal.classloader.VisitableURLClassLoader                         : loaded 2 times (x 118B)
Class kotlin.collections.ArraysUtilJVM                                                : loaded 2 times (x 73B)
Class kotlin.jvm.functions.Function0                                                  : loaded 2 times (x 72B)
Class Settings_gradle                                                                 : loaded 2 times (x 126B)
Class com.google.common.collect.ImmutableList$SerializedForm                          : loaded 2 times (x 75B)
Class org.gradle.internal.Cast                                                        : loaded 2 times (x 73B)
Class org.gradle.api.Action                                                           : loaded 2 times (x 72B)
Class kotlin.jvm.functions.Function1                                                  : loaded 2 times (x 72B)
Class com.google.common.collect.MapMakerInternalMap                                   : loaded 2 times (x 162B)
Class com.google.common.base.Strings                                                  : loaded 2 times (x 73B)
Class com.google.common.collect.Sets                                                  : loaded 2 times (x 73B)
Class org.objectweb.asm.Handler                                                       : loaded 2 times (x 74B)
Class com.google.common.base.Ticker                                                   : loaded 2 times (x 74B)
Class com.google.common.base.CharMatcher$FastMatcher                                  : loaded 2 times (x 113B)
Class kotlin.jvm.functions.Function2                                                  : loaded 2 times (x 72B)
Class [Lcom.google.common.cache.LocalCache$Segment;                                   : loaded 2 times (x 71B)
Class [Lcom.google.common.cache.LocalCache$Strength;                                  : loaded 2 times (x 71B)
Class com.google.common.cache.CacheBuilder$1                                          : loaded 2 times (x 87B)
Class com.google.common.base.Predicate                                                : loaded 2 times (x 72B)
Class com.google.common.collect.ImmutableMap                                          : loaded 2 times (x 122B)
Class org.gradle.internal.classpath.DefaultClassPath$ImmutableUniqueList$Builder      : loaded 2 times (x 77B)
Class kotlin.jvm.functions.Function3                                                  : loaded 2 times (x 72B)
Class kotlin.collections.MapsKt___MapsJvmKt                                           : loaded 2 times (x 73B)
Class com.google.common.collect.MapMakerInternalMap$WeakValueReference                : loaded 2 times (x 72B)
Class com.google.common.cache.LocalCache                                              : loaded 2 times (x 188B)
Class com.google.common.cache.CacheBuilder$2                                          : loaded 2 times (x 81B)
Class com.google.common.base.CharMatcher$NegatedFastMatcher                           : loaded 2 times (x 115B)
Class kotlin.collections.CollectionsKt___CollectionsKt                                : loaded 2 times (x 73B)
Class com.google.common.collect.ArrayListMultimap                                     : loaded 2 times (x 173B)
Class com.google.common.cache.CacheBuilder$3                                          : loaded 2 times (x 74B)
Class [Lcom.google.common.collect.AbstractMapEntry;                                   : loaded 2 times (x 71B)
Class com.google.common.collect.ImmutableEntry                                        : loaded 2 times (x 84B)
Class org.gradle.api.GradleException                                                  : loaded 2 times (x 84B)
Class kotlin.text.StringsKt___StringsJvmKt                                            : loaded 2 times (x 73B)
Class com.google.common.base.Suppliers$MemoizingSupplier                              : loaded 2 times (x 81B)
Class org.apache.commons.io.StandardLineSeparator                                     : loaded 2 times (x 81B)
Class com.google.common.collect.CollectPreconditions                                  : loaded 2 times (x 73B)
Class kotlin.collections.MapsKt___MapsKt                                              : loaded 2 times (x 73B)
Class kotlin.io.FilesKt                                                               : loaded 2 times (x 73B)
Class kotlin.collections.ArraysKt___ArraysKt                                          : loaded 2 times (x 73B)
Class [Lcom.google.common.collect.MapMakerInternalMap$Strength;                       : loaded 2 times (x 71B)
Class [Lcom.google.common.io.FileWriteMode;                                           : loaded 2 times (x 71B)
Class com.google.common.collect.SortedMapDifference                                   : loaded 2 times (x 72B)
Class kotlin.collections.MapsKt__MapWithDefaultKt                                     : loaded 2 times (x 73B)
Class com.google.common.collect.MapMakerInternalMap$StrongKeyDummyValueSegment        : loaded 2 times (x 143B)
Class com.google.common.io.Files                                                      : loaded 2 times (x 73B)
Class com.google.common.cache.LocalCache$EntryFactory                                 : loaded 2 times (x 85B)
Class kotlin.collections.CollectionsKt__MutableCollectionsJVMKt                       : loaded 2 times (x 73B)
Class kotlin.enums.EnumEntriesKt                                                      : loaded 2 times (x 73B)
Class kotlin.text.StringsKt___StringsKt                                               : loaded 2 times (x 73B)
Class [Lcom.google.common.collect.MapMaker$Dummy;                                     : loaded 2 times (x 71B)
Class com.google.common.base.CharMatcher$Whitespace                                   : loaded 2 times (x 114B)
Class com.google.common.reflect.Types$NativeTypeVariableEquals                        : loaded 2 times (x 73B)
Class com.google.common.reflect.TypeParameter                                         : loaded 2 times (x 74B)
Class com.google.common.cache.LocalCache$AbstractReferenceEntry                       : loaded 2 times (x 109B)
Class org.gradle.internal.IoActions                                                   : loaded 2 times (x 73B)
Class com.google.common.collect.ImmutableMapKeySet                                    : loaded 2 times (x 154B)
Class org.objectweb.asm.SymbolTable                                                   : loaded 2 times (x 74B)
Class com.google.common.collect.ImmutableSet$RegularSetBuilderImpl                    : loaded 2 times (x 78B)
Class com.google.common.cache.CacheLoader$InvalidCacheLoadException                   : loaded 2 times (x 84B)
Class kotlin.jvm.internal.Intrinsics                                                  : loaded 2 times (x 73B)
Class com.google.common.cache.LocalCache$StrongEntry                                  : loaded 2 times (x 110B)
Class com.google.common.util.concurrent.AbstractFuture$TrustedFuture                  : loaded 2 times (x 116B)
Class com.google.common.cache.LoadingCache                                            : loaded 2 times (x 72B)
Class kotlin.collections.MapsKt                                                       : loaded 2 times (x 73B)
Class kotlin.collections.CollectionsKt__IterablesKt                                   : loaded 2 times (x 73B)
Class com.google.common.base.Suppliers$NonSerializableMemoizingSupplier               : loaded 2 times (x 81B)
Class org.objectweb.asm.MethodWriter                                                  : loaded 2 times (x 107B)
Class [Lcom.google.common.cache.Weigher;                                              : loaded 2 times (x 71B)
Class com.google.common.collect.RegularImmutableMap$BucketOverflowException           : loaded 2 times (x 84B)
Class kotlin.KotlinNullPointerException                                               : loaded 2 times (x 84B)
Class com.google.common.collect.ImmutableMultimap$1                                   : loaded 2 times (x 84B)
Class com.google.common.collect.AbstractMapBasedMultimap$RandomAccessWrappedList      : loaded 2 times (x 207B)
Class kotlin.ranges.RangesKt___RangesKt                                               : loaded 2 times (x 73B)
Class com.google.common.collect.ImmutableMultimap$2                                   : loaded 2 times (x 83B)
Class com.google.common.reflect.Types$JavaVersion$1                                   : loaded 2 times (x 85B)
Class com.google.common.collect.RegularImmutableBiMap                                 : loaded 2 times (x 150B)
Class com.google.common.cache.LocalCache$ValueReference                               : loaded 2 times (x 72B)
Class com.google.common.base.CharMatcher$Is                                           : loaded 2 times (x 113B)
Class com.google.common.base.CharMatcher$Negated                                      : loaded 2 times (x 115B)
Class org.jetbrains.kotlin.com.intellij.openapi.diagnostic.Attachment                 : loaded 2 times (x 74B)
Class kotlin.collections.ArraysKt                                                     : loaded 2 times (x 73B)
Class com.google.common.reflect.Types$JavaVersion$2                                   : loaded 2 times (x 85B)
Class com.google.common.reflect.Types                                                 : loaded 2 times (x 73B)
Class com.google.common.base.PatternCompiler                                          : loaded 2 times (x 72B)
Class com.google.common.util.concurrent.AbstractFuture$Failure                        : loaded 2 times (x 74B)
Class com.google.common.base.Equivalence$Equals                                       : loaded 2 times (x 84B)
Class com.google.common.collect.Hashing                                               : loaded 2 times (x 73B)
Class com.google.common.base.Preconditions                                            : loaded 2 times (x 73B)
Class kotlin.collections.SetsKt__SetsKt                                               : loaded 2 times (x 73B)
Class kotlin.LazyKt                                                                   : loaded 2 times (x 73B)
Class com.google.common.reflect.Types$JavaVersion$3                                   : loaded 2 times (x 85B)
Class [Lorg.apache.commons.io.file.DeleteOption;                                      : loaded 2 times (x 71B)
Class com.google.common.io.CharSink                                                   : loaded 2 times (x 81B)
Class com.google.common.base.Joiner$1                                                 : loaded 2 times (x 83B)
Class org.objectweb.asm.Label                                                         : loaded 2 times (x 75B)
Class org.objectweb.asm.CurrentFrame                                                  : loaded 2 times (x 75B)
Class org.objectweb.asm.ClassTooLargeException                                        : loaded 2 times (x 84B)
Class com.google.common.collect.PeekingIterator                                       : loaded 2 times (x 72B)
Class com.google.common.base.CharMatcher                                              : loaded 2 times (x 113B)
Class kotlin.collections.ArraysKt__ArraysJVMKt                                        : loaded 2 times (x 73B)
Class ijKotlinCoroutineJvmDebugInit1_f32c06co82uw578oic4cazck8                        : loaded 2 times (x 173B)
Class com.google.common.collect.MapMakerInternalMap$InternalEntryHelper               : loaded 2 times (x 72B)
Class com.google.common.collect.Maps$IteratorBasedAbstractMap                         : loaded 2 times (x 127B)
Class com.google.common.collect.Table                                                 : loaded 2 times (x 72B)
Class com.google.common.reflect.Types$JavaVersion$4                                   : loaded 2 times (x 85B)
Class com.google.common.base.Joiner$2                                                 : loaded 2 times (x 82B)
Class org.objectweb.asm.Frame                                                         : loaded 2 times (x 75B)
Class org.objectweb.asm.MethodVisitor                                                 : loaded 2 times (x 107B)
Class com.google.common.cache.LocalCache$EntryFactory$1                               : loaded 2 times (x 85B)
Class [Lcom.google.common.cache.RemovalListener;                                      : loaded 2 times (x 71B)
Class com.google.common.base.CharMatcher$1                                            : loaded 2 times (x 115B)
Class com.google.common.base.CharMatcher$NamedFastMatcher                             : loaded 2 times (x 114B)
Class kotlin.text.StringsKt__StringBuilderKt                                          : loaded 2 times (x 73B)
Class com.google.common.reflect.Types$JavaVersion$5                                   : loaded 2 times (x 73B)
Class [Lcom.google.common.reflect.Types$ClassOwnership;                               : loaded 2 times (x 71B)
Class com.google.common.cache.LocalCache$EntryFactory$2                               : loaded 2 times (x 85B)
Class kotlin.Lazy                                                                     : loaded 2 times (x 72B)
Class kotlin.NoWhenBranchMatchedException                                             : loaded 2 times (x 84B)
Class org.objectweb.asm.ModuleWriter                                                  : loaded 2 times (x 83B)
Class com.google.common.cache.LocalCache$EntryFactory$3                               : loaded 2 times (x 85B)
Class com.google.common.base.Ticker$1                                                 : loaded 2 times (x 74B)
Class com.google.common.collect.Maps$BiMapConverter                                   : loaded 2 times (x 92B)
Class com.google.common.collect.ImmutableMapEntrySet$RegularEntrySet                  : loaded 2 times (x 154B)
Class [Lkotlin.jvm.functions.Function1;                                               : loaded 2 times (x 71B)
Class com.google.common.collect.SetMultimap                                           : loaded 2 times (x 72B)
Class com.google.common.collect.ImmutableSet$Builder                                  : loaded 2 times (x 87B)
Class com.google.common.cache.LocalCache$EntryFactory$4                               : loaded 2 times (x 85B)
Class com.google.common.base.CharMatcher$InRange                                      : loaded 2 times (x 113B)
Class kotlin.sequences.ConstrainedOnceSequence                                        : loaded 2 times (x 77B)
Class com.google.common.cache.LocalCache$EntryFactory$5                               : loaded 2 times (x 85B)
Class kotlin.jvm.internal.markers.KMappedMarker                                       : loaded 2 times (x 72B)
Class kotlin.NotImplementedError                                                      : loaded 2 times (x 84B)
Class com.google.common.collect.HashMultimap                                          : loaded 2 times (x 175B)
Class org.apache.commons.io.output.AppendableWriter                                   : loaded 2 times (x 102B)
Class com.google.common.cache.LocalCache$EntryFactory$6                               : loaded 2 times (x 85B)
Class org.gradle.internal.installation.CurrentGradleInstallationLocator               : loaded 2 times (x 73B)
Class com.google.common.collect.ImmutableMultimap$Builder                             : loaded 2 times (x 88B)
Class org.apache.commons.io.output.ThresholdingOutputStream                           : loaded 2 times (x 97B)
Class com.google.common.collect.Maps$KeySet                                           : loaded 2 times (x 139B)
Class com.google.common.collect.ImmutableSet$EmptySetBuilderImpl                      : loaded 2 times (x 78B)
Class com.google.common.cache.LocalCache$EntryFactory$7                               : loaded 2 times (x 85B)
Class com.google.common.collect.ImmutableList                                         : loaded 2 times (x 208B)
Class org.gradle.internal.service.DefaultServiceLocator                               : loaded 2 times (x 85B)
Class com.google.common.collect.ImmutableMultimap$EntryCollection                     : loaded 2 times (x 130B)
Class com.google.common.collect.Maps$EntrySet                                         : loaded 2 times (x 138B)
Class com.google.common.collect.ImmutableSet$SetBuilderImpl                           : loaded 2 times (x 78B)
Class com.google.common.cache.LocalCache$EntryFactory$8                               : loaded 2 times (x 85B)
Class org.gradle.internal.installation.CurrentGradleInstallation                      : loaded 2 times (x 75B)
Class com.google.common.collect.ImmutableList$SubList                                 : loaded 2 times (x 211B)
Class com.google.common.cache.CacheLoader$1                                           : loaded 2 times (x 77B)
Class org.gradle.util.internal.GUtil                                                  : loaded 2 times (x 73B)
Class kotlin.io.NoSuchFileException                                                   : loaded 2 times (x 84B)
Class kotlin.collections.CollectionsKt                                                : loaded 2 times (x 73B)
Class com.google.common.io.ByteSource                                                 : loaded 2 times (x 86B)
Class com.google.common.cache.AbstractCache$StatsCounter                              : loaded 2 times (x 72B)
Class com.google.common.io.LineBuffer                                                 : loaded 2 times (x 77B)
Class com.google.common.collect.MapMakerInternalMap$1                                 : loaded 2 times (x 85B)
Class com.google.common.reflect.Types$TypeVariableImpl                                : loaded 2 times (x 74B)
Class com.google.common.collect.Iterators$MergingIterator                             : loaded 2 times (x 83B)
Class com.google.common.collect.RegularImmutableSet                                   : loaded 2 times (x 150B)
Class org.gradle.internal.installation.GradleInstallation                             : loaded 2 times (x 77B)
Class com.google.common.base.Splitter$Strategy                                        : loaded 2 times (x 72B)
Class com.google.common.collect.Iterables                                             : loaded 2 times (x 73B)
Class org.jetbrains.kotlin.com.intellij.openapi.diagnostic.DefaultLogger              : loaded 2 times (x 102B)

---------------  S Y S T E M  ---------------

OS:
 Windows 11 , 64 bit Build 26100 (10.0.26100.9444)
OS uptime: 0 days 5:31 hours
Hyper-V role detected

CPU: total 16 (initial active 16) (8 cores per cpu, 2 threads per core) family 6 model 186 stepping 2 microcode 0x410e, cx8, cmov, fxsr, ht, mmx, 3dnowpref, sse, sse2, sse3, ssse3, sse4.1, sse4.2, popcnt, lzcnt, tsc, tscinvbit, avx, avx2, aes, erms, clmul, bmi1, bmi2, adx, sha, fma, vzeroupper, clflush, clflushopt, clwb, hv, serialize, rdtscp, rdpid, fsrm, gfni, f16c, cet_ibt, cet_ss
Processor Information for processor 0
  Max Mhz: 2400, Current Mhz: 1520, Mhz Limit: 2400
Processor Information for processor 1
  Max Mhz: 2400, Current Mhz: 1520, Mhz Limit: 2400
Processor Information for processor 2
  Max Mhz: 2400, Current Mhz: 1520, Mhz Limit: 2400
Processor Information for processor 3
  Max Mhz: 2400, Current Mhz: 1520, Mhz Limit: 2400
Processor Information for processor 4
  Max Mhz: 2400, Current Mhz: 1520, Mhz Limit: 2400
Processor Information for processor 5
  Max Mhz: 2400, Current Mhz: 1520, Mhz Limit: 2400
Processor Information for processor 6
  Max Mhz: 2400, Current Mhz: 1520, Mhz Limit: 2400
Processor Information for processor 7
  Max Mhz: 2400, Current Mhz: 1520, Mhz Limit: 2400
Processor Information for processor 8
  Max Mhz: 2400, Current Mhz: 1520, Mhz Limit: 2400
Processor Information for processor 9
  Max Mhz: 2400, Current Mhz: 1520, Mhz Limit: 2400
Processor Information for processor 10
  Max Mhz: 2400, Current Mhz: 1520, Mhz Limit: 2400
Processor Information for processor 11
  Max Mhz: 2400, Current Mhz: 1520, Mhz Limit: 2400
Processor Information for processor 12
  Max Mhz: 2400, Current Mhz: 1500, Mhz Limit: 1800
Processor Information for processor 13
  Max Mhz: 2400, Current Mhz: 1500, Mhz Limit: 1800
Processor Information for processor 14
  Max Mhz: 2400, Current Mhz: 1500, Mhz Limit: 1800
Processor Information for processor 15
  Max Mhz: 2400, Current Mhz: 1500, Mhz Limit: 1800

Memory: 4k page, system-wide physical 7916M (362M free)
TotalPageFile size 16848M (AvailPageFile size 480M)
current process WorkingSet (physical memory assigned to process): 734M, peak: 734M
current process commit charge ("private bytes"): 783M, peak: 1410M

vm_info: OpenJDK 64-Bit Server VM (25.0.2+-15348964-b329.117) for windows-amd64 JRE (25.0.2+-15348964-b329.117), built on 2026-05-05T18:25:19Z with MS VC++ 16.10 / 16.11 (VS2019)

END.
