#
# There is insufficient memory for the Java Runtime Environment to continue.
# Native memory allocation (mmap) failed to map 436207616 bytes. Error detail: G1 virtual space
# Possible reasons:
#   The system is out of physical RAM or swap space
#   This process is running with CompressedOops enabled, and the Java Heap may be blocking the growth of the native heap
# Possible solutions:
#   Reduce memory load on the system
#   Increase physical memory or swap space
#   Check if swap backing store is full
#   Decrease Java heap size (-Xmx/-Xms)
#   Decrease number of Java threads
#   Decrease Java thread stack sizes (-Xss)
#   Set larger code cache with -XX:ReservedCodeCacheSize=
#   JVM is running with Unscaled Compressed Oops mode in which the Java heap is
#     placed in the first 4GB address space. The Java Heap base address is the
#     maximum limit for the native heap growth. Please use -XX:HeapBaseMinAddress
#     to set the Java Heap base and to place the Java Heap above 4GB virtual address.
# This output file may be truncated or incomplete.
#
#  Out of Memory Error (os_windows.cpp:3766), pid=18452, tid=2320
#
# JRE version: OpenJDK Runtime Environment (25.0.2) (build 25.0.2+-15348964-b329.117)
# Java VM: OpenJDK 64-Bit Server VM (25.0.2+-15348964-b329.117, mixed mode, tiered, compressed oops, compressed class ptrs, g1 gc, windows-amd64)
# No core dump will be written. Minidumps are not enabled by default on client versions of Windows
#

---------------  S U M M A R Y ------------

Command Line: --add-opens=java.base/java.lang=ALL-UNNAMED --add-opens=java.base/java.lang.invoke=ALL-UNNAMED --add-opens=java.base/java.util=ALL-UNNAMED --add-opens=java.prefs/java.util.prefs=ALL-UNNAMED --add-exports=jdk.compiler/com.sun.tools.javac.api=ALL-UNNAMED --add-exports=jdk.compiler/com.sun.tools.javac.util=ALL-UNNAMED --add-opens=java.base/java.nio.charset=ALL-UNNAMED --add-opens=java.base/java.net=ALL-UNNAMED --add-opens=java.base/java.util.concurrent=ALL-UNNAMED --add-opens=java.base/java.util.concurrent.atomic=ALL-UNNAMED --add-opens=java.xml/javax.xml.namespace=ALL-UNNAMED --add-opens=java.base/java.time=ALL-UNNAMED --enable-native-access=ALL-UNNAMED -Xmx2048m -Dfile.encoding=UTF-8 -Duser.country=ID -Duser.language=en -Duser.variant -javaagent:C:\Users\Lenovo\.gradle\wrapper\dists\gradle-9.5.0-bin\bvnork1r7n8i6kp5cnkibsc9q\gradle-9.5.0\lib\agents\gradle-instrumentation-agent-9.5.0.jar org.gradle.launcher.daemon.bootstrap.GradleDaemon 9.5.0

Host: 13th Gen Intel(R) Core(TM) i7-13620H, 16 cores, 7G,  Windows 11 , 64 bit Build 26100 (10.0.26100.9444)
Time: Tue Sep 22 15:48:22 2026 SE Asia Standard Time elapsed time: 18.768231 seconds (0d 0h 0m 18s)

---------------  T H R E A D  ---------------

Current thread (0x000001c07f466b50):  VMThread "VM Thread"          [id=2320, stack(0x00000089d4400000,0x00000089d4500000) (1024K)]

Stack: [0x00000089d4400000,0x00000089d4500000]
Native frames: (J=compiled Java code, j=interpreted, Vv=VM code, C=native code)
V  [jvm.dll+0x7bd439]  (no source info available)
V  [jvm.dll+0x78763d]  (no source info available)
V  [jvm.dll+0xa0c885]  (no source info available)
V  [jvm.dll+0xa0ef04]  (no source info available)
V  [jvm.dll+0xa0f603]  (no source info available)
V  [jvm.dll+0x309bf6]  (no source info available)
V  [jvm.dll+0x7b9545]  (no source info available)
V  [jvm.dll+0x7ac047]  (no source info available)
V  [jvm.dll+0x3fdeab]  (no source info available)
V  [jvm.dll+0x406066]  (no source info available)
V  [jvm.dll+0x3f2516]  (no source info available)
V  [jvm.dll+0x3f27f8]  (no source info available)
V  [jvm.dll+0x3c7b82]  (no source info available)
V  [jvm.dll+0x3c7c1a]  (no source info available)
V  [jvm.dll+0x4172d0]  (no source info available)
V  [jvm.dll+0x415bf1]  (no source info available)
V  [jvm.dll+0x3c72b7]  (no source info available)
V  [jvm.dll+0x41502f]  (no source info available)
V  [jvm.dll+0xa158ca]  (no source info available)
V  [jvm.dll+0xa16bd1]  (no source info available)
V  [jvm.dll+0xa17148]  (no source info available)
V  [jvm.dll+0xa173d3]  (no source info available)
V  [jvm.dll+0x9ab9c8]  (no source info available)
V  [jvm.dll+0x7bb985]  (no source info available)
C  [ucrtbase.dll+0x2cd30]  (no source info available)
C  [KERNEL32.DLL+0x2cd87]  (no source info available)
C  [ntdll.dll+0xacaec]  (no source info available)

VM_Operation (0x00000089db9fdbc0): G1CollectForAllocation, mode: safepoint, requested by thread 0x000001c0227801d0


---------------  P R O C E S S  ---------------

Threads class SMR info:
_java_thread_list=0x000001c01cdc3890, length=109, elements={
0x000001c079fbfcd0, 0x000001c07f48e730, 0x000001c07f4c4540, 0x000001c07f4c5f10,
0x000001c07f4c7e90, 0x000001c07f4ab1d0, 0x000001c07f49eff0, 0x000001c07f4a0720,
0x000001c07f4cadb0, 0x000001c07f4ce140, 0x000001c07f9ce8b0, 0x000001c01701dcf0,
0x000001c01751d7b0, 0x000001c0172768d0, 0x000001c01879afa0, 0x000001c018c68a00,
0x000001c01a08f280, 0x000001c018c4f6e0, 0x000001c018c41f20, 0x000001c019fb6330,
0x000001c019fb2c80, 0x000001c019fb3450, 0x000001c019fb72d0, 0x000001c019fb8270,
0x000001c0186ce7e0, 0x000001c0186cb900, 0x000001c0186cc8a0, 0x000001c01a525860,
0x000001c01a526800, 0x000001c01a5277a0, 0x000001c01a2f86c0, 0x000001c01a2f7720,
0x000001c01a2fa600, 0x000001c01a2fcd10, 0x000001c01a2fc540, 0x000001c01ba16da0,
0x000001c01ba18ce0, 0x000001c01ba1a450, 0x000001c01ba1d330, 0x000001c01c46b970,
0x000001c01c46c910, 0x000001c01c46a9d0, 0x000001c01c46a200, 0x000001c01c469a30,
0x000001c01c46f020, 0x000001c01c46e080, 0x000001c01c46f7f0, 0x000001c01c46e850,
0x000001c01c46d8b0, 0x000001c01a908990, 0x000001c01a90b870, 0x000001c01a9081c0,
0x000001c01cc14120, 0x000001c01cc13950, 0x000001c01cc13180, 0x000001c01c476780,
0x000001c018ff0b00, 0x000001c01aa676e0, 0x000001c01835be10, 0x000001c01c476f50,
0x000001c017374220, 0x000001c01a90c810, 0x000001c01aa69730, 0x000001c018ff0330,
0x000001c018ff12d0, 0x000001c018fefb60, 0x000001c01c4757e0, 0x000001c01cdb4240,
0x000001c01835ae70, 0x000001c01aa6aea0, 0x000001c01a909930, 0x000001c01cdb4a10,
0x000001c01cdb51e0, 0x000001c017377100, 0x000001c019d26a30, 0x000001c01a900930,
0x000001c07faab170, 0x000001c01ba94800, 0x000001c01aff4660, 0x000001c01aff2720,
0x000001c01aff2ef0, 0x000001c01cdb7a80, 0x000001c01afda870, 0x000001c01835b640,
0x000001c0171a0370, 0x000001c01afdb810, 0x000001c018a07c70, 0x000001c0182b5940,
0x000001c01bafa410, 0x000001c01baf9c40, 0x000001c018e40150, 0x000001c0173778d0,
0x000001c022781940, 0x000001c01cdb32a0, 0x000001c01cdb2ad0, 0x000001c022a2ce10,
0x000001c01afd9100, 0x000001c01cfac160, 0x000001c023482450, 0x000001c022a2d5e0,
0x000001c0234814b0, 0x000001c019cf8780, 0x000001c01a8fe9f0, 0x000001c0227801d0,
0x000001c02265d170, 0x000001c02265f0b0, 0x000001c0182b49a0, 0x000001c019d25a90,
0x000001c022a2be70
}

Java Threads: ( => current thread )
  0x000001c079fbfcd0 JavaThread "main"                              [_thread_blocked, id=22392, stack(0x00000089d3d00000,0x00000089d3e00000) (1024K)]
  0x000001c07f48e730 JavaThread "Common-Cleaner"             daemon [_thread_blocked, id=4632, stack(0x00000089d4500000,0x00000089d4600000) (1024K)]
  0x000001c07f4c4540 JavaThread "Reference Handler"          daemon [_thread_blocked, id=10760, stack(0x00000089d4600000,0x00000089d4700000) (1024K)]
  0x000001c07f4c5f10 JavaThread "Finalizer"                  daemon [_thread_blocked, id=23084, stack(0x00000089d4700000,0x00000089d4800000) (1024K)]
  0x000001c07f4c7e90 JavaThread "Signal Dispatcher"          daemon [_thread_blocked, id=17856, stack(0x00000089d4800000,0x00000089d4900000) (1024K)]
  0x000001c07f4ab1d0 JavaThread "Attach Listener"            daemon [_thread_blocked, id=18720, stack(0x00000089d4900000,0x00000089d4a00000) (1024K)]
  0x000001c07f49eff0 JavaThread "Service Thread"             daemon [_thread_blocked, id=22880, stack(0x00000089d4a00000,0x00000089d4b00000) (1024K)]
  0x000001c07f4a0720 JavaThread "Monitor Deflation Thread"   daemon [_thread_blocked, id=3452, stack(0x00000089d4b00000,0x00000089d4c00000) (1024K)]
  0x000001c07f4cadb0 JavaThread "C2 CompilerThread0"         daemon [_thread_blocked, id=1076, stack(0x00000089d4c00000,0x00000089d4d00000) (1024K)]
  0x000001c07f4ce140 JavaThread "C1 CompilerThread0"         daemon [_thread_blocked, id=10336, stack(0x00000089d4d00000,0x00000089d4e00000) (1024K)]
  0x000001c07f9ce8b0 JavaThread "C1 CompilerThread1"         daemon [_thread_blocked, id=24056, stack(0x00000089d4e00000,0x00000089d4f00000) (1024K)]
  0x000001c01701dcf0 JavaThread "Notification Thread"        daemon [_thread_blocked, id=23332, stack(0x00000089d4f00000,0x00000089d5000000) (1024K)]
  0x000001c01751d7b0 JavaThread "C1 CompilerThread2"         daemon [_thread_blocked, id=23780, stack(0x00000089d5000000,0x00000089d5100000) (1024K)]
  0x000001c0172768d0 JavaThread "C1 CompilerThread3"         daemon [_thread_blocked, id=22500, stack(0x00000089d5100000,0x00000089d5200000) (1024K)]
  0x000001c01879afa0 JavaThread "Daemon health stats"               [_thread_blocked, id=18620, stack(0x00000089d5800000,0x00000089d5900000) (1024K)]
  0x000001c018c68a00 JavaThread "Incoming local TCP Connector on port 51634"        [_thread_in_native, id=2068, stack(0x00000089d5d00000,0x00000089d5e00000) (1024K)]
  0x000001c01a08f280 JavaThread "Daemon periodic checks"            [_thread_blocked, id=10160, stack(0x00000089d5e00000,0x00000089d5f00000) (1024K)]
  0x000001c018c4f6e0 JavaThread "Daemon"                            [_thread_blocked, id=10872, stack(0x00000089d6400000,0x00000089d6500000) (1024K)]
  0x000001c018c41f20 JavaThread "Handler for socket connection from /127.0.0.1:51634 to /127.0.0.1:51635"        [_thread_in_native, id=25864, stack(0x00000089d6500000,0x00000089d6600000) (1024K)]
  0x000001c019fb6330 JavaThread "Cancel handler"                    [_thread_blocked, id=19268, stack(0x00000089d6600000,0x00000089d6700000) (1024K)]
  0x000001c019fb2c80 JavaThread "Daemon worker"                     [_thread_blocked, id=15352, stack(0x00000089d6700000,0x00000089d6800000) (1024K)]
  0x000001c019fb3450 JavaThread "Asynchronous log dispatcher for DefaultDaemonConnection: socket connection from /127.0.0.1:51634 to /127.0.0.1:51635"        [_thread_blocked, id=13032, stack(0x00000089d6800000,0x00000089d6900000) (1024K)]
  0x000001c019fb72d0 JavaThread "Stdin handler"                     [_thread_blocked, id=17120, stack(0x00000089d6900000,0x00000089d6a00000) (1024K)]
  0x000001c019fb8270 JavaThread "Daemon client event forwarder"        [_thread_blocked, id=25736, stack(0x00000089d6a00000,0x00000089d6b00000) (1024K)]
  0x000001c0186ce7e0 JavaThread "Cache worker for journal cache (C:\Users\Lenovo\.gradle\caches\journal-1)"        [_thread_blocked, id=25924, stack(0x00000089d6b00000,0x00000089d6c00000) (1024K)]
  0x000001c0186cb900 JavaThread "File lock request listener"        [_thread_in_native, id=4144, stack(0x00000089d6c00000,0x00000089d6d00000) (1024K)]
  0x000001c0186cc8a0 JavaThread "Cache worker for file hash cache (C:\Users\Lenovo\.gradle\caches\9.5.0\fileHashes)"        [_thread_blocked, id=26384, stack(0x00000089d6d00000,0x00000089d6e00000) (1024K)]
  0x000001c01a525860 JavaThread "Cache worker for file hash cache (E:\AndroidStudioProjects\MyApplication\Pertemuan 4\.gradle\9.5.0\fileHashes)"        [_thread_blocked, id=19240, stack(0x00000089d6e00000,0x00000089d6f00000) (1024K)]
  0x000001c01a526800 JavaThread "Cache worker for checksums cache (E:\AndroidStudioProjects\MyApplication\Pertemuan 4\.gradle\9.5.0\checksums)"        [_thread_blocked, id=3880, stack(0x00000089d6f00000,0x00000089d7000000) (1024K)]
  0x000001c01a5277a0 JavaThread "Cache worker for Build Output Cleanup Cache (E:\AndroidStudioProjects\MyApplication\Pertemuan 4\.gradle\buildOutputCleanup)"        [_thread_blocked, id=26476, stack(0x00000089d7000000,0x00000089d7100000) (1024K)]
  0x000001c01a2f86c0 JavaThread "Cache worker for file content cache (C:\Users\Lenovo\.gradle\caches\9.5.0\fileContent)"        [_thread_blocked, id=18936, stack(0x00000089d7100000,0x00000089d7200000) (1024K)]
  0x000001c01a2f7720 JavaThread "File watcher server"        daemon [_thread_blocked, id=14108, stack(0x00000089d5200000,0x00000089d5300000) (1024K)]
  0x000001c01a2fa600 JavaThread "File watcher consumer"      daemon [_thread_blocked, id=23048, stack(0x00000089d7200000,0x00000089d7300000) (1024K)]
  0x000001c01a2fcd10 JavaThread "Cache worker for cache directory md-supplier (C:\Users\Lenovo\.gradle\caches\9.5.0\md-supplier)"        [_thread_blocked, id=25788, stack(0x00000089d7300000,0x00000089d7400000) (1024K)]
  0x000001c01a2fc540 JavaThread "Cache worker for cache directory md-rule (C:\Users\Lenovo\.gradle\caches\9.5.0\md-rule)"        [_thread_blocked, id=16416, stack(0x00000089d7400000,0x00000089d7500000) (1024K)]
  0x000001c01ba16da0 JavaThread "build event listener"              [_thread_blocked, id=2316, stack(0x00000089d7600000,0x00000089d7700000) (1024K)]
  0x000001c01ba18ce0 JavaThread "build event listener"              [_thread_blocked, id=23336, stack(0x00000089d7700000,0x00000089d7800000) (1024K)]
  0x000001c01ba1a450 JavaThread "Build operations"                  [_thread_blocked, id=23500, stack(0x00000089d7800000,0x00000089d7900000) (1024K)]
  0x000001c01ba1d330 JavaThread "Memory manager"                    [_thread_blocked, id=9388, stack(0x00000089d7500000,0x00000089d7600000) (1024K)]
  0x000001c01c46b970 JavaThread "included builds"                   [_thread_blocked, id=24744, stack(0x00000089d7900000,0x00000089d7a00000) (1024K)]
  0x000001c01c46c910 JavaThread "Execution worker"                  [_thread_blocked, id=4828, stack(0x00000089d7a00000,0x00000089d7b00000) (1024K)]
  0x000001c01c46a9d0 JavaThread "Execution worker Thread 2"         [_thread_blocked, id=24856, stack(0x00000089d7b00000,0x00000089d7c00000) (1024K)]
  0x000001c01c46a200 JavaThread "Execution worker Thread 3"         [_thread_blocked, id=12756, stack(0x00000089d7c00000,0x00000089d7d00000) (1024K)]
  0x000001c01c469a30 JavaThread "Execution worker Thread 4"         [_thread_blocked, id=6536, stack(0x00000089d7d00000,0x00000089d7e00000) (1024K)]
  0x000001c01c46f020 JavaThread "Execution worker Thread 5"         [_thread_blocked, id=18636, stack(0x00000089d7e00000,0x00000089d7f00000) (1024K)]
  0x000001c01c46e080 JavaThread "Execution worker Thread 6"         [_thread_blocked, id=11864, stack(0x00000089d7f00000,0x00000089d8000000) (1024K)]
  0x000001c01c46f7f0 JavaThread "Execution worker Thread 7"         [_thread_blocked, id=19264, stack(0x00000089d8000000,0x00000089d8100000) (1024K)]
  0x000001c01c46e850 JavaThread "Execution worker Thread 8"         [_thread_blocked, id=15040, stack(0x00000089d8100000,0x00000089d8200000) (1024K)]
  0x000001c01c46d8b0 JavaThread "Execution worker Thread 9"         [_thread_blocked, id=8444, stack(0x00000089d8200000,0x00000089d8300000) (1024K)]
  0x000001c01a908990 JavaThread "Execution worker Thread 10"        [_thread_blocked, id=6684, stack(0x00000089d8300000,0x00000089d8400000) (1024K)]
  0x000001c01a90b870 JavaThread "Execution worker Thread 11"        [_thread_blocked, id=15292, stack(0x00000089d8400000,0x00000089d8500000) (1024K)]
  0x000001c01a9081c0 JavaThread "Execution worker Thread 12"        [_thread_blocked, id=2284, stack(0x00000089d8500000,0x00000089d8600000) (1024K)]
  0x000001c01cc14120 JavaThread "Execution worker Thread 13"        [_thread_blocked, id=12684, stack(0x00000089d8600000,0x00000089d8700000) (1024K)]
  0x000001c01cc13950 JavaThread "Execution worker Thread 14"        [_thread_blocked, id=2680, stack(0x00000089d8700000,0x00000089d8800000) (1024K)]
  0x000001c01cc13180 JavaThread "Execution worker Thread 15"        [_thread_blocked, id=8520, stack(0x00000089d8800000,0x00000089d8900000) (1024K)]
  0x000001c01c476780 JavaThread "Cache worker for execution history cache (E:\AndroidStudioProjects\MyApplication\Pertemuan 4\.gradle\9.5.0\executionHistory)"        [_thread_blocked, id=19272, stack(0x00000089d8900000,0x00000089d8a00000) (1024K)]
  0x000001c018ff0b00 JavaThread "Build operations Thread 2"         [_thread_blocked, id=1596, stack(0x00000089d8a00000,0x00000089d8b00000) (1024K)]
  0x000001c01aa676e0 JavaThread "Build operations Thread 3"         [_thread_blocked, id=25832, stack(0x00000089d8b00000,0x00000089d8c00000) (1024K)]
  0x000001c01835be10 JavaThread "Build operations Thread 4"         [_thread_blocked, id=11224, stack(0x00000089d8c00000,0x00000089d8d00000) (1024K)]
  0x000001c01c476f50 JavaThread "Build operations Thread 5"         [_thread_blocked, id=25992, stack(0x00000089d8d00000,0x00000089d8e00000) (1024K)]
  0x000001c017374220 JavaThread "Build operations Thread 6"         [_thread_blocked, id=23440, stack(0x00000089d8e00000,0x00000089d8f00000) (1024K)]
  0x000001c01a90c810 JavaThread "Build operations Thread 7"         [_thread_blocked, id=13072, stack(0x00000089d8f00000,0x00000089d9000000) (1024K)]
  0x000001c01aa69730 JavaThread "Build operations Thread 8"         [_thread_blocked, id=15332, stack(0x00000089d9000000,0x00000089d9100000) (1024K)]
  0x000001c018ff0330 JavaThread "Build operations Thread 9"         [_thread_blocked, id=14220, stack(0x00000089d9100000,0x00000089d9200000) (1024K)]
  0x000001c018ff12d0 JavaThread "Build operations Thread 10"        [_thread_blocked, id=18948, stack(0x00000089d9200000,0x00000089d9300000) (1024K)]
  0x000001c018fefb60 JavaThread "Build operations Thread 11"        [_thread_blocked, id=21760, stack(0x00000089d9300000,0x00000089d9400000) (1024K)]
  0x000001c01c4757e0 JavaThread "Build operations Thread 12"        [_thread_blocked, id=880, stack(0x00000089d9400000,0x00000089d9500000) (1024K)]
  0x000001c01cdb4240 JavaThread "Build operations Thread 13"        [_thread_blocked, id=13940, stack(0x00000089d9500000,0x00000089d9600000) (1024K)]
  0x000001c01835ae70 JavaThread "Build operations Thread 14"        [_thread_blocked, id=14392, stack(0x00000089d9600000,0x00000089d9700000) (1024K)]
  0x000001c01aa6aea0 JavaThread "Build operations Thread 15"        [_thread_blocked, id=26304, stack(0x00000089d9700000,0x00000089d9800000) (1024K)]
  0x000001c01a909930 JavaThread "Build operations Thread 16"        [_thread_blocked, id=3920, stack(0x00000089d9800000,0x00000089d9900000) (1024K)]
  0x000001c01cdb4a10 JavaThread "ForkJoinPool-1-worker-1"    daemon [_thread_blocked, id=23296, stack(0x00000089d9900000,0x00000089d9a00000) (1024K)]
  0x000001c01cdb51e0 JavaThread "ForkJoinPool-1-worker-2"    daemon [_thread_blocked, id=23192, stack(0x00000089d9a00000,0x00000089d9b00000) (1024K)]
  0x000001c017377100 JavaThread "ForkJoinPool-1-worker-3"    daemon [_thread_blocked, id=22488, stack(0x00000089d9b00000,0x00000089d9c00000) (1024K)]
  0x000001c019d26a30 JavaThread "ForkJoinPool-1-worker-4"    daemon [_thread_blocked, id=11760, stack(0x00000089d9c00000,0x00000089d9d00000) (1024K)]
  0x000001c01a900930 JavaThread "ForkJoinPool-1-worker-5"    daemon [_thread_blocked, id=25644, stack(0x00000089d9d00000,0x00000089d9e00000) (1024K)]
  0x000001c07faab170 JavaThread "ForkJoinPool-1-worker-6"    daemon [_thread_blocked, id=21808, stack(0x00000089d9e00000,0x00000089d9f00000) (1024K)]
  0x000001c01ba94800 JavaThread "ForkJoinPool-1-worker-7"    daemon [_thread_blocked, id=21268, stack(0x00000089d9f00000,0x00000089da000000) (1024K)]
  0x000001c01aff4660 JavaThread "ForkJoinPool-1-worker-8"    daemon [_thread_blocked, id=12624, stack(0x00000089da000000,0x00000089da100000) (1024K)]
  0x000001c01aff2720 JavaThread "ForkJoinPool-1-worker-9"    daemon [_thread_blocked, id=13812, stack(0x00000089da100000,0x00000089da200000) (1024K)]
  0x000001c01aff2ef0 JavaThread "ForkJoinPool-1-worker-10"   daemon [_thread_blocked, id=22448, stack(0x00000089da200000,0x00000089da300000) (1024K)]
  0x000001c01cdb7a80 JavaThread "ForkJoinPool-1-worker-11"   daemon [_thread_blocked, id=21288, stack(0x00000089da300000,0x00000089da400000) (1024K)]
  0x000001c01afda870 JavaThread "ForkJoinPool-1-worker-12"   daemon [_thread_blocked, id=26100, stack(0x00000089da400000,0x00000089da500000) (1024K)]
  0x000001c01835b640 JavaThread "ForkJoinPool-1-worker-13"   daemon [_thread_blocked, id=20360, stack(0x00000089da500000,0x00000089da600000) (1024K)]
  0x000001c0171a0370 JavaThread "ForkJoinPool-1-worker-14"   daemon [_thread_blocked, id=19648, stack(0x00000089da600000,0x00000089da700000) (1024K)]
  0x000001c01afdb810 JavaThread "ForkJoinPool-1-worker-15"   daemon [_thread_blocked, id=25392, stack(0x00000089da700000,0x00000089da800000) (1024K)]
  0x000001c018a07c70 JavaThread "ForkJoinPool-1-worker-16"   daemon [_thread_blocked, id=13620, stack(0x00000089da800000,0x00000089da900000) (1024K)]
  0x000001c0182b5940 JavaThread "WorkerExecutor Queue"              [_thread_blocked, id=13700, stack(0x00000089da900000,0x00000089daa00000) (1024K)]
  0x000001c01bafa410 JavaThread "WorkerExecutor Queue Thread 2"        [_thread_blocked, id=252, stack(0x00000089daa00000,0x00000089dab00000) (1024K)]
  0x000001c01baf9c40 JavaThread "WorkerExecutor Queue Thread 3"        [_thread_blocked, id=16368, stack(0x00000089dab00000,0x00000089dac00000) (1024K)]
  0x000001c018e40150 JavaThread "C2 CompilerThread1"         daemon [_thread_blocked, id=14840, stack(0x00000089dac00000,0x00000089dad00000) (1024K)]
  0x000001c0173778d0 JavaThread "WorkerExecutor Queue Thread 4"        [_thread_blocked, id=3124, stack(0x00000089dad00000,0x00000089dae00000) (1024K)]
  0x000001c022781940 JavaThread "Thread-60"                         [_thread_blocked, id=15536, stack(0x00000089dae00000,0x00000089daf00000) (1024K)]
  0x000001c01cdb32a0 JavaThread "ForkJoinPool-2-worker-1"    daemon [_thread_blocked, id=2992, stack(0x00000089daf00000,0x00000089db000000) (1024K)]
  0x000001c01cdb2ad0 JavaThread "ForkJoinPool-2-worker-2"    daemon [_thread_blocked, id=11916, stack(0x00000089db000000,0x00000089db100000) (1024K)]
  0x000001c022a2ce10 JavaThread "ForkJoinPool-2-worker-3"    daemon [_thread_blocked, id=10360, stack(0x00000089db100000,0x00000089db200000) (1024K)]
  0x000001c01afd9100 JavaThread "ForkJoinPool-2-worker-4"    daemon [_thread_blocked, id=1764, stack(0x00000089db200000,0x00000089db300000) (1024K)]
  0x000001c01cfac160 JavaThread "ForkJoinPool-2-worker-5"    daemon [_thread_blocked, id=2532, stack(0x00000089db300000,0x00000089db400000) (1024K)]
  0x000001c023482450 JavaThread "ForkJoinPool-2-worker-6"    daemon [_thread_blocked, id=4776, stack(0x00000089db400000,0x00000089db500000) (1024K)]
  0x000001c022a2d5e0 JavaThread "ForkJoinPool-2-worker-7"    daemon [_thread_blocked, id=12096, stack(0x00000089db500000,0x00000089db600000) (1024K)]
  0x000001c0234814b0 JavaThread "ForkJoinPool-2-worker-8"    daemon [_thread_blocked, id=24640, stack(0x00000089db600000,0x00000089db700000) (1024K)]
  0x000001c019cf8780 JavaThread "ForkJoinPool-2-worker-9"    daemon [_thread_blocked, id=24020, stack(0x00000089db700000,0x00000089db800000) (1024K)]
  0x000001c01a8fe9f0 JavaThread "ForkJoinPool-2-worker-10"   daemon [_thread_blocked, id=23420, stack(0x00000089db800000,0x00000089db900000) (1024K)]
  0x000001c0227801d0 JavaThread "ForkJoinPool-2-worker-11"   daemon [_thread_blocked, id=23948, stack(0x00000089db900000,0x00000089dba00000) (1024K)]
  0x000001c02265d170 JavaThread "ForkJoinPool-2-worker-12"   daemon [_thread_blocked, id=12348, stack(0x00000089dba00000,0x00000089dbb00000) (1024K)]
  0x000001c02265f0b0 JavaThread "ForkJoinPool-2-worker-13"   daemon [_thread_blocked, id=14196, stack(0x00000089dbb00000,0x00000089dbc00000) (1024K)]
  0x000001c0182b49a0 JavaThread "ForkJoinPool-2-worker-14"   daemon [_thread_blocked, id=21888, stack(0x00000089dbc00000,0x00000089dbd00000) (1024K)]
  0x000001c019d25a90 JavaThread "ForkJoinPool-2-worker-15"   daemon [_thread_blocked, id=17248, stack(0x00000089dbd00000,0x00000089dbe00000) (1024K)]
  0x000001c022a2be70 JavaThread "ForkJoinPool-2-worker-16"   daemon [_thread_blocked, id=25784, stack(0x00000089dbe00000,0x00000089dbf00000) (1024K)]
Total: 109

Other Threads:
=>0x000001c07f466b50 VMThread "VM Thread"                           [id=2320, stack(0x00000089d4400000,0x00000089d4500000) (1024K)]
  0x000001c07f4265d0 WatcherThread "VM Periodic Task Thread"        [id=26308, stack(0x00000089d4300000,0x00000089d4400000) (1024K)]
  0x000001c07a019d50 WorkerThread "GC Thread#0"                     [id=23564, stack(0x00000089d3e00000,0x00000089d3f00000) (1024K)]
  0x000001c0176285d0 WorkerThread "GC Thread#1"                     [id=20508, stack(0x00000089d5300000,0x00000089d5400000) (1024K)]
  0x000001c018086750 WorkerThread "GC Thread#2"                     [id=19104, stack(0x00000089d5400000,0x00000089d5500000) (1024K)]
  0x000001c018057260 WorkerThread "GC Thread#3"                     [id=25248, stack(0x00000089d5500000,0x00000089d5600000) (1024K)]
  0x000001c017620e70 WorkerThread "GC Thread#4"                     [id=15612, stack(0x00000089d5600000,0x00000089d5700000) (1024K)]
  0x000001c01761e7a0 WorkerThread "GC Thread#5"                     [id=19052, stack(0x00000089d5700000,0x00000089d5800000) (1024K)]
  0x000001c01761f040 WorkerThread "GC Thread#6"                     [id=1136, stack(0x00000089d5900000,0x00000089d5a00000) (1024K)]
  0x000001c017621710 WorkerThread "GC Thread#7"                     [id=13292, stack(0x00000089d5a00000,0x00000089d5b00000) (1024K)]
  0x000001c017620180 WorkerThread "GC Thread#8"                     [id=9440, stack(0x00000089d5b00000,0x00000089d5c00000) (1024K)]
  0x000001c017620a20 WorkerThread "GC Thread#9"                     [id=2516, stack(0x00000089d5c00000,0x00000089d5d00000) (1024K)]
  0x000001c01761e350 WorkerThread "GC Thread#10"                    [id=21856, stack(0x00000089d5f00000,0x00000089d6000000) (1024K)]
  0x000001c01761f490 WorkerThread "GC Thread#11"                    [id=5028, stack(0x00000089d6000000,0x00000089d6100000) (1024K)]
  0x000001c01761f8e0 WorkerThread "GC Thread#12"                    [id=22668, stack(0x00000089d6100000,0x00000089d6200000) (1024K)]
  0x000001c07a032e20 ConcurrentGCThread "G1 Main Marker"            [id=9428, stack(0x00000089d3f00000,0x00000089d4000000) (1024K)]
  0x000001c07a0348a0 WorkerThread "G1 Conc#0"                       [id=26212, stack(0x00000089d4000000,0x00000089d4100000) (1024K)]
  0x000001c019f9b4c0 WorkerThread "G1 Conc#1"                       [id=14528, stack(0x00000089d6200000,0x00000089d6300000) (1024K)]
  0x000001c019f9e880 WorkerThread "G1 Conc#2"                       [id=23592, stack(0x00000089d6300000,0x00000089d6400000) (1024K)]
  0x000001c07f2f62f0 ConcurrentGCThread "G1 Refine#0"               [id=24716, stack(0x00000089d4100000,0x00000089d4200000) (1024K)]
  0x000001c07f2f6f00 ConcurrentGCThread "G1 Service"                [id=5152, stack(0x00000089d4200000,0x00000089d4300000) (1024K)]
Total: 21

Threads with active compile tasks:
C2 CompilerThread0  18936 15181 %     4       com.android.tools.r8.dex.z::a @ 293 (1018 bytes)
C2 CompilerThread1  18937 15204       4       com.android.tools.r8.dex.z::a (880 bytes)
Total: 2

VM state: at safepoint (normal execution)

VM Mutex/Monitor currently owned by a thread:  ([mutex/lock_event])
[0x00007ffec2134698] Threads_lock - owner thread: 0x000001c07f466b50
[0x00007ffec2134818] Heap_lock - owner thread: 0x000001c0227801d0

Heap address: 0x0000000080000000, size: 2048 MB, Compressed Oops mode: 32-bit

CDS archive(s) not mapped
Compressed class space mapped at: 0x0000000010000000-0x0000000050000000, reserved size: 1073741824
UseCompressedClassPointers 1, UseCompactObjectHeaders 0
Narrow klass pointer bits 32, Max shift 3
Narrow klass base: 0x0000000000000000, Narrow klass shift: 0
Encoding Range: [0x0000000000000000 - 0x0000000100000000), (4294967296 bytes)
Klass Range:    [0x0000000010000000 - 0x0000000050000000), (1073741824 bytes)
Klass ID Range:  [268435456 - 1342177273) (1073741817)
No protection zone.

GC Precious Log:
 CardTable entry size: 512
 Card Set container configuration: InlinePtr #cards 5 size 8 Array Of Cards #cards 10 size 36 Howl #buckets 4 coarsen threshold 1843 Howl Bitmap #cards 512 size 80 coarsen threshold 460 Card regions per heap region 1 cards per card region 2048
 CPUs: 16 total, 16 available
 Memory: 7916M
 Large Page Support: Disabled
 NUMA Support: Disabled
 Compressed Oops: Enabled (32-bit)
 Heap Region Size: 1M
 Heap Min Capacity: 8M
 Heap Initial Capacity: 124M
 Heap Max Capacity: 2G
 Pre-touch: Disabled
 Parallel Workers: 13
 Concurrent Workers: 3
 Concurrent Refinement Workers: 13
 Periodic GC: Disabled

Heap:
 garbage-first heap   total reserved 2097152K, committed 455680K, used 369107K [0x0000000080000000, 0x0000000100000000)
  region size 1024K, 11 young (11264K), 11 survivors (11264K)

Heap Regions: E=young(eden), S=young(survivor), O=old, HS=humongous(starts), HC=humongous(continues), CS=collection set, F=free, TAMS=top-at-mark-start, PB=parsable bottom
|   0|0x0000000080000000, 0x0000000080100000, 0x0000000080100000|100%|HS|  |TAMS 0x0000000080100000| PB 0x0000000080000000| Complete |  0
|   1|0x0000000080100000, 0x0000000080200000, 0x0000000080200000|100%|HC|  |TAMS 0x0000000080200000| PB 0x0000000080100000| Complete |  0
|   2|0x0000000080200000, 0x0000000080300000, 0x0000000080300000|100%|HC|  |TAMS 0x0000000080300000| PB 0x0000000080200000| Complete |  0
|   3|0x0000000080300000, 0x0000000080400000, 0x0000000080400000|100%|HC|  |TAMS 0x0000000080400000| PB 0x0000000080300000| Complete |  0
|   4|0x0000000080400000, 0x0000000080500000, 0x0000000080500000|100%| O|  |TAMS 0x0000000080500000| PB 0x0000000080400000| Untracked |  0
|   5|0x0000000080500000, 0x0000000080600000, 0x0000000080600000|100%| O|  |TAMS 0x0000000080600000| PB 0x0000000080500000| Untracked |  0
|   6|0x0000000080600000, 0x0000000080700000, 0x0000000080700000|100%| O|  |TAMS 0x0000000080700000| PB 0x0000000080600000| Untracked |  0
|   7|0x0000000080700000, 0x0000000080800000, 0x0000000080800000|100%|HS|  |TAMS 0x0000000080800000| PB 0x0000000080700000| Complete |  0
|   8|0x0000000080800000, 0x0000000080900000, 0x0000000080900000|100%| O|  |TAMS 0x0000000080900000| PB 0x0000000080800000| Untracked |  0
|   9|0x0000000080900000, 0x0000000080a00000, 0x0000000080a00000|100%| O|  |TAMS 0x0000000080a00000| PB 0x0000000080900000| Untracked |  0
|  10|0x0000000080a00000, 0x0000000080b00000, 0x0000000080b00000|100%| O|  |TAMS 0x0000000080b00000| PB 0x0000000080a00000| Untracked |  0
|  11|0x0000000080b00000, 0x0000000080c00000, 0x0000000080c00000|100%| O|  |TAMS 0x0000000080c00000| PB 0x0000000080b00000| Untracked |  0
|  12|0x0000000080c00000, 0x0000000080d00000, 0x0000000080d00000|100%| O|  |TAMS 0x0000000080d00000| PB 0x0000000080c00000| Untracked |  0
|  13|0x0000000080d00000, 0x0000000080e00000, 0x0000000080e00000|100%|HS|  |TAMS 0x0000000080e00000| PB 0x0000000080d00000| Complete |  0
|  14|0x0000000080e00000, 0x0000000080f00000, 0x0000000080f00000|100%| O|  |TAMS 0x0000000080f00000| PB 0x0000000080e00000| Untracked |  0
|  15|0x0000000080f00000, 0x0000000081000000, 0x0000000081000000|100%| O|  |TAMS 0x0000000081000000| PB 0x0000000080f00000| Untracked |  0
|  16|0x0000000081000000, 0x0000000081100000, 0x0000000081100000|100%| O|  |TAMS 0x0000000081100000| PB 0x0000000081000000| Untracked |  0
|  17|0x0000000081100000, 0x0000000081200000, 0x0000000081200000|100%| O|  |TAMS 0x0000000081200000| PB 0x0000000081100000| Untracked |  0
|  18|0x0000000081200000, 0x0000000081300000, 0x0000000081300000|100%| O|  |TAMS 0x0000000081300000| PB 0x0000000081200000| Untracked |  0
|  19|0x0000000081300000, 0x0000000081400000, 0x0000000081400000|100%|HS|  |TAMS 0x0000000081400000| PB 0x0000000081300000| Complete |  0
|  20|0x0000000081400000, 0x0000000081500000, 0x0000000081500000|100%| O|  |TAMS 0x0000000081500000| PB 0x0000000081400000| Untracked |  0
|  21|0x0000000081500000, 0x0000000081600000, 0x0000000081600000|100%| O|  |TAMS 0x0000000081600000| PB 0x0000000081500000| Untracked |  0
|  22|0x0000000081600000, 0x0000000081700000, 0x0000000081700000|100%| O|  |TAMS 0x0000000081700000| PB 0x0000000081600000| Untracked |  0
|  23|0x0000000081700000, 0x0000000081800000, 0x0000000081800000|100%| O|  |TAMS 0x0000000081800000| PB 0x0000000081700000| Untracked |  0
|  24|0x0000000081800000, 0x0000000081900000, 0x0000000081900000|100%| O|  |TAMS 0x0000000081900000| PB 0x0000000081800000| Untracked |  0
|  25|0x0000000081900000, 0x0000000081a00000, 0x0000000081a00000|100%|HS|  |TAMS 0x0000000081a00000| PB 0x0000000081900000| Complete |  0
|  26|0x0000000081a00000, 0x0000000081b00000, 0x0000000081b00000|100%| O|  |TAMS 0x0000000081b00000| PB 0x0000000081a00000| Untracked |  0
|  27|0x0000000081b00000, 0x0000000081c00000, 0x0000000081c00000|100%| O|  |TAMS 0x0000000081c00000| PB 0x0000000081b00000| Untracked |  0
|  28|0x0000000081c00000, 0x0000000081d00000, 0x0000000081d00000|100%|HS|  |TAMS 0x0000000081d00000| PB 0x0000000081c00000| Complete |  0
|  29|0x0000000081d00000, 0x0000000081e00000, 0x0000000081e00000|100%|HS|  |TAMS 0x0000000081e00000| PB 0x0000000081d00000| Complete |  0
|  30|0x0000000081e00000, 0x0000000081f00000, 0x0000000081f00000|100%|HC|  |TAMS 0x0000000081f00000| PB 0x0000000081e00000| Complete |  0
|  31|0x0000000081f00000, 0x0000000082000000, 0x0000000082000000|100%|HS|  |TAMS 0x0000000082000000| PB 0x0000000081f00000| Complete |  0
|  32|0x0000000082000000, 0x0000000082100000, 0x0000000082100000|100%|HS|  |TAMS 0x0000000082100000| PB 0x0000000082000000| Complete |  0
|  33|0x0000000082100000, 0x0000000082200000, 0x0000000082200000|100%| O|  |TAMS 0x0000000082200000| PB 0x0000000082100000| Untracked |  0
|  34|0x0000000082200000, 0x0000000082300000, 0x0000000082300000|100%| O|  |TAMS 0x0000000082300000| PB 0x0000000082200000| Untracked |  0
|  35|0x0000000082300000, 0x0000000082400000, 0x0000000082400000|100%| O|  |TAMS 0x0000000082400000| PB 0x0000000082300000| Untracked |  0
|  36|0x0000000082400000, 0x0000000082500000, 0x0000000082500000|100%| O|  |TAMS 0x0000000082500000| PB 0x0000000082400000| Untracked |  0
|  37|0x0000000082500000, 0x0000000082600000, 0x0000000082600000|100%|HS|  |TAMS 0x0000000082600000| PB 0x0000000082500000| Complete |  0
|  38|0x0000000082600000, 0x0000000082700000, 0x0000000082700000|100%|HC|  |TAMS 0x0000000082700000| PB 0x0000000082600000| Complete |  0
|  39|0x0000000082700000, 0x0000000082800000, 0x0000000082800000|100%| O|  |TAMS 0x0000000082800000| PB 0x0000000082700000| Untracked |  0
|  40|0x0000000082800000, 0x0000000082900000, 0x0000000082900000|100%| O|  |TAMS 0x0000000082900000| PB 0x0000000082800000| Untracked |  0
|  41|0x0000000082900000, 0x0000000082a00000, 0x0000000082a00000|100%| O|  |TAMS 0x0000000082a00000| PB 0x0000000082900000| Untracked |  0
|  42|0x0000000082a00000, 0x0000000082b00000, 0x0000000082b00000|100%| O|  |TAMS 0x0000000082b00000| PB 0x0000000082a00000| Untracked |  0
|  43|0x0000000082b00000, 0x0000000082c00000, 0x0000000082c00000|100%| O|  |TAMS 0x0000000082c00000| PB 0x0000000082b00000| Untracked |  0
|  44|0x0000000082c00000, 0x0000000082d00000, 0x0000000082d00000|100%| O|  |TAMS 0x0000000082d00000| PB 0x0000000082c00000| Untracked |  0
|  45|0x0000000082d00000, 0x0000000082e00000, 0x0000000082e00000|100%|HS|  |TAMS 0x0000000082e00000| PB 0x0000000082d00000| Complete |  0
|  46|0x0000000082e00000, 0x0000000082f00000, 0x0000000082f00000|100%| O|  |TAMS 0x0000000082f00000| PB 0x0000000082e00000| Untracked |  0
|  47|0x0000000082f00000, 0x0000000083000000, 0x0000000083000000|100%| O|  |TAMS 0x0000000083000000| PB 0x0000000082f00000| Untracked |  0
|  48|0x0000000083000000, 0x0000000083100000, 0x0000000083100000|100%| O|  |TAMS 0x0000000083100000| PB 0x0000000083000000| Untracked |  0
|  49|0x0000000083100000, 0x0000000083200000, 0x0000000083200000|100%| O|  |TAMS 0x0000000083200000| PB 0x0000000083100000| Untracked |  0
|  50|0x0000000083200000, 0x0000000083300000, 0x0000000083300000|100%| O|  |TAMS 0x0000000083300000| PB 0x0000000083200000| Untracked |  0
|  51|0x0000000083300000, 0x0000000083400000, 0x0000000083400000|100%| O|  |TAMS 0x0000000083400000| PB 0x0000000083300000| Untracked |  0
|  52|0x0000000083400000, 0x0000000083500000, 0x0000000083500000|100%| O|  |TAMS 0x0000000083500000| PB 0x0000000083400000| Untracked |  0
|  53|0x0000000083500000, 0x0000000083600000, 0x0000000083600000|100%|HS|  |TAMS 0x0000000083600000| PB 0x0000000083500000| Complete |  0
|  54|0x0000000083600000, 0x0000000083700000, 0x0000000083700000|100%| O|  |TAMS 0x0000000083700000| PB 0x0000000083600000| Untracked |  0
|  55|0x0000000083700000, 0x0000000083800000, 0x0000000083800000|100%| O|  |TAMS 0x0000000083800000| PB 0x0000000083700000| Untracked |  0
|  56|0x0000000083800000, 0x0000000083900000, 0x0000000083900000|100%| O|  |TAMS 0x0000000083900000| PB 0x0000000083800000| Untracked |  0
|  57|0x0000000083900000, 0x0000000083a00000, 0x0000000083a00000|100%| O|  |TAMS 0x0000000083a00000| PB 0x0000000083900000| Untracked |  0
|  58|0x0000000083a00000, 0x0000000083b00000, 0x0000000083b00000|100%| O|  |TAMS 0x0000000083b00000| PB 0x0000000083a00000| Untracked |  0
|  59|0x0000000083b00000, 0x0000000083c00000, 0x0000000083c00000|100%| O|  |TAMS 0x0000000083c00000| PB 0x0000000083b00000| Untracked |  0
|  60|0x0000000083c00000, 0x0000000083d00000, 0x0000000083d00000|100%| O|  |TAMS 0x0000000083d00000| PB 0x0000000083c00000| Untracked |  0
|  61|0x0000000083d00000, 0x0000000083e00000, 0x0000000083e00000|100%| O|  |TAMS 0x0000000083e00000| PB 0x0000000083d00000| Untracked |  0
|  62|0x0000000083e00000, 0x0000000083f00000, 0x0000000083f00000|100%| O|  |TAMS 0x0000000083f00000| PB 0x0000000083e00000| Untracked |  0
|  63|0x0000000083f00000, 0x0000000084000000, 0x0000000084000000|100%| O|  |TAMS 0x0000000084000000| PB 0x0000000083f00000| Untracked |  0
|  64|0x0000000084000000, 0x0000000084100000, 0x0000000084100000|100%| O|  |TAMS 0x0000000084100000| PB 0x0000000084000000| Untracked |  0
|  65|0x0000000084100000, 0x0000000084200000, 0x0000000084200000|100%| O|  |TAMS 0x0000000084200000| PB 0x0000000084100000| Untracked |  0
|  66|0x0000000084200000, 0x0000000084300000, 0x0000000084300000|100%| O|  |TAMS 0x0000000084300000| PB 0x0000000084200000| Untracked |  0
|  67|0x0000000084300000, 0x0000000084400000, 0x0000000084400000|100%| O|  |TAMS 0x0000000084400000| PB 0x0000000084300000| Untracked |  0
|  68|0x0000000084400000, 0x0000000084500000, 0x0000000084500000|100%| O|  |TAMS 0x0000000084500000| PB 0x0000000084400000| Untracked |  0
|  69|0x0000000084500000, 0x0000000084600000, 0x0000000084600000|100%| O|  |TAMS 0x0000000084600000| PB 0x0000000084500000| Untracked |  0
|  70|0x0000000084600000, 0x0000000084700000, 0x0000000084700000|100%| O|  |TAMS 0x0000000084700000| PB 0x0000000084600000| Untracked |  0
|  71|0x0000000084700000, 0x0000000084800000, 0x0000000084800000|100%| O|  |TAMS 0x0000000084800000| PB 0x0000000084700000| Untracked |  0
|  72|0x0000000084800000, 0x0000000084900000, 0x0000000084900000|100%| O|  |TAMS 0x0000000084900000| PB 0x0000000084800000| Untracked |  0
|  73|0x0000000084900000, 0x0000000084a00000, 0x0000000084a00000|100%| O|  |TAMS 0x0000000084a00000| PB 0x0000000084900000| Untracked |  0
|  74|0x0000000084a00000, 0x0000000084b00000, 0x0000000084b00000|100%| O|  |TAMS 0x0000000084b00000| PB 0x0000000084a00000| Untracked |  0
|  75|0x0000000084b00000, 0x0000000084c00000, 0x0000000084c00000|100%| O|  |TAMS 0x0000000084c00000| PB 0x0000000084b00000| Untracked |  0
|  76|0x0000000084c00000, 0x0000000084d00000, 0x0000000084d00000|100%| O|  |TAMS 0x0000000084d00000| PB 0x0000000084c00000| Untracked |  0
|  77|0x0000000084d00000, 0x0000000084e00000, 0x0000000084e00000|100%| O|  |TAMS 0x0000000084d00000| PB 0x0000000084d00000| Untracked |  0
|  78|0x0000000084e00000, 0x0000000084f00000, 0x0000000084f00000|100%| O|  |TAMS 0x0000000084f00000| PB 0x0000000084e00000| Untracked |  0
|  79|0x0000000084f00000, 0x0000000085000000, 0x0000000085000000|100%| O|  |TAMS 0x0000000085000000| PB 0x0000000084f00000| Untracked |  0
|  80|0x0000000085000000, 0x0000000085100000, 0x0000000085100000|100%| O|  |TAMS 0x0000000085100000| PB 0x0000000085000000| Untracked |  0
|  81|0x0000000085100000, 0x0000000085200000, 0x0000000085200000|100%| O|  |TAMS 0x0000000085100000| PB 0x0000000085100000| Untracked |  0
|  82|0x0000000085200000, 0x0000000085300000, 0x0000000085300000|100%| O|  |TAMS 0x0000000085200000| PB 0x0000000085200000| Untracked |  0
|  83|0x0000000085300000, 0x0000000085400000, 0x0000000085400000|100%| O|  |TAMS 0x0000000085300000| PB 0x0000000085300000| Untracked |  0
|  84|0x0000000085400000, 0x0000000085500000, 0x0000000085500000|100%| O|  |TAMS 0x0000000085500000| PB 0x0000000085400000| Untracked |  0
|  85|0x0000000085500000, 0x0000000085600000, 0x0000000085600000|100%| O|  |TAMS 0x0000000085600000| PB 0x0000000085500000| Untracked |  0
|  86|0x0000000085600000, 0x0000000085700000, 0x0000000085700000|100%|HS|  |TAMS 0x0000000085700000| PB 0x0000000085600000| Complete |  0
|  87|0x0000000085700000, 0x0000000085800000, 0x0000000085800000|100%|HC|  |TAMS 0x0000000085800000| PB 0x0000000085700000| Complete |  0
|  88|0x0000000085800000, 0x0000000085900000, 0x0000000085900000|100%| O|  |TAMS 0x0000000085900000| PB 0x0000000085800000| Untracked |  0
|  89|0x0000000085900000, 0x0000000085a00000, 0x0000000085a00000|100%| O|  |TAMS 0x0000000085a00000| PB 0x0000000085900000| Untracked |  0
|  90|0x0000000085a00000, 0x0000000085b00000, 0x0000000085b00000|100%| O|  |TAMS 0x0000000085b00000| PB 0x0000000085a00000| Untracked |  0
|  91|0x0000000085b00000, 0x0000000085c00000, 0x0000000085c00000|100%|HS|  |TAMS 0x0000000085c00000| PB 0x0000000085b00000| Complete |  0
|  92|0x0000000085c00000, 0x0000000085d00000, 0x0000000085d00000|100%|HS|  |TAMS 0x0000000085d00000| PB 0x0000000085c00000| Complete |  0
|  93|0x0000000085d00000, 0x0000000085e00000, 0x0000000085e00000|100%| O|  |TAMS 0x0000000085e00000| PB 0x0000000085d00000| Untracked |  0
|  94|0x0000000085e00000, 0x0000000085f00000, 0x0000000085f00000|100%| O|  |TAMS 0x0000000085f00000| PB 0x0000000085e00000| Untracked |  0
|  95|0x0000000085f00000, 0x0000000086000000, 0x0000000086000000|100%| O|  |TAMS 0x0000000086000000| PB 0x0000000085f00000| Untracked |  0
|  96|0x0000000086000000, 0x0000000086100000, 0x0000000086100000|100%| O|  |TAMS 0x0000000086100000| PB 0x0000000086000000| Untracked |  0
|  97|0x0000000086100000, 0x0000000086200000, 0x0000000086200000|100%| O|  |TAMS 0x0000000086200000| PB 0x0000000086100000| Untracked |  0
|  98|0x0000000086200000, 0x0000000086300000, 0x0000000086300000|100%| O|  |TAMS 0x0000000086300000| PB 0x0000000086200000| Untracked |  0
|  99|0x0000000086300000, 0x0000000086400000, 0x0000000086400000|100%| O|  |TAMS 0x0000000086400000| PB 0x0000000086300000| Untracked |  0
| 100|0x0000000086400000, 0x0000000086500000, 0x0000000086500000|100%| O|  |TAMS 0x0000000086500000| PB 0x0000000086400000| Untracked |  0
| 101|0x0000000086500000, 0x0000000086600000, 0x0000000086600000|100%| O|  |TAMS 0x0000000086500000| PB 0x0000000086500000| Untracked |  0
| 102|0x0000000086600000, 0x0000000086700000, 0x0000000086700000|100%| O|  |TAMS 0x0000000086600000| PB 0x0000000086600000| Untracked |  0
| 103|0x0000000086700000, 0x0000000086800000, 0x0000000086800000|100%| O|  |TAMS 0x0000000086700000| PB 0x0000000086700000| Untracked |  0
| 104|0x0000000086800000, 0x0000000086900000, 0x0000000086900000|100%| O|  |TAMS 0x0000000086800000| PB 0x0000000086800000| Untracked |  0
| 105|0x0000000086900000, 0x0000000086a00000, 0x0000000086a00000|100%| O|  |TAMS 0x0000000086a00000| PB 0x0000000086900000| Untracked |  0
| 106|0x0000000086a00000, 0x0000000086b00000, 0x0000000086b00000|100%|HS|  |TAMS 0x0000000086b00000| PB 0x0000000086a00000| Complete |  0
| 107|0x0000000086b00000, 0x0000000086c00000, 0x0000000086c00000|100%|HS|  |TAMS 0x0000000086c00000| PB 0x0000000086b00000| Complete |  0
| 108|0x0000000086c00000, 0x0000000086d00000, 0x0000000086d00000|100%|HC|  |TAMS 0x0000000086d00000| PB 0x0000000086c00000| Complete |  0
| 109|0x0000000086d00000, 0x0000000086e00000, 0x0000000086e00000|100%|HC|  |TAMS 0x0000000086e00000| PB 0x0000000086d00000| Complete |  0
| 110|0x0000000086e00000, 0x0000000086f00000, 0x0000000086f00000|100%|HC|  |TAMS 0x0000000086f00000| PB 0x0000000086e00000| Complete |  0
| 111|0x0000000086f00000, 0x0000000087000000, 0x0000000087000000|100%|HC|  |TAMS 0x0000000087000000| PB 0x0000000086f00000| Complete |  0
| 112|0x0000000087000000, 0x0000000087100000, 0x0000000087100000|100%|HC|  |TAMS 0x0000000087100000| PB 0x0000000087000000| Complete |  0
| 113|0x0000000087100000, 0x0000000087200000, 0x0000000087200000|100%| O|  |TAMS 0x0000000087200000| PB 0x0000000087100000| Untracked |  0
| 114|0x0000000087200000, 0x0000000087300000, 0x0000000087300000|100%| O|  |TAMS 0x0000000087300000| PB 0x0000000087200000| Untracked |  0
| 115|0x0000000087300000, 0x0000000087400000, 0x0000000087400000|100%|HS|  |TAMS 0x0000000087400000| PB 0x0000000087300000| Complete |  0
| 116|0x0000000087400000, 0x0000000087500000, 0x0000000087500000|100%|HC|  |TAMS 0x0000000087500000| PB 0x0000000087400000| Complete |  0
| 117|0x0000000087500000, 0x0000000087600000, 0x0000000087600000|100%|HS|  |TAMS 0x0000000087600000| PB 0x0000000087500000| Complete |  0
| 118|0x0000000087600000, 0x0000000087700000, 0x0000000087700000|100%|HC|  |TAMS 0x0000000087700000| PB 0x0000000087600000| Complete |  0
| 119|0x0000000087700000, 0x0000000087800000, 0x0000000087800000|100%|HC|  |TAMS 0x0000000087800000| PB 0x0000000087700000| Complete |  0
| 120|0x0000000087800000, 0x0000000087900000, 0x0000000087900000|100%|HC|  |TAMS 0x0000000087900000| PB 0x0000000087800000| Complete |  0
| 121|0x0000000087900000, 0x0000000087a00000, 0x0000000087a00000|100%|HC|  |TAMS 0x0000000087a00000| PB 0x0000000087900000| Complete |  0
| 122|0x0000000087a00000, 0x0000000087b00000, 0x0000000087b00000|100%|HS|  |TAMS 0x0000000087b00000| PB 0x0000000087a00000| Complete |  0
| 123|0x0000000087b00000, 0x0000000087c00000, 0x0000000087c00000|100%|HS|  |TAMS 0x0000000087c00000| PB 0x0000000087b00000| Complete |  0
| 124|0x0000000087c00000, 0x0000000087d00000, 0x0000000087d00000|100%|HS|  |TAMS 0x0000000087d00000| PB 0x0000000087c00000| Complete |  0
| 125|0x0000000087d00000, 0x0000000087e00000, 0x0000000087e00000|100%|HS|  |TAMS 0x0000000087e00000| PB 0x0000000087d00000| Complete |  0
| 126|0x0000000087e00000, 0x0000000087f00000, 0x0000000087f00000|100%|HS|  |TAMS 0x0000000087f00000| PB 0x0000000087e00000| Complete |  0
| 127|0x0000000087f00000, 0x0000000088000000, 0x0000000088000000|100%|HS|  |TAMS 0x0000000088000000| PB 0x0000000087f00000| Complete |  0
| 128|0x0000000088000000, 0x0000000088100000, 0x0000000088100000|100%|HS|  |TAMS 0x0000000088100000| PB 0x0000000088000000| Complete |  0
| 129|0x0000000088100000, 0x0000000088200000, 0x0000000088200000|100%|HS|  |TAMS 0x0000000088200000| PB 0x0000000088100000| Complete |  0
| 130|0x0000000088200000, 0x0000000088300000, 0x0000000088300000|100%|HC|  |TAMS 0x0000000088300000| PB 0x0000000088200000| Complete |  0
| 131|0x0000000088300000, 0x0000000088400000, 0x0000000088400000|100%|HS|  |TAMS 0x0000000088400000| PB 0x0000000088300000| Complete |  0
| 132|0x0000000088400000, 0x0000000088500000, 0x0000000088500000|100%|HS|  |TAMS 0x0000000088500000| PB 0x0000000088400000| Complete |  0
| 133|0x0000000088500000, 0x0000000088600000, 0x0000000088600000|100%|HC|  |TAMS 0x0000000088600000| PB 0x0000000088500000| Complete |  0
| 134|0x0000000088600000, 0x0000000088700000, 0x0000000088700000|100%|HS|  |TAMS 0x0000000088700000| PB 0x0000000088600000| Complete |  0
| 135|0x0000000088700000, 0x0000000088800000, 0x0000000088800000|100%|HC|  |TAMS 0x0000000088800000| PB 0x0000000088700000| Complete |  0
| 136|0x0000000088800000, 0x0000000088900000, 0x0000000088900000|100%|HC|  |TAMS 0x0000000088900000| PB 0x0000000088800000| Complete |  0
| 137|0x0000000088900000, 0x0000000088a00000, 0x0000000088a00000|100%|HC|  |TAMS 0x0000000088a00000| PB 0x0000000088900000| Complete |  0
| 138|0x0000000088a00000, 0x0000000088b00000, 0x0000000088b00000|100%|HS|  |TAMS 0x0000000088b00000| PB 0x0000000088a00000| Complete |  0
| 139|0x0000000088b00000, 0x0000000088c00000, 0x0000000088c00000|100%|HC|  |TAMS 0x0000000088c00000| PB 0x0000000088b00000| Complete |  0
| 140|0x0000000088c00000, 0x0000000088d00000, 0x0000000088d00000|100%|HS|  |TAMS 0x0000000088d00000| PB 0x0000000088c00000| Complete |  0
| 141|0x0000000088d00000, 0x0000000088e00000, 0x0000000088e00000|100%|HC|  |TAMS 0x0000000088e00000| PB 0x0000000088d00000| Complete |  0
| 142|0x0000000088e00000, 0x0000000088f00000, 0x0000000088f00000|100%| O|  |TAMS 0x0000000088f00000| PB 0x0000000088e00000| Untracked |  0
| 143|0x0000000088f00000, 0x0000000089000000, 0x0000000089000000|100%| O|  |TAMS 0x0000000089000000| PB 0x0000000088f00000| Untracked |  0
| 144|0x0000000089000000, 0x0000000089100000, 0x0000000089100000|100%| O|  |TAMS 0x0000000089100000| PB 0x0000000089000000| Untracked |  0
| 145|0x0000000089100000, 0x0000000089200000, 0x0000000089200000|100%| O|  |TAMS 0x0000000089200000| PB 0x0000000089100000| Untracked |  0
| 146|0x0000000089200000, 0x0000000089300000, 0x0000000089300000|100%| O|  |TAMS 0x0000000089300000| PB 0x0000000089200000| Untracked |  0
| 147|0x0000000089300000, 0x0000000089400000, 0x0000000089400000|100%| O|  |TAMS 0x0000000089400000| PB 0x0000000089300000| Untracked |  0
| 148|0x0000000089400000, 0x0000000089500000, 0x0000000089500000|100%| O|  |TAMS 0x0000000089500000| PB 0x0000000089400000| Untracked |  0
| 149|0x0000000089500000, 0x0000000089600000, 0x0000000089600000|100%| O|  |TAMS 0x0000000089600000| PB 0x0000000089500000| Untracked |  0
| 150|0x0000000089600000, 0x0000000089700000, 0x0000000089700000|100%| O|  |TAMS 0x0000000089700000| PB 0x0000000089600000| Untracked |  0
| 151|0x0000000089700000, 0x0000000089800000, 0x0000000089800000|100%| O|  |TAMS 0x0000000089800000| PB 0x0000000089700000| Untracked |  0
| 152|0x0000000089800000, 0x0000000089900000, 0x0000000089900000|100%| O|  |TAMS 0x0000000089900000| PB 0x0000000089800000| Untracked |  0
| 153|0x0000000089900000, 0x0000000089a00000, 0x0000000089a00000|100%|HS|  |TAMS 0x0000000089a00000| PB 0x0000000089900000| Complete |  0
| 154|0x0000000089a00000, 0x0000000089b00000, 0x0000000089b00000|100%|HC|  |TAMS 0x0000000089b00000| PB 0x0000000089a00000| Complete |  0
| 155|0x0000000089b00000, 0x0000000089c00000, 0x0000000089c00000|100%|HC|  |TAMS 0x0000000089c00000| PB 0x0000000089b00000| Complete |  0
| 156|0x0000000089c00000, 0x0000000089d00000, 0x0000000089d00000|100%| O|  |TAMS 0x0000000089d00000| PB 0x0000000089c00000| Untracked |  0
| 157|0x0000000089d00000, 0x0000000089e00000, 0x0000000089e00000|100%| O|  |TAMS 0x0000000089e00000| PB 0x0000000089d00000| Untracked |  0
| 158|0x0000000089e00000, 0x0000000089f00000, 0x0000000089f00000|100%|HS|  |TAMS 0x0000000089f00000| PB 0x0000000089e00000| Complete |  0
| 159|0x0000000089f00000, 0x000000008a000000, 0x000000008a000000|100%|HC|  |TAMS 0x000000008a000000| PB 0x0000000089f00000| Complete |  0
| 160|0x000000008a000000, 0x000000008a100000, 0x000000008a100000|100%|HS|  |TAMS 0x000000008a100000| PB 0x000000008a000000| Complete |  0
| 161|0x000000008a100000, 0x000000008a200000, 0x000000008a200000|100%| O|  |TAMS 0x000000008a200000| PB 0x000000008a100000| Untracked |  0
| 162|0x000000008a200000, 0x000000008a300000, 0x000000008a300000|100%|HS|  |TAMS 0x000000008a300000| PB 0x000000008a200000| Complete |  0
| 163|0x000000008a300000, 0x000000008a400000, 0x000000008a400000|100%| O|  |TAMS 0x000000008a400000| PB 0x000000008a300000| Untracked |  0
| 164|0x000000008a400000, 0x000000008a500000, 0x000000008a500000|100%| O|  |TAMS 0x000000008a500000| PB 0x000000008a400000| Untracked |  0
| 165|0x000000008a500000, 0x000000008a600000, 0x000000008a600000|100%| O|  |TAMS 0x000000008a600000| PB 0x000000008a500000| Untracked |  0
| 166|0x000000008a600000, 0x000000008a700000, 0x000000008a700000|100%| O|  |TAMS 0x000000008a700000| PB 0x000000008a600000| Untracked |  0
| 167|0x000000008a700000, 0x000000008a800000, 0x000000008a800000|100%| O|  |TAMS 0x000000008a800000| PB 0x000000008a700000| Untracked |  0
| 168|0x000000008a800000, 0x000000008a900000, 0x000000008a900000|100%| O|  |TAMS 0x000000008a900000| PB 0x000000008a800000| Untracked |  0
| 169|0x000000008a900000, 0x000000008aa00000, 0x000000008aa00000|100%| O|  |TAMS 0x000000008aa00000| PB 0x000000008a900000| Untracked |  0
| 170|0x000000008aa00000, 0x000000008ab00000, 0x000000008ab00000|100%| O|  |TAMS 0x000000008ab00000| PB 0x000000008aa00000| Untracked |  0
| 171|0x000000008ab00000, 0x000000008ac00000, 0x000000008ac00000|100%|HS|  |TAMS 0x000000008ac00000| PB 0x000000008ab00000| Complete |  0
| 172|0x000000008ac00000, 0x000000008ad00000, 0x000000008ad00000|100%| O|  |TAMS 0x000000008ad00000| PB 0x000000008ac00000| Untracked |  0
| 173|0x000000008ad00000, 0x000000008ae00000, 0x000000008ae00000|100%|HS|  |TAMS 0x000000008ae00000| PB 0x000000008ad00000| Complete |  0
| 174|0x000000008ae00000, 0x000000008af00000, 0x000000008af00000|100%|HS|  |TAMS 0x000000008af00000| PB 0x000000008ae00000| Complete |  0
| 175|0x000000008af00000, 0x000000008b000000, 0x000000008b000000|100%|HC|  |TAMS 0x000000008b000000| PB 0x000000008af00000| Complete |  0
| 176|0x000000008b000000, 0x000000008b100000, 0x000000008b100000|100%|HC|  |TAMS 0x000000008b100000| PB 0x000000008b000000| Complete |  0
| 177|0x000000008b100000, 0x000000008b200000, 0x000000008b200000|100%|HC|  |TAMS 0x000000008b200000| PB 0x000000008b100000| Complete |  0
| 178|0x000000008b200000, 0x000000008b300000, 0x000000008b300000|100%|HC|  |TAMS 0x000000008b300000| PB 0x000000008b200000| Complete |  0
| 179|0x000000008b300000, 0x000000008b400000, 0x000000008b400000|100%|HC|  |TAMS 0x000000008b400000| PB 0x000000008b300000| Complete |  0
| 180|0x000000008b400000, 0x000000008b500000, 0x000000008b500000|100%| O|  |TAMS 0x000000008b500000| PB 0x000000008b400000| Untracked |  0
| 181|0x000000008b500000, 0x000000008b600000, 0x000000008b600000|100%| O|  |TAMS 0x000000008b600000| PB 0x000000008b500000| Untracked |  0
| 182|0x000000008b600000, 0x000000008b700000, 0x000000008b700000|100%| O|  |TAMS 0x000000008b700000| PB 0x000000008b600000| Untracked |  0
| 183|0x000000008b700000, 0x000000008b800000, 0x000000008b800000|100%|HS|  |TAMS 0x000000008b800000| PB 0x000000008b700000| Complete |  0
| 184|0x000000008b800000, 0x000000008b900000, 0x000000008b900000|100%|HC|  |TAMS 0x000000008b900000| PB 0x000000008b800000| Complete |  0
| 185|0x000000008b900000, 0x000000008ba00000, 0x000000008ba00000|100%| O|  |TAMS 0x000000008ba00000| PB 0x000000008b900000| Untracked |  0
| 186|0x000000008ba00000, 0x000000008bb00000, 0x000000008bb00000|100%| O|  |TAMS 0x000000008bb00000| PB 0x000000008ba00000| Untracked |  0
| 187|0x000000008bb00000, 0x000000008bc00000, 0x000000008bc00000|100%| O|  |TAMS 0x000000008bc00000| PB 0x000000008bb00000| Untracked |  0
| 188|0x000000008bc00000, 0x000000008bd00000, 0x000000008bd00000|100%| O|  |TAMS 0x000000008bd00000| PB 0x000000008bc00000| Untracked |  0
| 189|0x000000008bd00000, 0x000000008be00000, 0x000000008be00000|100%| O|  |TAMS 0x000000008be00000| PB 0x000000008bd00000| Untracked |  0
| 190|0x000000008be00000, 0x000000008bf00000, 0x000000008bf00000|100%| O|  |TAMS 0x000000008bf00000| PB 0x000000008be00000| Untracked |  0
| 191|0x000000008bf00000, 0x000000008c000000, 0x000000008c000000|100%| O|  |TAMS 0x000000008c000000| PB 0x000000008bf00000| Untracked |  0
| 192|0x000000008c000000, 0x000000008c100000, 0x000000008c100000|100%| O|  |TAMS 0x000000008c100000| PB 0x000000008c000000| Untracked |  0
| 193|0x000000008c100000, 0x000000008c200000, 0x000000008c200000|100%|HS|  |TAMS 0x000000008c200000| PB 0x000000008c100000| Complete |  0
| 194|0x000000008c200000, 0x000000008c300000, 0x000000008c300000|100%|HC|  |TAMS 0x000000008c300000| PB 0x000000008c200000| Complete |  0
| 195|0x000000008c300000, 0x000000008c400000, 0x000000008c400000|100%| O|  |TAMS 0x000000008c400000| PB 0x000000008c300000| Untracked |  0
| 196|0x000000008c400000, 0x000000008c500000, 0x000000008c500000|100%|HS|  |TAMS 0x000000008c500000| PB 0x000000008c400000| Complete |  0
| 197|0x000000008c500000, 0x000000008c600000, 0x000000008c600000|100%|HC|  |TAMS 0x000000008c600000| PB 0x000000008c500000| Complete |  0
| 198|0x000000008c600000, 0x000000008c700000, 0x000000008c700000|100%|HC|  |TAMS 0x000000008c700000| PB 0x000000008c600000| Complete |  0
| 199|0x000000008c700000, 0x000000008c800000, 0x000000008c800000|100%|HC|  |TAMS 0x000000008c800000| PB 0x000000008c700000| Complete |  0
| 200|0x000000008c800000, 0x000000008c900000, 0x000000008c900000|100%|HC|  |TAMS 0x000000008c900000| PB 0x000000008c800000| Complete |  0
| 201|0x000000008c900000, 0x000000008ca00000, 0x000000008ca00000|100%| O|  |TAMS 0x000000008ca00000| PB 0x000000008c900000| Untracked |  0
| 202|0x000000008ca00000, 0x000000008cb00000, 0x000000008cb00000|100%|HS|  |TAMS 0x000000008cb00000| PB 0x000000008ca00000| Complete |  0
| 203|0x000000008cb00000, 0x000000008cc00000, 0x000000008cc00000|100%|HS|  |TAMS 0x000000008cc00000| PB 0x000000008cb00000| Complete |  0
| 204|0x000000008cc00000, 0x000000008cd00000, 0x000000008cd00000|100%|HC|  |TAMS 0x000000008cd00000| PB 0x000000008cc00000| Complete |  0
| 205|0x000000008cd00000, 0x000000008ce00000, 0x000000008ce00000|100%|HS|  |TAMS 0x000000008ce00000| PB 0x000000008cd00000| Complete |  0
| 206|0x000000008ce00000, 0x000000008cf00000, 0x000000008cf00000|100%| O|  |TAMS 0x000000008cf00000| PB 0x000000008ce00000| Untracked |  0
| 207|0x000000008cf00000, 0x000000008d000000, 0x000000008d000000|100%|HS|  |TAMS 0x000000008d000000| PB 0x000000008cf00000| Complete |  0
| 208|0x000000008d000000, 0x000000008d100000, 0x000000008d100000|100%|HS|  |TAMS 0x000000008d100000| PB 0x000000008d000000| Complete |  0
| 209|0x000000008d100000, 0x000000008d200000, 0x000000008d200000|100%|HC|  |TAMS 0x000000008d200000| PB 0x000000008d100000| Complete |  0
| 210|0x000000008d200000, 0x000000008d300000, 0x000000008d300000|100%|HC|  |TAMS 0x000000008d300000| PB 0x000000008d200000| Complete |  0
| 211|0x000000008d300000, 0x000000008d400000, 0x000000008d400000|100%|HC|  |TAMS 0x000000008d400000| PB 0x000000008d300000| Complete |  0
| 212|0x000000008d400000, 0x000000008d500000, 0x000000008d500000|100%|HC|  |TAMS 0x000000008d500000| PB 0x000000008d400000| Complete |  0
| 213|0x000000008d500000, 0x000000008d600000, 0x000000008d600000|100%|HC|  |TAMS 0x000000008d600000| PB 0x000000008d500000| Complete |  0
| 214|0x000000008d600000, 0x000000008d700000, 0x000000008d700000|100%|HC|  |TAMS 0x000000008d700000| PB 0x000000008d600000| Complete |  0
| 215|0x000000008d700000, 0x000000008d800000, 0x000000008d800000|100%| O|  |TAMS 0x000000008d800000| PB 0x000000008d700000| Untracked |  0
| 216|0x000000008d800000, 0x000000008d900000, 0x000000008d900000|100%| O|  |TAMS 0x000000008d900000| PB 0x000000008d800000| Untracked |  0
| 217|0x000000008d900000, 0x000000008da00000, 0x000000008da00000|100%| O|  |TAMS 0x000000008da00000| PB 0x000000008d900000| Untracked |  0
| 218|0x000000008da00000, 0x000000008db00000, 0x000000008db00000|100%| O|  |TAMS 0x000000008db00000| PB 0x000000008da00000| Untracked |  0
| 219|0x000000008db00000, 0x000000008dc00000, 0x000000008dc00000|100%| O|  |TAMS 0x000000008dc00000| PB 0x000000008db00000| Untracked |  0
| 220|0x000000008dc00000, 0x000000008dd00000, 0x000000008dd00000|100%| O|  |TAMS 0x000000008dd00000| PB 0x000000008dc00000| Untracked |  0
| 221|0x000000008dd00000, 0x000000008de00000, 0x000000008de00000|100%| O|  |TAMS 0x000000008de00000| PB 0x000000008dd00000| Untracked |  0
| 222|0x000000008de00000, 0x000000008df00000, 0x000000008df00000|100%| O|  |TAMS 0x000000008df00000| PB 0x000000008de00000| Untracked |  0
| 223|0x000000008df00000, 0x000000008e000000, 0x000000008e000000|100%| O|  |TAMS 0x000000008e000000| PB 0x000000008df00000| Untracked |  0
| 224|0x000000008e000000, 0x000000008e100000, 0x000000008e100000|100%| O|  |TAMS 0x000000008e100000| PB 0x000000008e000000| Untracked |  0
| 225|0x000000008e100000, 0x000000008e200000, 0x000000008e200000|100%| O|  |TAMS 0x000000008e200000| PB 0x000000008e100000| Untracked |  0
| 226|0x000000008e200000, 0x000000008e300000, 0x000000008e300000|100%| O|  |TAMS 0x000000008e300000| PB 0x000000008e200000| Untracked |  0
| 227|0x000000008e300000, 0x000000008e400000, 0x000000008e400000|100%| O|  |TAMS 0x000000008e400000| PB 0x000000008e300000| Untracked |  0
| 228|0x000000008e400000, 0x000000008e500000, 0x000000008e500000|100%| O|  |TAMS 0x000000008e500000| PB 0x000000008e400000| Untracked |  0
| 229|0x000000008e500000, 0x000000008e600000, 0x000000008e600000|100%| O|  |TAMS 0x000000008e600000| PB 0x000000008e500000| Untracked |  0
| 230|0x000000008e600000, 0x000000008e700000, 0x000000008e700000|100%| O|  |TAMS 0x000000008e700000| PB 0x000000008e600000| Untracked |  0
| 231|0x000000008e700000, 0x000000008e800000, 0x000000008e800000|100%| O|  |TAMS 0x000000008e800000| PB 0x000000008e700000| Untracked |  0
| 232|0x000000008e800000, 0x000000008e900000, 0x000000008e900000|100%| O|  |TAMS 0x000000008e900000| PB 0x000000008e800000| Untracked |  0
| 233|0x000000008e900000, 0x000000008ea00000, 0x000000008ea00000|100%|HS|  |TAMS 0x000000008ea00000| PB 0x000000008e900000| Complete |  0
| 234|0x000000008ea00000, 0x000000008eb00000, 0x000000008eb00000|100%|HC|  |TAMS 0x000000008eb00000| PB 0x000000008ea00000| Complete |  0
| 235|0x000000008eb00000, 0x000000008ec00000, 0x000000008ec00000|100%|HS|  |TAMS 0x000000008ec00000| PB 0x000000008eb00000| Complete |  0
| 236|0x000000008ec00000, 0x000000008ed00000, 0x000000008ed00000|100%| O|  |TAMS 0x000000008ed00000| PB 0x000000008ec00000| Untracked |  0
| 237|0x000000008ed00000, 0x000000008ee00000, 0x000000008ee00000|100%| O|  |TAMS 0x000000008ee00000| PB 0x000000008ed00000| Untracked |  0
| 238|0x000000008ee00000, 0x000000008ef00000, 0x000000008ef00000|100%| O|  |TAMS 0x000000008ef00000| PB 0x000000008ee00000| Untracked |  0
| 239|0x000000008ef00000, 0x000000008f000000, 0x000000008f000000|100%|HS|  |TAMS 0x000000008f000000| PB 0x000000008ef00000| Complete |  0
| 240|0x000000008f000000, 0x000000008f100000, 0x000000008f100000|100%|HC|  |TAMS 0x000000008f100000| PB 0x000000008f000000| Complete |  0
| 241|0x000000008f100000, 0x000000008f200000, 0x000000008f200000|100%| O|  |TAMS 0x000000008f200000| PB 0x000000008f100000| Untracked |  0
| 242|0x000000008f200000, 0x000000008f300000, 0x000000008f300000|100%| O|  |TAMS 0x000000008f300000| PB 0x000000008f200000| Untracked |  0
| 243|0x000000008f300000, 0x000000008f400000, 0x000000008f400000|100%| O|  |TAMS 0x000000008f400000| PB 0x000000008f300000| Untracked |  0
| 244|0x000000008f400000, 0x000000008f500000, 0x000000008f500000|100%| O|  |TAMS 0x000000008f500000| PB 0x000000008f400000| Untracked |  0
| 245|0x000000008f500000, 0x000000008f600000, 0x000000008f600000|100%| O|  |TAMS 0x000000008f600000| PB 0x000000008f500000| Untracked |  0
| 246|0x000000008f600000, 0x000000008f700000, 0x000000008f700000|100%| O|  |TAMS 0x000000008f700000| PB 0x000000008f600000| Untracked |  0
| 247|0x000000008f700000, 0x000000008f800000, 0x000000008f800000|100%|HS|  |TAMS 0x000000008f800000| PB 0x000000008f700000| Complete |  0
| 248|0x000000008f800000, 0x000000008f900000, 0x000000008f900000|100%|HC|  |TAMS 0x000000008f900000| PB 0x000000008f800000| Complete |  0
| 249|0x000000008f900000, 0x000000008fa00000, 0x000000008fa00000|100%|HC|  |TAMS 0x000000008fa00000| PB 0x000000008f900000| Complete |  0
| 250|0x000000008fa00000, 0x000000008fb00000, 0x000000008fb00000|100%|HC|  |TAMS 0x000000008fb00000| PB 0x000000008fa00000| Complete |  0
| 251|0x000000008fb00000, 0x000000008fc00000, 0x000000008fc00000|100%| O|  |TAMS 0x000000008fb00000| PB 0x000000008fb00000| Untracked |  0
| 252|0x000000008fc00000, 0x000000008fd00000, 0x000000008fd00000|100%| O|  |TAMS 0x000000008fc00000| PB 0x000000008fc00000| Untracked |  0
| 253|0x000000008fd00000, 0x000000008fe00000, 0x000000008fe00000|100%| O|  |TAMS 0x000000008fd00000| PB 0x000000008fd00000| Untracked |  0
| 254|0x000000008fe00000, 0x000000008ff00000, 0x000000008ff00000|100%|HS|  |TAMS 0x000000008ff00000| PB 0x000000008fe00000| Complete |  0
| 255|0x000000008ff00000, 0x0000000090000000, 0x0000000090000000|100%|HC|  |TAMS 0x0000000090000000| PB 0x000000008ff00000| Complete |  0
| 256|0x0000000090000000, 0x0000000090100000, 0x0000000090100000|100%| O|  |TAMS 0x0000000090000000| PB 0x0000000090000000| Untracked |  0
| 257|0x0000000090100000, 0x0000000090200000, 0x0000000090200000|100%| O|  |TAMS 0x0000000090100000| PB 0x0000000090100000| Untracked |  0
| 258|0x0000000090200000, 0x0000000090300000, 0x0000000090300000|100%| O|  |TAMS 0x0000000090200000| PB 0x0000000090200000| Untracked |  0
| 259|0x0000000090300000, 0x0000000090400000, 0x0000000090400000|100%|HS|  |TAMS 0x0000000090400000| PB 0x0000000090300000| Complete |  0
| 260|0x0000000090400000, 0x0000000090500000, 0x0000000090500000|100%|HC|  |TAMS 0x0000000090500000| PB 0x0000000090400000| Complete |  0
| 261|0x0000000090500000, 0x0000000090600000, 0x0000000090600000|100%| O|  |TAMS 0x0000000090500000| PB 0x0000000090500000| Untracked |  0
| 262|0x0000000090600000, 0x0000000090700000, 0x0000000090700000|100%| O|  |TAMS 0x0000000090600000| PB 0x0000000090600000| Untracked |  0
| 263|0x0000000090700000, 0x0000000090800000, 0x0000000090800000|100%| O|  |TAMS 0x0000000090700000| PB 0x0000000090700000| Untracked |  0
| 264|0x0000000090800000, 0x0000000090900000, 0x0000000090900000|100%| O|  |TAMS 0x0000000090800000| PB 0x0000000090800000| Untracked |  0
| 265|0x0000000090900000, 0x0000000090a00000, 0x0000000090a00000|100%| O|  |TAMS 0x0000000090900000| PB 0x0000000090900000| Untracked |  0
| 266|0x0000000090a00000, 0x0000000090b00000, 0x0000000090b00000|100%| O|  |TAMS 0x0000000090a00000| PB 0x0000000090a00000| Untracked |  0
| 267|0x0000000090b00000, 0x0000000090c00000, 0x0000000090c00000|100%|HS|  |TAMS 0x0000000090c00000| PB 0x0000000090b00000| Complete |  0
| 268|0x0000000090c00000, 0x0000000090d00000, 0x0000000090d00000|100%|HC|  |TAMS 0x0000000090d00000| PB 0x0000000090c00000| Complete |  0
| 269|0x0000000090d00000, 0x0000000090e00000, 0x0000000090e00000|100%|HC|  |TAMS 0x0000000090e00000| PB 0x0000000090d00000| Complete |  0
| 270|0x0000000090e00000, 0x0000000090f00000, 0x0000000090f00000|100%| O|  |TAMS 0x0000000090f00000| PB 0x0000000090e00000| Untracked |  0
| 271|0x0000000090f00000, 0x0000000091000000, 0x0000000091000000|100%| O|  |TAMS 0x0000000091000000| PB 0x0000000090f00000| Untracked |  0
| 272|0x0000000091000000, 0x0000000091100000, 0x0000000091100000|100%| O|  |TAMS 0x0000000091100000| PB 0x0000000091000000| Untracked |  0
| 273|0x0000000091100000, 0x0000000091200000, 0x0000000091200000|100%| O|  |TAMS 0x0000000091200000| PB 0x0000000091100000| Untracked |  0
| 274|0x0000000091200000, 0x0000000091300000, 0x0000000091300000|100%| O|  |TAMS 0x0000000091300000| PB 0x0000000091200000| Untracked |  0
| 275|0x0000000091300000, 0x0000000091400000, 0x0000000091400000|100%| O|  |TAMS 0x0000000091400000| PB 0x0000000091300000| Untracked |  0
| 276|0x0000000091400000, 0x0000000091500000, 0x0000000091500000|100%| O|  |TAMS 0x0000000091400000| PB 0x0000000091400000| Untracked |  0
| 277|0x0000000091500000, 0x0000000091600000, 0x0000000091600000|100%| O|  |TAMS 0x0000000091500000| PB 0x0000000091500000| Untracked |  0
| 278|0x0000000091600000, 0x0000000091700000, 0x0000000091700000|100%| O|  |TAMS 0x0000000091600000| PB 0x0000000091600000| Untracked |  0
| 279|0x0000000091700000, 0x0000000091800000, 0x0000000091800000|100%| O|  |TAMS 0x0000000091700000| PB 0x0000000091700000| Untracked |  0
| 280|0x0000000091800000, 0x0000000091900000, 0x0000000091900000|100%| O|  |TAMS 0x0000000091900000| PB 0x0000000091800000| Untracked |  0
| 281|0x0000000091900000, 0x0000000091a00000, 0x0000000091a00000|100%| O|  |TAMS 0x0000000091a00000| PB 0x0000000091900000| Untracked |  0
| 282|0x0000000091a00000, 0x0000000091b00000, 0x0000000091b00000|100%| O|  |TAMS 0x0000000091b00000| PB 0x0000000091a00000| Untracked |  0
| 283|0x0000000091b00000, 0x0000000091c00000, 0x0000000091c00000|100%| O|  |TAMS 0x0000000091c00000| PB 0x0000000091b00000| Untracked |  0
| 284|0x0000000091c00000, 0x0000000091d00000, 0x0000000091d00000|100%| O|  |TAMS 0x0000000091d00000| PB 0x0000000091c00000| Untracked |  0
| 285|0x0000000091d00000, 0x0000000091e00000, 0x0000000091e00000|100%| O|  |TAMS 0x0000000091e00000| PB 0x0000000091d00000| Untracked |  0
| 286|0x0000000091e00000, 0x0000000091f00000, 0x0000000091f00000|100%| O|  |TAMS 0x0000000091f00000| PB 0x0000000091e00000| Untracked |  0
| 287|0x0000000091f00000, 0x0000000092000000, 0x0000000092000000|100%| O|  |TAMS 0x0000000092000000| PB 0x0000000091f00000| Untracked |  0
| 288|0x0000000092000000, 0x0000000092100000, 0x0000000092100000|100%| O|  |TAMS 0x0000000092100000| PB 0x0000000092000000| Untracked |  0
| 289|0x0000000092100000, 0x0000000092200000, 0x0000000092200000|100%| O|  |TAMS 0x0000000092200000| PB 0x0000000092100000| Untracked |  0
| 290|0x0000000092200000, 0x0000000092300000, 0x0000000092300000|100%| O|  |TAMS 0x0000000092300000| PB 0x0000000092200000| Untracked |  0
| 291|0x0000000092300000, 0x0000000092400000, 0x0000000092400000|100%| O|  |TAMS 0x0000000092400000| PB 0x0000000092300000| Untracked |  0
| 292|0x0000000092400000, 0x0000000092500000, 0x0000000092500000|100%| O|  |TAMS 0x0000000092500000| PB 0x0000000092400000| Untracked |  0
| 293|0x0000000092500000, 0x0000000092600000, 0x0000000092600000|100%| O|  |TAMS 0x0000000092600000| PB 0x0000000092500000| Untracked |  0
| 294|0x0000000092600000, 0x0000000092700000, 0x0000000092700000|100%| O|  |TAMS 0x0000000092700000| PB 0x0000000092600000| Untracked |  0
| 295|0x0000000092700000, 0x0000000092800000, 0x0000000092800000|100%| O|  |TAMS 0x0000000092800000| PB 0x0000000092700000| Untracked |  0
| 296|0x0000000092800000, 0x0000000092900000, 0x0000000092900000|100%| O|  |TAMS 0x0000000092900000| PB 0x0000000092800000| Untracked |  0
| 297|0x0000000092900000, 0x0000000092a00000, 0x0000000092a00000|100%| O|  |TAMS 0x0000000092a00000| PB 0x0000000092900000| Untracked |  0
| 298|0x0000000092a00000, 0x0000000092b00000, 0x0000000092b00000|100%| O|  |TAMS 0x0000000092b00000| PB 0x0000000092a00000| Untracked |  0
| 299|0x0000000092b00000, 0x0000000092c00000, 0x0000000092c00000|100%| O|  |TAMS 0x0000000092c00000| PB 0x0000000092b00000| Untracked |  0
| 300|0x0000000092c00000, 0x0000000092d00000, 0x0000000092d00000|100%| O|  |TAMS 0x0000000092d00000| PB 0x0000000092c00000| Untracked |  0
| 301|0x0000000092d00000, 0x0000000092e00000, 0x0000000092e00000|100%| O|  |TAMS 0x0000000092e00000| PB 0x0000000092d00000| Untracked |  0
| 302|0x0000000092e00000, 0x0000000092f00000, 0x0000000092f00000|100%| O|  |TAMS 0x0000000092ea55d0| PB 0x0000000092e00000| Untracked |  0
| 303|0x0000000092f00000, 0x0000000093000000, 0x0000000093000000|100%| O|  |TAMS 0x0000000092f00000| PB 0x0000000092f00000| Untracked |  0
| 304|0x0000000093000000, 0x0000000093100000, 0x0000000093100000|100%| O|  |TAMS 0x0000000093000000| PB 0x0000000093000000| Untracked |  0
| 305|0x0000000093100000, 0x0000000093200000, 0x0000000093200000|100%| O|  |TAMS 0x0000000093100000| PB 0x0000000093100000| Untracked |  0
| 306|0x0000000093200000, 0x0000000093300000, 0x0000000093300000|100%| O|  |TAMS 0x0000000093200000| PB 0x0000000093200000| Untracked |  0
| 307|0x0000000093300000, 0x0000000093400000, 0x0000000093400000|100%| O|  |TAMS 0x0000000093300000| PB 0x0000000093300000| Untracked |  0
| 308|0x0000000093400000, 0x0000000093400000, 0x0000000093500000|  0%| F|  |TAMS 0x0000000093400000| PB 0x0000000093400000| Untracked |  0
| 309|0x0000000093500000, 0x0000000093500000, 0x0000000093600000|  0%| F|  |TAMS 0x0000000093500000| PB 0x0000000093500000| Untracked |  0
| 310|0x0000000093600000, 0x0000000093600000, 0x0000000093700000|  0%| F|  |TAMS 0x0000000093600000| PB 0x0000000093600000| Untracked |  0
| 311|0x0000000093700000, 0x0000000093700000, 0x0000000093800000|  0%| F|  |TAMS 0x0000000093700000| PB 0x0000000093700000| Untracked |  0
| 312|0x0000000093800000, 0x0000000093800000, 0x0000000093900000|  0%| F|  |TAMS 0x0000000093800000| PB 0x0000000093800000| Untracked |  0
| 313|0x0000000093900000, 0x0000000093900000, 0x0000000093a00000|  0%| F|  |TAMS 0x0000000093900000| PB 0x0000000093900000| Untracked |  0
| 314|0x0000000093a00000, 0x0000000093a00000, 0x0000000093b00000|  0%| F|  |TAMS 0x0000000093a00000| PB 0x0000000093a00000| Untracked |  0
| 315|0x0000000093b00000, 0x0000000093b00000, 0x0000000093c00000|  0%| F|  |TAMS 0x0000000093b00000| PB 0x0000000093b00000| Untracked |  0
| 316|0x0000000093c00000, 0x0000000093c00000, 0x0000000093d00000|  0%| F|  |TAMS 0x0000000093c00000| PB 0x0000000093c00000| Untracked |  0
| 317|0x0000000093d00000, 0x0000000093d00000, 0x0000000093e00000|  0%| F|  |TAMS 0x0000000093d00000| PB 0x0000000093d00000| Untracked |  0
| 318|0x0000000093e00000, 0x0000000093e00000, 0x0000000093f00000|  0%| F|  |TAMS 0x0000000093e00000| PB 0x0000000093e00000| Untracked |  0
| 319|0x0000000093f00000, 0x0000000093f00000, 0x0000000094000000|  0%| F|  |TAMS 0x0000000093f00000| PB 0x0000000093f00000| Untracked |  0
| 320|0x0000000094000000, 0x0000000094000000, 0x0000000094100000|  0%| F|  |TAMS 0x0000000094000000| PB 0x0000000094000000| Untracked |  0
| 321|0x0000000094100000, 0x0000000094200000, 0x0000000094200000|100%| O|  |TAMS 0x0000000094100000| PB 0x0000000094100000| Untracked |  0
| 322|0x0000000094200000, 0x0000000094300000, 0x0000000094300000|100%| O|  |TAMS 0x0000000094200000| PB 0x0000000094200000| Untracked |  0
| 323|0x0000000094300000, 0x0000000094400000, 0x0000000094400000|100%| O|  |TAMS 0x0000000094300000| PB 0x0000000094300000| Untracked |  0
| 324|0x0000000094400000, 0x0000000094500000, 0x0000000094500000|100%| O|  |TAMS 0x0000000094400000| PB 0x0000000094400000| Untracked |  0
| 325|0x0000000094500000, 0x0000000094600000, 0x0000000094600000|100%| O|  |TAMS 0x0000000094500000| PB 0x0000000094500000| Untracked |  0
| 326|0x0000000094600000, 0x0000000094700000, 0x0000000094700000|100%| O|  |TAMS 0x0000000094600000| PB 0x0000000094600000| Untracked |  0
| 327|0x0000000094700000, 0x0000000094800000, 0x0000000094800000|100%| O|  |TAMS 0x0000000094700000| PB 0x0000000094700000| Untracked |  0
| 328|0x0000000094800000, 0x0000000094900000, 0x0000000094900000|100%| O|  |TAMS 0x0000000094800000| PB 0x0000000094800000| Untracked |  0
| 329|0x0000000094900000, 0x0000000094974db0, 0x0000000094a00000| 45%| O|  |TAMS 0x0000000094900000| PB 0x0000000094900000| Untracked |  0
| 330|0x0000000094a00000, 0x0000000094a00000, 0x0000000094b00000|  0%| F|  |TAMS 0x0000000094a00000| PB 0x0000000094a00000| Untracked |  0
| 331|0x0000000094b00000, 0x0000000094c00000, 0x0000000094c00000|100%| S|CS|TAMS 0x0000000094b00000| PB 0x0000000094b00000| Complete |  0
| 332|0x0000000094c00000, 0x0000000094d00000, 0x0000000094d00000|100%| S|CS|TAMS 0x0000000094c00000| PB 0x0000000094c00000| Complete |  0
| 333|0x0000000094d00000, 0x0000000094e00000, 0x0000000094e00000|100%| S|CS|TAMS 0x0000000094d00000| PB 0x0000000094d00000| Complete |  0
| 334|0x0000000094e00000, 0x0000000094f00000, 0x0000000094f00000|100%| S|CS|TAMS 0x0000000094e00000| PB 0x0000000094e00000| Complete |  0
| 335|0x0000000094f00000, 0x0000000095000000, 0x0000000095000000|100%| S|CS|TAMS 0x0000000094f00000| PB 0x0000000094f00000| Complete |  0
| 336|0x0000000095000000, 0x0000000095100000, 0x0000000095100000|100%| S|CS|TAMS 0x0000000095000000| PB 0x0000000095000000| Complete |  0
| 337|0x0000000095100000, 0x0000000095200000, 0x0000000095200000|100%| S|CS|TAMS 0x0000000095100000| PB 0x0000000095100000| Complete |  0
| 338|0x0000000095200000, 0x0000000095300000, 0x0000000095300000|100%| S|CS|TAMS 0x0000000095200000| PB 0x0000000095200000| Complete |  0
| 339|0x0000000095300000, 0x0000000095400000, 0x0000000095400000|100%| S|CS|TAMS 0x0000000095300000| PB 0x0000000095300000| Complete |  0
| 340|0x0000000095400000, 0x0000000095500000, 0x0000000095500000|100%| S|CS|TAMS 0x0000000095400000| PB 0x0000000095400000| Complete |  0
| 341|0x0000000095500000, 0x0000000095600000, 0x0000000095600000|100%| S|CS|TAMS 0x0000000095500000| PB 0x0000000095500000| Complete |  0
| 342|0x0000000095600000, 0x0000000095600000, 0x0000000095700000|  0%| F|  |TAMS 0x0000000095600000| PB 0x0000000095600000| Untracked |  0
| 343|0x0000000095700000, 0x0000000095700000, 0x0000000095800000|  0%| F|  |TAMS 0x0000000095700000| PB 0x0000000095700000| Untracked |  0
| 344|0x0000000095800000, 0x0000000095800000, 0x0000000095900000|  0%| F|  |TAMS 0x0000000095800000| PB 0x0000000095800000| Untracked |  0
| 345|0x0000000095900000, 0x0000000095900000, 0x0000000095a00000|  0%| F|  |TAMS 0x0000000095900000| PB 0x0000000095900000| Untracked |  0
| 346|0x0000000095a00000, 0x0000000095a00000, 0x0000000095b00000|  0%| F|  |TAMS 0x0000000095a00000| PB 0x0000000095a00000| Untracked |  0
| 347|0x0000000095b00000, 0x0000000095b00000, 0x0000000095c00000|  0%| F|  |TAMS 0x0000000095b00000| PB 0x0000000095b00000| Untracked |  0
| 348|0x0000000095c00000, 0x0000000095c00000, 0x0000000095d00000|  0%| F|  |TAMS 0x0000000095c00000| PB 0x0000000095c00000| Untracked |  0
| 349|0x0000000095d00000, 0x0000000095d00000, 0x0000000095e00000|  0%| F|  |TAMS 0x0000000095d00000| PB 0x0000000095d00000| Untracked |  0
| 350|0x0000000095e00000, 0x0000000095e00000, 0x0000000095f00000|  0%| F|  |TAMS 0x0000000095e00000| PB 0x0000000095e00000| Untracked |  0
| 351|0x0000000095f00000, 0x0000000095f00000, 0x0000000096000000|  0%| F|  |TAMS 0x0000000095f00000| PB 0x0000000095f00000| Untracked |  0
| 352|0x0000000096000000, 0x0000000096000000, 0x0000000096100000|  0%| F|  |TAMS 0x0000000096000000| PB 0x0000000096000000| Untracked |  0
| 353|0x0000000096100000, 0x0000000096100000, 0x0000000096200000|  0%| F|  |TAMS 0x0000000096100000| PB 0x0000000096100000| Untracked |  0
| 354|0x0000000096200000, 0x0000000096200000, 0x0000000096300000|  0%| F|  |TAMS 0x0000000096200000| PB 0x0000000096200000| Untracked |  0
| 355|0x0000000096300000, 0x0000000096300000, 0x0000000096400000|  0%| F|  |TAMS 0x0000000096300000| PB 0x0000000096300000| Untracked |  0
| 356|0x0000000096400000, 0x0000000096400000, 0x0000000096500000|  0%| F|  |TAMS 0x0000000096400000| PB 0x0000000096400000| Untracked |  0
| 357|0x0000000096500000, 0x0000000096500000, 0x0000000096600000|  0%| F|  |TAMS 0x0000000096500000| PB 0x0000000096500000| Untracked |  0
| 358|0x0000000096600000, 0x0000000096600000, 0x0000000096700000|  0%| F|  |TAMS 0x0000000096600000| PB 0x0000000096600000| Untracked |  0
| 359|0x0000000096700000, 0x0000000096700000, 0x0000000096800000|  0%| F|  |TAMS 0x0000000096700000| PB 0x0000000096700000| Untracked |  0
| 360|0x0000000096800000, 0x0000000096800000, 0x0000000096900000|  0%| F|  |TAMS 0x0000000096800000| PB 0x0000000096800000| Untracked |  0
| 361|0x0000000096900000, 0x0000000096900000, 0x0000000096a00000|  0%| F|  |TAMS 0x0000000096900000| PB 0x0000000096900000| Untracked |  0
| 362|0x0000000096a00000, 0x0000000096a00000, 0x0000000096b00000|  0%| F|  |TAMS 0x0000000096a00000| PB 0x0000000096a00000| Untracked |  0
| 363|0x0000000096b00000, 0x0000000096b00000, 0x0000000096c00000|  0%| F|  |TAMS 0x0000000096b00000| PB 0x0000000096b00000| Untracked |  0
| 364|0x0000000096c00000, 0x0000000096c00000, 0x0000000096d00000|  0%| F|  |TAMS 0x0000000096c00000| PB 0x0000000096c00000| Untracked |  0
| 365|0x0000000096d00000, 0x0000000096d00000, 0x0000000096e00000|  0%| F|  |TAMS 0x0000000096d00000| PB 0x0000000096d00000| Untracked |  0
| 366|0x0000000096e00000, 0x0000000096e00000, 0x0000000096f00000|  0%| F|  |TAMS 0x0000000096e00000| PB 0x0000000096e00000| Untracked |  0
| 367|0x0000000096f00000, 0x0000000096f00000, 0x0000000097000000|  0%| F|  |TAMS 0x0000000096f00000| PB 0x0000000096f00000| Untracked |  0
| 368|0x0000000097000000, 0x0000000097000000, 0x0000000097100000|  0%| F|  |TAMS 0x0000000097000000| PB 0x0000000097000000| Untracked |  0
| 369|0x0000000097100000, 0x0000000097100000, 0x0000000097200000|  0%| F|  |TAMS 0x0000000097100000| PB 0x0000000097100000| Untracked |  0
| 370|0x0000000097200000, 0x0000000097200000, 0x0000000097300000|  0%| F|  |TAMS 0x0000000097200000| PB 0x0000000097200000| Untracked |  0
| 371|0x0000000097300000, 0x0000000097300000, 0x0000000097400000|  0%| F|  |TAMS 0x0000000097300000| PB 0x0000000097300000| Untracked |  0
| 372|0x0000000097400000, 0x0000000097400000, 0x0000000097500000|  0%| F|  |TAMS 0x0000000097400000| PB 0x0000000097400000| Untracked |  0
| 373|0x0000000097500000, 0x0000000097500000, 0x0000000097600000|  0%| F|  |TAMS 0x0000000097500000| PB 0x0000000097500000| Untracked |  0
| 374|0x0000000097600000, 0x0000000097600000, 0x0000000097700000|  0%| F|  |TAMS 0x0000000097600000| PB 0x0000000097600000| Untracked |  0
| 375|0x0000000097700000, 0x0000000097700000, 0x0000000097800000|  0%| F|  |TAMS 0x0000000097700000| PB 0x0000000097700000| Untracked |  0
| 376|0x0000000097800000, 0x0000000097800000, 0x0000000097900000|  0%| F|  |TAMS 0x0000000097800000| PB 0x0000000097800000| Untracked |  0
| 377|0x0000000097900000, 0x0000000097900000, 0x0000000097a00000|  0%| F|  |TAMS 0x0000000097900000| PB 0x0000000097900000| Untracked |  0
| 378|0x0000000097a00000, 0x0000000097a00000, 0x0000000097b00000|  0%| F|  |TAMS 0x0000000097a00000| PB 0x0000000097a00000| Untracked |  0
| 379|0x0000000097b00000, 0x0000000097b00000, 0x0000000097c00000|  0%| F|  |TAMS 0x0000000097b00000| PB 0x0000000097b00000| Untracked |  0
| 380|0x0000000097c00000, 0x0000000097c00000, 0x0000000097d00000|  0%| F|  |TAMS 0x0000000097c00000| PB 0x0000000097c00000| Untracked |  0
| 381|0x0000000097d00000, 0x0000000097d00000, 0x0000000097e00000|  0%| F|  |TAMS 0x0000000097d00000| PB 0x0000000097d00000| Untracked |  0
| 382|0x0000000097e00000, 0x0000000097e00000, 0x0000000097f00000|  0%| F|  |TAMS 0x0000000097e00000| PB 0x0000000097e00000| Untracked |  0
| 383|0x0000000097f00000, 0x0000000097f00000, 0x0000000098000000|  0%| F|  |TAMS 0x0000000097f00000| PB 0x0000000097f00000| Untracked |  0
| 384|0x0000000098000000, 0x0000000098000000, 0x0000000098100000|  0%| F|  |TAMS 0x0000000098000000| PB 0x0000000098000000| Untracked |  0
| 385|0x0000000098100000, 0x0000000098100000, 0x0000000098200000|  0%| F|  |TAMS 0x0000000098100000| PB 0x0000000098100000| Untracked |  0
| 386|0x0000000098200000, 0x0000000098200000, 0x0000000098300000|  0%| F|  |TAMS 0x0000000098200000| PB 0x0000000098200000| Untracked |  0
| 387|0x0000000098300000, 0x0000000098300000, 0x0000000098400000|  0%| F|  |TAMS 0x0000000098300000| PB 0x0000000098300000| Untracked |  0
| 388|0x0000000098400000, 0x0000000098400000, 0x0000000098500000|  0%| F|  |TAMS 0x0000000098400000| PB 0x0000000098400000| Untracked |  0
| 389|0x0000000098500000, 0x0000000098500000, 0x0000000098600000|  0%| F|  |TAMS 0x0000000098500000| PB 0x0000000098500000| Untracked |  0
| 390|0x0000000098600000, 0x0000000098600000, 0x0000000098700000|  0%| F|  |TAMS 0x0000000098600000| PB 0x0000000098600000| Untracked |  0
| 391|0x0000000098700000, 0x0000000098700000, 0x0000000098800000|  0%| F|  |TAMS 0x0000000098700000| PB 0x0000000098700000| Untracked |  0
| 392|0x0000000098800000, 0x0000000098800000, 0x0000000098900000|  0%| F|  |TAMS 0x0000000098800000| PB 0x0000000098800000| Untracked |  0
| 393|0x0000000098900000, 0x0000000098900000, 0x0000000098a00000|  0%| F|  |TAMS 0x0000000098900000| PB 0x0000000098900000| Untracked |  0
| 394|0x0000000098a00000, 0x0000000098a00000, 0x0000000098b00000|  0%| F|  |TAMS 0x0000000098a00000| PB 0x0000000098a00000| Untracked |  0
| 395|0x0000000098b00000, 0x0000000098b00000, 0x0000000098c00000|  0%| F|  |TAMS 0x0000000098b00000| PB 0x0000000098b00000| Untracked |  0
| 396|0x0000000098c00000, 0x0000000098c00000, 0x0000000098d00000|  0%| F|  |TAMS 0x0000000098c00000| PB 0x0000000098c00000| Untracked |  0
| 397|0x0000000098d00000, 0x0000000098d00000, 0x0000000098e00000|  0%| F|  |TAMS 0x0000000098d00000| PB 0x0000000098d00000| Untracked |  0
| 398|0x0000000098e00000, 0x0000000098e00000, 0x0000000098f00000|  0%| F|  |TAMS 0x0000000098e00000| PB 0x0000000098e00000| Untracked |  0
| 399|0x0000000098f00000, 0x0000000098f00000, 0x0000000099000000|  0%| F|  |TAMS 0x0000000098f00000| PB 0x0000000098f00000| Untracked |  0
| 400|0x0000000099000000, 0x0000000099000000, 0x0000000099100000|  0%| F|  |TAMS 0x0000000099000000| PB 0x0000000099000000| Untracked |  0
| 401|0x0000000099100000, 0x0000000099100000, 0x0000000099200000|  0%| F|  |TAMS 0x0000000099100000| PB 0x0000000099100000| Untracked |  0
|2005|0x00000000fd500000, 0x00000000fd600000, 0x00000000fd600000|100%| O|  |TAMS 0x00000000fd600000| PB 0x00000000fd500000| Untracked |  0
|2006|0x00000000fd600000, 0x00000000fd700000, 0x00000000fd700000|100%| O|  |TAMS 0x00000000fd700000| PB 0x00000000fd600000| Untracked |  0
|2007|0x00000000fd700000, 0x00000000fd800000, 0x00000000fd800000|100%| O|  |TAMS 0x00000000fd800000| PB 0x00000000fd700000| Untracked |  0
|2008|0x00000000fd800000, 0x00000000fd900000, 0x00000000fd900000|100%| O|  |TAMS 0x00000000fd900000| PB 0x00000000fd800000| Untracked |  0
|2009|0x00000000fd900000, 0x00000000fda00000, 0x00000000fda00000|100%| O|  |TAMS 0x00000000fda00000| PB 0x00000000fd900000| Untracked |  0
|2010|0x00000000fda00000, 0x00000000fdb00000, 0x00000000fdb00000|100%| O|  |TAMS 0x00000000fdb00000| PB 0x00000000fda00000| Untracked |  0
|2011|0x00000000fdb00000, 0x00000000fdc00000, 0x00000000fdc00000|100%| O|  |TAMS 0x00000000fdc00000| PB 0x00000000fdb00000| Untracked |  0
|2012|0x00000000fdc00000, 0x00000000fdd00000, 0x00000000fdd00000|100%| O|  |TAMS 0x00000000fdd00000| PB 0x00000000fdc00000| Untracked |  0
|2013|0x00000000fdd00000, 0x00000000fde00000, 0x00000000fde00000|100%| O|  |TAMS 0x00000000fde00000| PB 0x00000000fdd00000| Untracked |  0
|2014|0x00000000fde00000, 0x00000000fdf00000, 0x00000000fdf00000|100%| O|  |TAMS 0x00000000fdf00000| PB 0x00000000fde00000| Untracked |  0
|2015|0x00000000fdf00000, 0x00000000fe000000, 0x00000000fe000000|100%| O|  |TAMS 0x00000000fe000000| PB 0x00000000fdf00000| Untracked |  0
|2016|0x00000000fe000000, 0x00000000fe100000, 0x00000000fe100000|100%| O|  |TAMS 0x00000000fe100000| PB 0x00000000fe000000| Untracked |  0
|2017|0x00000000fe100000, 0x00000000fe200000, 0x00000000fe200000|100%| O|  |TAMS 0x00000000fe200000| PB 0x00000000fe100000| Untracked |  0
|2018|0x00000000fe200000, 0x00000000fe300000, 0x00000000fe300000|100%| O|  |TAMS 0x00000000fe300000| PB 0x00000000fe200000| Untracked |  0
|2019|0x00000000fe300000, 0x00000000fe400000, 0x00000000fe400000|100%| O|  |TAMS 0x00000000fe400000| PB 0x00000000fe300000| Untracked |  0
|2020|0x00000000fe400000, 0x00000000fe500000, 0x00000000fe500000|100%| O|  |TAMS 0x00000000fe500000| PB 0x00000000fe400000| Untracked |  0
|2021|0x00000000fe500000, 0x00000000fe600000, 0x00000000fe600000|100%| O|  |TAMS 0x00000000fe600000| PB 0x00000000fe500000| Untracked |  0
|2022|0x00000000fe600000, 0x00000000fe600000, 0x00000000fe700000|  0%| F|  |TAMS 0x00000000fe600000| PB 0x00000000fe600000| Untracked |  0
|2023|0x00000000fe700000, 0x00000000fe800000, 0x00000000fe800000|100%| O|  |TAMS 0x00000000fe800000| PB 0x00000000fe700000| Untracked |  0
|2024|0x00000000fe800000, 0x00000000fe900000, 0x00000000fe900000|100%| O|  |TAMS 0x00000000fe900000| PB 0x00000000fe800000| Untracked |  0
|2025|0x00000000fe900000, 0x00000000fea00000, 0x00000000fea00000|100%| O|  |TAMS 0x00000000fea00000| PB 0x00000000fe900000| Untracked |  0
|2026|0x00000000fea00000, 0x00000000feb00000, 0x00000000feb00000|100%| O|  |TAMS 0x00000000feb00000| PB 0x00000000fea00000| Untracked |  0
|2027|0x00000000feb00000, 0x00000000fec00000, 0x00000000fec00000|100%| O|  |TAMS 0x00000000fec00000| PB 0x00000000feb00000| Untracked |  0
|2028|0x00000000fec00000, 0x00000000fec00000, 0x00000000fed00000|  0%| F|  |TAMS 0x00000000fec00000| PB 0x00000000fec00000| Untracked |  0
|2029|0x00000000fed00000, 0x00000000fee00000, 0x00000000fee00000|100%| O|  |TAMS 0x00000000fee00000| PB 0x00000000fed00000| Untracked |  0
|2030|0x00000000fee00000, 0x00000000fef00000, 0x00000000fef00000|100%| O|  |TAMS 0x00000000fef00000| PB 0x00000000fee00000| Untracked |  0
|2031|0x00000000fef00000, 0x00000000ff000000, 0x00000000ff000000|100%| O|  |TAMS 0x00000000ff000000| PB 0x00000000fef00000| Untracked |  0
|2032|0x00000000ff000000, 0x00000000ff000000, 0x00000000ff100000|  0%| F|  |TAMS 0x00000000ff000000| PB 0x00000000ff000000| Untracked |  0
|2033|0x00000000ff100000, 0x00000000ff100000, 0x00000000ff200000|  0%| F|  |TAMS 0x00000000ff100000| PB 0x00000000ff100000| Untracked |  0
|2034|0x00000000ff200000, 0x00000000ff200000, 0x00000000ff300000|  0%| F|  |TAMS 0x00000000ff200000| PB 0x00000000ff200000| Untracked |  0
|2035|0x00000000ff300000, 0x00000000ff400000, 0x00000000ff400000|100%| O|  |TAMS 0x00000000ff400000| PB 0x00000000ff300000| Untracked |  0
|2036|0x00000000ff400000, 0x00000000ff500000, 0x00000000ff500000|100%| O|  |TAMS 0x00000000ff500000| PB 0x00000000ff400000| Untracked |  0
|2037|0x00000000ff500000, 0x00000000ff600000, 0x00000000ff600000|100%| O|  |TAMS 0x00000000ff600000| PB 0x00000000ff500000| Untracked |  0
|2038|0x00000000ff600000, 0x00000000ff600000, 0x00000000ff700000|  0%| F|  |TAMS 0x00000000ff600000| PB 0x00000000ff600000| Untracked |  0
|2039|0x00000000ff700000, 0x00000000ff800000, 0x00000000ff800000|100%| O|  |TAMS 0x00000000ff800000| PB 0x00000000ff700000| Untracked |  0
|2040|0x00000000ff800000, 0x00000000ff900000, 0x00000000ff900000|100%| O|  |TAMS 0x00000000ff900000| PB 0x00000000ff800000| Untracked |  0
|2041|0x00000000ff900000, 0x00000000ff900000, 0x00000000ffa00000|  0%| F|  |TAMS 0x00000000ff900000| PB 0x00000000ff900000| Untracked |  0
|2042|0x00000000ffa00000, 0x00000000ffa00000, 0x00000000ffb00000|  0%| F|  |TAMS 0x00000000ffa00000| PB 0x00000000ffa00000| Untracked |  0
|2043|0x00000000ffb00000, 0x00000000ffb00000, 0x00000000ffc00000|  0%| F|  |TAMS 0x00000000ffb00000| PB 0x00000000ffb00000| Untracked |  0
|2044|0x00000000ffc00000, 0x00000000ffd00000, 0x00000000ffd00000|100%| O|  |TAMS 0x00000000ffd00000| PB 0x00000000ffc00000| Untracked |  0
|2045|0x00000000ffd00000, 0x00000000ffd00000, 0x00000000ffe00000|  0%| F|  |TAMS 0x00000000ffd00000| PB 0x00000000ffd00000| Untracked |  0
|2046|0x00000000ffe00000, 0x00000000fff00000, 0x00000000fff00000|100%| O|  |TAMS 0x00000000fff00000| PB 0x00000000ffe00000| Untracked |  0
|2047|0x00000000fff00000, 0x0000000100000000, 0x0000000100000000|100%| O|  |TAMS 0x0000000100000000| PB 0x00000000fff00000| Untracked |  0

Card table byte_map: [0x000001c07e250000,0x000001c07e650000] _byte_map_base: 0x000001c07de50000

Marking Bits: (CMBitMap*) 0x000001c07a01a4e0
 Bits: [0x000001c00f000000, 0x000001c011000000)

Polling page: 0x000001c077fe0000

Metaspace:
Metaspace        used 104783K, committed 106624K, reserved 1179648K
 class space     used 15364K, committed 16256K, reserved 1048576K

Usage:
  Non-class:     87.32 MB used.
      Class:     15.00 MB used.
       Both:    102.33 MB used.

Virtual space:
  Non-class space:      128.00 MB reserved,      88.25 MB ( 69%) committed,  2 nodes.
      Class space:        1.00 GB reserved,      15.88 MB (  2%) committed,  1 nodes.
             Both:        1.12 GB reserved,     104.12 MB (  9%) committed. 

Chunk freelists:
   Non-Class:  7.54 MB
       Class:  127.00 KB
        Both:  7.67 MB

MaxMetaspaceSize: unlimited
CompressedClassSpaceSize: 1.00 GB
Initial GC threshold: 21.00 MB
Current GC threshold: 166.38 MB
CDS: off
 - commit_granule_bytes: 65536.
 - commit_granule_words: 8192.
 - virtual_space_node_default_size: 8388608.
 - enlarge_chunks_in_place: 1.
UseCompressedClassPointers 1, UseCompactObjectHeaders 0
Narrow klass pointer bits 32, Max shift 3
Narrow klass base: 0x0000000000000000, Narrow klass shift: 0
Encoding Range: [0x0000000000000000 - 0x0000000100000000), (4294967296 bytes)
Klass Range:    [0x0000000010000000 - 0x0000000050000000), (1073741824 bytes)
Klass ID Range:  [268435456 - 1342177273) (1073741817)
No protection zone.


Internal statistics:

num_allocs_failed_limit: 6.
num_arena_births: 3480.
num_arena_deaths: 32.
num_vsnodes_births: 3.
num_vsnodes_deaths: 0.
num_space_committed: 1665.
num_space_uncommitted: 0.
num_chunks_returned_to_freelist: 54.
num_chunks_taken_from_freelist: 7950.
num_chunk_merges: 15.
num_chunk_splits: 5103.
num_chunks_enlarged: 3095.
num_inconsistent_stats: 0.

CodeHeap 'non-profiled nmethods': size=119232Kb used=4095Kb max_used=4095Kb free=115136Kb
 bounds [0x000001c007b90000, 0x000001c007f90000, 0x000001c00f000000]
CodeHeap 'profiled nmethods': size=119104Kb used=19628Kb max_used=19628Kb free=99475Kb
 bounds [0x000001c000000000, 0x000001c001330000, 0x000001c007450000]
CodeHeap 'non-nmethods': size=7424Kb used=3675Kb max_used=3860Kb free=3748Kb
 bounds [0x000001c007450000, 0x000001c007830000, 0x000001c007b90000]
CodeCache: size=245760Kb, used=27398Kb, max_used=27583Kb, free=218359Kb
 total_blobs=14640, nmethods=13783, adapters=756, full_count=0
Compilation: enabled, stopped_count=0, restarted_count=0

Compilation events (20 events):
Event: 18.697 Thread 0x000001c01751d7b0 nmethod 15710 0x000001c001328908 code [0x000001c001328a00, 0x000001c001328b08]
Event: 18.697 Thread 0x000001c07f9ce8b0 nmethod 15711 0x000001c001328c08 code [0x000001c001328d00, 0x000001c001328ea0]
Event: 18.699 Thread 0x000001c07f9ce8b0 15712       3       java.util.IdentityHashMap$IdentityHashMapIterator::<init> (68 bytes)
Event: 18.700 Thread 0x000001c07f9ce8b0 nmethod 15712 0x000001c001328f08 code [0x000001c001329000, 0x000001c0013293e0]
Event: 18.702 Thread 0x000001c07f4ce140 15713       3       java.util.IdentityHashMap$KeySet::iterator (12 bytes)
Event: 18.702 Thread 0x000001c07f4ce140 nmethod 15713 0x000001c001329408 code [0x000001c001329500, 0x000001c001329858]
Event: 18.710 Thread 0x000001c07f9ce8b0 15717       3       com.android.tools.r8.graph.k3::S0 (9 bytes)
Event: 18.710 Thread 0x000001c07f9ce8b0 nmethod 15717 0x000001c001329888 code [0x000001c001329980, 0x000001c001329b68]
Event: 18.710 Thread 0x000001c07f4ce140 15718       2       com.android.tools.r8.graph.j6::m0 (62 bytes)
Event: 18.711 Thread 0x000001c07f4ce140 nmethod 15718 0x000001c001329b88 code [0x000001c001329c80, 0x000001c00132a0a0]
Event: 18.712 Thread 0x000001c0172768d0 15719       2       com.android.tools.r8.graph.i6$$Lambda/0x0000000010fdabf8::accept (20 bytes)
Event: 18.712 Thread 0x000001c0172768d0 nmethod 15719 0x000001c00132a108 code [0x000001c00132a200, 0x000001c00132a360]
Event: 18.713 Thread 0x000001c07f4ce140 15720       2       com.android.tools.r8.internal.u71$$Lambda/0x0000000010fdae70::apply (12 bytes)
Event: 18.713 Thread 0x000001c07f4ce140 nmethod 15720 0x000001c00132a408 code [0x000001c00132a500, 0x000001c00132a658]
Event: 18.714 Thread 0x000001c07f9ce8b0 15721       3       com.android.tools.r8.graph.i2::<init> (96 bytes)
Event: 18.715 Thread 0x000001c07f9ce8b0 nmethod 15721 0x000001c00132a708 code [0x000001c00132a800, 0x000001c00132a980]
Event: 18.716 Thread 0x000001c0172768d0 15722       3       com.android.tools.r8.graph.n6::R0 (55 bytes)
Event: 18.717 Thread 0x000001c0172768d0 nmethod 15722 0x000001c00132aa08 code [0x000001c00132ab00, 0x000001c00132aca0]
Event: 18.722 Thread 0x000001c07f9ce8b0 15724       2       com.android.tools.r8.graph.i6::l (9 bytes)
Event: 18.723 Thread 0x000001c07f9ce8b0 nmethod 15724 0x000001c00132ad08 code [0x000001c00132ae00, 0x000001c00132b2b8]

GC Heap Usage History (20 events):
Event: 14.320 {heap After GC invocations=35 (full 0):
 garbage-first heap   total reserved 2097152K, committed 178176K, used 104179K [0x0000000080000000, 0x0000000100000000)
  region size 1024K, 10 young (10240K), 10 survivors (10240K)
}
Event: 14.472 {heap Before GC invocations=36 (full 0):
 garbage-first heap   total reserved 2097152K, committed 178176K, used 157427K [0x0000000080000000, 0x0000000100000000)
  region size 1024K, 63 young (64512K), 10 survivors (10240K)
}
Event: 14.487 {heap After GC invocations=37 (full 0):
 garbage-first heap   total reserved 2097152K, committed 183296K, used 117605K [0x0000000080000000, 0x0000000100000000)
  region size 1024K, 8 young (8192K), 8 survivors (8192K)
}
Event: 14.585 {heap Before GC invocations=37 (full 0):
 garbage-first heap   total reserved 2097152K, committed 183296K, used 171877K [0x0000000080000000, 0x0000000100000000)
  region size 1024K, 51 young (52224K), 8 survivors (8192K)
}
Event: 14.603 {heap After GC invocations=38 (full 0):
 garbage-first heap   total reserved 2097152K, committed 196608K, used 140493K [0x0000000080000000, 0x0000000100000000)
  region size 1024K, 7 young (7168K), 7 survivors (7168K)
}
Event: 14.608 {heap Before GC invocations=38 (full 0):
 garbage-first heap   total reserved 2097152K, committed 196608K, used 141517K [0x0000000080000000, 0x0000000100000000)
  region size 1024K, 9 young (9216K), 7 survivors (7168K)
}
Event: 14.617 {heap After GC invocations=39 (full 0):
 garbage-first heap   total reserved 2097152K, committed 427008K, used 143801K [0x0000000080000000, 0x0000000100000000)
  region size 1024K, 2 young (2048K), 2 survivors (2048K)
}
Event: 14.620 {heap Before GC invocations=39 (full 0):
 garbage-first heap   total reserved 2097152K, committed 427008K, used 145849K [0x0000000080000000, 0x0000000100000000)
  region size 1024K, 4 young (4096K), 2 survivors (2048K)
}
Event: 14.624 {heap After GC invocations=40 (full 0):
 garbage-first heap   total reserved 2097152K, committed 427008K, used 144624K [0x0000000080000000, 0x0000000100000000)
  region size 1024K, 2 young (2048K), 2 survivors (2048K)
}
Event: 16.026 {heap Before GC invocations=41 (full 0):
 garbage-first heap   total reserved 2097152K, committed 427008K, used 333040K [0x0000000080000000, 0x0000000100000000)
  region size 1024K, 160 young (163840K), 2 survivors (2048K)
}
Event: 16.052 {heap After GC invocations=42 (full 0):
 garbage-first heap   total reserved 2097152K, committed 427008K, used 201421K [0x0000000080000000, 0x0000000100000000)
  region size 1024K, 20 young (20480K), 20 survivors (20480K)
}
Event: 16.697 {heap Before GC invocations=42 (full 0):
 garbage-first heap   total reserved 2097152K, committed 427008K, used 415437K [0x0000000080000000, 0x0000000100000000)
  region size 1024K, 132 young (135168K), 20 survivors (20480K)
}
Event: 16.722 {heap After GC invocations=43 (full 0):
 garbage-first heap   total reserved 2097152K, committed 455680K, used 252893K [0x0000000080000000, 0x0000000100000000)
  region size 1024K, 16 young (16384K), 16 survivors (16384K)
}
Event: 17.076 {heap Before GC invocations=43 (full 0):
 garbage-first heap   total reserved 2097152K, committed 455680K, used 316381K [0x0000000080000000, 0x0000000100000000)
  region size 1024K, 80 young (81920K), 16 survivors (16384K)
}
Event: 17.090 {heap After GC invocations=44 (full 0):
 garbage-first heap   total reserved 2097152K, committed 455680K, used 266911K [0x0000000080000000, 0x0000000100000000)
  region size 1024K, 14 young (14336K), 14 survivors (14336K)
}
Event: 17.938 {heap Before GC invocations=45 (full 0):
 garbage-first heap   total reserved 2097152K, committed 455680K, used 405151K [0x0000000080000000, 0x0000000100000000)
  region size 1024K, 126 young (129024K), 14 survivors (14336K)
}
Event: 17.965 {heap After GC invocations=46 (full 0):
 garbage-first heap   total reserved 2097152K, committed 455680K, used 312320K [0x0000000080000000, 0x0000000100000000)
  region size 1024K, 16 young (16384K), 16 survivors (16384K)
}
Event: 18.457 {heap Before GC invocations=46 (full 0):
 garbage-first heap   total reserved 2097152K, committed 455680K, used 398336K [0x0000000080000000, 0x0000000100000000)
  region size 1024K, 101 young (103424K), 16 survivors (16384K)
}
Event: 18.496 {heap After GC invocations=47 (full 0):
 garbage-first heap   total reserved 2097152K, committed 455680K, used 332437K [0x0000000080000000, 0x0000000100000000)
  region size 1024K, 13 young (13312K), 13 survivors (13312K)
}
Event: 18.724 {heap Before GC invocations=47 (full 0):
 garbage-first heap   total reserved 2097152K, committed 455680K, used 403093K [0x0000000080000000, 0x0000000100000000)
  region size 1024K, 83 young (84992K), 13 survivors (13312K)
}

Metaspace Usage History (20 events):
Event: 14.320 {metaspace After GC invocations=35 (full 0):
 Metaspace       used 80859K, committed 82496K, reserved 1179648K
  class space    used 11760K, committed 12544K, reserved 1048576K
}
Event: 14.472 {metaspace Before GC invocations=36 (full 0):
 Metaspace       used 81263K, committed 83008K, reserved 1179648K
  class space    used 11820K, committed 12608K, reserved 1048576K
}
Event: 14.487 {metaspace After GC invocations=37 (full 0):
 Metaspace       used 81263K, committed 83008K, reserved 1179648K
  class space    used 11820K, committed 12608K, reserved 1048576K
}
Event: 14.585 {metaspace Before GC invocations=37 (full 0):
 Metaspace       used 81355K, committed 83072K, reserved 1179648K
  class space    used 11836K, committed 12608K, reserved 1048576K
}
Event: 14.603 {metaspace After GC invocations=38 (full 0):
 Metaspace       used 81355K, committed 83072K, reserved 1179648K
  class space    used 11836K, committed 12608K, reserved 1048576K
}
Event: 14.608 {metaspace Before GC invocations=38 (full 0):
 Metaspace       used 81362K, committed 83072K, reserved 1179648K
  class space    used 11836K, committed 12608K, reserved 1048576K
}
Event: 14.617 {metaspace After GC invocations=39 (full 0):
 Metaspace       used 81362K, committed 83072K, reserved 1179648K
  class space    used 11836K, committed 12608K, reserved 1048576K
}
Event: 14.621 {metaspace Before GC invocations=39 (full 0):
 Metaspace       used 81362K, committed 83072K, reserved 1179648K
  class space    used 11836K, committed 12608K, reserved 1048576K
}
Event: 14.624 {metaspace After GC invocations=40 (full 0):
 Metaspace       used 81362K, committed 83072K, reserved 1179648K
  class space    used 11836K, committed 12608K, reserved 1048576K
}
Event: 16.026 {metaspace Before GC invocations=41 (full 0):
 Metaspace       used 89827K, committed 91520K, reserved 1179648K
  class space    used 13039K, committed 13824K, reserved 1048576K
}
Event: 16.052 {metaspace After GC invocations=42 (full 0):
 Metaspace       used 89827K, committed 91520K, reserved 1179648K
  class space    used 13039K, committed 13824K, reserved 1048576K
}
Event: 16.697 {metaspace Before GC invocations=42 (full 0):
 Metaspace       used 96600K, committed 98304K, reserved 1179648K
  class space    used 13957K, committed 14784K, reserved 1048576K
}
Event: 16.722 {metaspace After GC invocations=43 (full 0):
 Metaspace       used 96600K, committed 98304K, reserved 1179648K
  class space    used 13957K, committed 14784K, reserved 1048576K
}
Event: 17.076 {metaspace Before GC invocations=43 (full 0):
 Metaspace       used 99966K, committed 101696K, reserved 1179648K
  class space    used 14524K, committed 15360K, reserved 1048576K
}
Event: 17.090 {metaspace After GC invocations=44 (full 0):
 Metaspace       used 99966K, committed 101696K, reserved 1179648K
  class space    used 14524K, committed 15360K, reserved 1048576K
}
Event: 17.938 {metaspace Before GC invocations=45 (full 0):
 Metaspace       used 102200K, committed 104000K, reserved 1179648K
  class space    used 14925K, committed 15808K, reserved 1048576K
}
Event: 17.965 {metaspace After GC invocations=46 (full 0):
 Metaspace       used 102200K, committed 104000K, reserved 1179648K
  class space    used 14925K, committed 15808K, reserved 1048576K
}
Event: 18.457 {metaspace Before GC invocations=46 (full 0):
 Metaspace       used 104384K, committed 106240K, reserved 1179648K
  class space    used 15311K, committed 16192K, reserved 1048576K
}
Event: 18.496 {metaspace After GC invocations=47 (full 0):
 Metaspace       used 104384K, committed 106240K, reserved 1179648K
  class space    used 15311K, committed 16192K, reserved 1048576K
}
Event: 18.724 {metaspace Before GC invocations=47 (full 0):
 Metaspace       used 104783K, committed 106624K, reserved 1179648K
  class space    used 15364K, committed 16256K, reserved 1048576K
}

Dll operation events (3 events):
Event: 0.020 Loaded shared library E:\Android\AndroidStudio\jbr\bin\java.dll
Event: 0.028 Loaded shared library E:\Android\AndroidStudio\jbr\bin\zip.dll
Event: 1.117 Loaded shared library E:\Android\AndroidStudio\jbr\bin\verify.dll

Deoptimization events (20 events):
Event: 18.332 Thread 0x000001c0234814b0 DEOPT PACKING pc=0x000001c001229977 sp=0x00000089db6fed10
Event: 18.332 Thread 0x000001c0234814b0 DEOPT UNPACKING pc=0x000001c0074a1702 sp=0x00000089db6fe350 mode 0
Event: 18.385 Thread 0x000001c01cdb2ad0 DEOPT PACKING pc=0x000001c001090e34 sp=0x00000089db0fe9e0
Event: 18.385 Thread 0x000001c01cdb2ad0 DEOPT UNPACKING pc=0x000001c0074a1702 sp=0x00000089db0fdef8 mode 0
Event: 18.441 Thread 0x000001c01aff2720 DEOPT PACKING pc=0x000001c001292088 sp=0x00000089da1fe960
Event: 18.441 Thread 0x000001c01aff2720 DEOPT UNPACKING pc=0x000001c0074a1702 sp=0x00000089da1fdde0 mode 0
Event: 18.526 Thread 0x000001c01c46e850 Uncommon trap: trap_request=0xffffff45 fr.pc=0x000001c007f37494 relative=0x0000000000000814
Event: 18.526 Thread 0x000001c01c46e850 Uncommon trap: reason=unstable_if action=reinterpret pc=0x000001c007f37494 method=com.android.tools.r8.internal.y52.a(Ljava/lang/Object;Z)Lcom/android/tools/r8/internal/x52; @ 92 c2
Event: 18.526 Thread 0x000001c01c46e850 DEOPT PACKING pc=0x000001c007f37494 sp=0x00000089d81faaa0
Event: 18.526 Thread 0x000001c01c46e850 DEOPT UNPACKING pc=0x000001c007568582 sp=0x00000089d81faa20 mode 2
Event: 18.567 Thread 0x000001c022a2ce10 Uncommon trap: trap_request=0xffffff45 fr.pc=0x000001c007f88cf4 relative=0x0000000000000af4
Event: 18.567 Thread 0x000001c022a2ce10 Uncommon trap: reason=unstable_if action=reinterpret pc=0x000001c007f88cf4 method=com.android.tools.r8.dex.z.h()Lcom/android/tools/r8/graph/s6; @ 42 c2
Event: 18.567 Thread 0x000001c022a2ce10 DEOPT PACKING pc=0x000001c007f88cf4 sp=0x00000089db1feac0
Event: 18.567 Thread 0x000001c022a2ce10 DEOPT UNPACKING pc=0x000001c007568582 sp=0x00000089db1fea58 mode 2
Event: 18.590 Thread 0x000001c01c46e850 Uncommon trap: trap_request=0xffffff5e fr.pc=0x000001c007ef0e28 relative=0x0000000000000428
Event: 18.590 Thread 0x000001c01c46e850 Uncommon trap: reason=speculate_class_check action=maybe_recompile pc=0x000001c007ef0e28 method=java.lang.String.<init>(Ljava/lang/AbstractStringBuilder;Ljava/lang/Void;)V @ 10 c2
Event: 18.590 Thread 0x000001c01c46e850 DEOPT PACKING pc=0x000001c007ef0e28 sp=0x00000089d81fa610
Event: 18.590 Thread 0x000001c01c46e850 DEOPT UNPACKING pc=0x000001c007568582 sp=0x00000089d81fa5e0 mode 2
Event: 18.691 Thread 0x000001c01c46e850 DEOPT PACKING pc=0x000001c00131ddad sp=0x00000089d81fa8d0
Event: 18.691 Thread 0x000001c01c46e850 DEOPT UNPACKING pc=0x000001c0074a1702 sp=0x00000089d81f9d60 mode 0

Classes loaded (20 events):
Event: 16.998 Loading class java/util/concurrent/Semaphore$Sync done
Event: 16.998 Loading class java/util/concurrent/Semaphore$NonfairSync done
Event: 17.321 Loading class java/util/SortedSet$1
Event: 17.322 Loading class java/util/SortedSet$1 done
Event: 17.650 Loading class java/util/concurrent/ForkJoinTask$AdaptedCallable
Event: 17.650 Loading class java/util/concurrent/ForkJoinTask$AdaptedCallable done
Event: 18.141 Loading class java/util/AbstractList$RandomAccessSubList
Event: 18.141 Loading class java/util/AbstractList$SubList
Event: 18.142 Loading class java/util/AbstractList$SubList done
Event: 18.142 Loading class java/util/AbstractList$RandomAccessSubList done
Event: 18.142 Loading class java/util/AbstractList$SubList$1
Event: 18.142 Loading class java/util/AbstractList$SubList$1 done
Event: 18.241 Loading class java/util/IdentityHashMap$ValueIterator
Event: 18.241 Loading class java/util/IdentityHashMap$ValueIterator done
Event: 18.270 Loading class java/nio/ShortBuffer
Event: 18.271 Loading class java/nio/ShortBuffer done
Event: 18.271 Loading class java/nio/HeapShortBuffer
Event: 18.271 Loading class java/nio/HeapShortBuffer done
Event: 18.584 Loading class java/util/stream/SortedOps$SizedRefSortingSink
Event: 18.585 Loading class java/util/stream/SortedOps$SizedRefSortingSink done

Classes unloaded (16 events):
Event: 12.869 Thread 0x000001c07f466b50 Unloading class 0x0000000010b14c00 'java/lang/invoke/LambdaForm$DMH+0x0000000010b14c00'
Event: 12.869 Thread 0x000001c07f466b50 Unloading class 0x0000000010b14400 'java/lang/invoke/LambdaForm$DMH+0x0000000010b14400'
Event: 12.869 Thread 0x000001c07f466b50 Unloading class 0x0000000010b0c800 'java/lang/invoke/LambdaForm$DMH+0x0000000010b0c800'
Event: 12.869 Thread 0x000001c07f466b50 Unloading class 0x0000000010b0cc00 'java/lang/invoke/LambdaForm$DMH+0x0000000010b0cc00'
Event: 12.869 Thread 0x000001c07f466b50 Unloading class 0x0000000010b0c400 'java/lang/invoke/LambdaForm$DMH+0x0000000010b0c400'
Event: 12.870 Thread 0x000001c07f466b50 Unloading class 0x0000000010ad4400 'java/lang/invoke/LambdaForm$DMH+0x0000000010ad4400'
Event: 12.870 Thread 0x000001c07f466b50 Unloading class 0x0000000010a7d000 'java/lang/invoke/LambdaForm$MH+0x0000000010a7d000'
Event: 12.870 Thread 0x000001c07f466b50 Unloading class 0x0000000010a7c800 'java/lang/invoke/LambdaForm$DMH+0x0000000010a7c800'
Event: 14.760 Thread 0x000001c07f466b50 Unloading class 0x0000000010c1e000 'java/lang/invoke/LambdaForm$DMH+0x0000000010c1e000'
Event: 14.760 Thread 0x000001c07f466b50 Unloading class 0x0000000010c1e400 'java/lang/invoke/LambdaForm$DMH+0x0000000010c1e400'
Event: 14.760 Thread 0x000001c07f466b50 Unloading class 0x0000000010c1dc00 'java/lang/invoke/LambdaForm$DMH+0x0000000010c1dc00'
Event: 14.760 Thread 0x000001c07f466b50 Unloading class 0x0000000010c1d800 'java/lang/invoke/LambdaForm$DMH+0x0000000010c1d800'
Event: 14.760 Thread 0x000001c07f466b50 Unloading class 0x0000000010c1d400 'java/lang/invoke/LambdaForm$DMH+0x0000000010c1d400'
Event: 14.760 Thread 0x000001c07f466b50 Unloading class 0x0000000010c1c800 'java/lang/invoke/LambdaForm$DMH+0x0000000010c1c800'
Event: 14.760 Thread 0x000001c07f466b50 Unloading class 0x0000000010c1c000 'java/lang/invoke/LambdaForm$DMH+0x0000000010c1c000'
Event: 14.760 Thread 0x000001c07f466b50 Unloading class 0x0000000010c1cc00 'java/lang/invoke/LambdaForm$DMH+0x0000000010c1cc00'

Classes redefined (0 events):
No events

Internal exceptions (20 events):
Event: 18.592 Thread 0x000001c01c46e850 Exception <a 'sun/nio/fs/WindowsException'{0x000000009823c298}> (0x000000009823c298) 
thrown [s\src\hotspot\share\prims\jni.cpp, line 535]
Event: 18.594 Thread 0x000001c01c46e850 Exception <a 'sun/nio/fs/WindowsException'{0x0000000098246558}> (0x0000000098246558) 
thrown [s\src\hotspot\share\prims\jni.cpp, line 535]
Event: 18.596 Thread 0x000001c01c46e850 Exception <a 'sun/nio/fs/WindowsException'{0x000000009824ed00}> (0x000000009824ed00) 
thrown [s\src\hotspot\share\prims\jni.cpp, line 535]
Event: 18.597 Thread 0x000001c01c46e850 Exception <a 'sun/nio/fs/WindowsException'{0x0000000097f81178}> (0x0000000097f81178) 
thrown [s\src\hotspot\share\prims\jni.cpp, line 535]
Event: 18.600 Thread 0x000001c01c46e850 Exception <a 'sun/nio/fs/WindowsException'{0x0000000097f8a240}> (0x0000000097f8a240) 
thrown [s\src\hotspot\share\prims\jni.cpp, line 535]
Event: 18.602 Thread 0x000001c01c46e850 Exception <a 'sun/nio/fs/WindowsException'{0x0000000097f9dee0}> (0x0000000097f9dee0) 
thrown [s\src\hotspot\share\prims\jni.cpp, line 535]
Event: 18.624 Thread 0x000001c01c46e850 Exception <a 'sun/nio/fs/WindowsException'{0x0000000097af1280}> (0x0000000097af1280) 
thrown [s\src\hotspot\share\prims\jni.cpp, line 535]
Event: 18.627 Thread 0x000001c01c46e850 Exception <a 'sun/nio/fs/WindowsException'{0x0000000097644130}> (0x0000000097644130) 
thrown [s\src\hotspot\share\prims\jni.cpp, line 535]
Event: 18.629 Thread 0x000001c01c46e850 Exception <a 'sun/nio/fs/WindowsException'{0x000000009764d070}> (0x000000009764d070) 
thrown [s\src\hotspot\share\prims\jni.cpp, line 535]
Event: 18.632 Thread 0x000001c01c46e850 Exception <a 'sun/nio/fs/WindowsException'{0x0000000097656f30}> (0x0000000097656f30) 
thrown [s\src\hotspot\share\prims\jni.cpp, line 535]
Event: 18.633 Thread 0x000001c01c46e850 Exception <a 'sun/nio/fs/WindowsException'{0x0000000097661ef0}> (0x0000000097661ef0) 
thrown [s\src\hotspot\share\prims\jni.cpp, line 535]
Event: 18.637 Thread 0x000001c01c46e850 Exception <a 'sun/nio/fs/WindowsException'{0x0000000097203318}> (0x0000000097203318) 
thrown [s\src\hotspot\share\prims\jni.cpp, line 535]
Event: 18.644 Thread 0x000001c01c46e850 Exception <a 'sun/nio/fs/WindowsException'{0x000000009720eb20}> (0x000000009720eb20) 
thrown [s\src\hotspot\share\prims\jni.cpp, line 535]
Event: 18.645 Thread 0x000001c01c46e850 Exception <a 'sun/nio/fs/WindowsException'{0x0000000097218558}> (0x0000000097218558) 
thrown [s\src\hotspot\share\prims\jni.cpp, line 535]
Event: 18.650 Thread 0x000001c01c46e850 Exception <a 'sun/nio/fs/WindowsException'{0x0000000097224100}> (0x0000000097224100) 
thrown [s\src\hotspot\share\prims\jni.cpp, line 535]
Event: 18.652 Thread 0x000001c01c46e850 Exception <a 'sun/nio/fs/WindowsException'{0x000000009722eb98}> (0x000000009722eb98) 
thrown [s\src\hotspot\share\prims\jni.cpp, line 535]
Event: 18.660 Thread 0x000001c01c46e850 Exception <a 'sun/nio/fs/WindowsException'{0x0000000096c2c428}> (0x0000000096c2c428) 
thrown [s\src\hotspot\share\prims\jni.cpp, line 535]
Event: 18.664 Thread 0x000001c01c46e850 Exception <a 'sun/nio/fs/WindowsException'{0x0000000096bda110}> (0x0000000096bda110) 
thrown [s\src\hotspot\share\prims\jni.cpp, line 535]
Event: 18.678 Thread 0x000001c01c46e850 Exception <a 'java/lang/NoSuchMethodError'{0x000000009668adc8}: 'java.lang.Object java.lang.invoke.DirectMethodHandle$Holder.invokeStatic(java.lang.Object, java.lang.Object, int, java.lang.Object)'> (0x000000009668adc8) 
thrown [s\src\hotspot\share\interpreter\linkResolver.cpp, line 815]
Event: 18.680 Thread 0x000001c01c46e850 Exception <a 'sun/nio/fs/WindowsException'{0x00000000966a0bb8}> (0x00000000966a0bb8) 
thrown [s\src\hotspot\share\prims\jni.cpp, line 535]

VM Operations (20 events):
Event: 17.825 Executing non-safepoint VM operation: HandshakeAllThreads (Deoptimize) done
Event: 17.830 Executing non-safepoint VM operation: HandshakeAllThreads (Deoptimize)
Event: 17.830 Executing non-safepoint VM operation: HandshakeAllThreads (Deoptimize) done
Event: 17.877 Executing non-safepoint VM operation: HandshakeAllThreads (Deoptimize)
Event: 17.877 Executing non-safepoint VM operation: HandshakeAllThreads (Deoptimize) done
Event: 17.884 Executing non-safepoint VM operation: HandshakeAllThreads (Deoptimize)
Event: 17.884 Executing non-safepoint VM operation: HandshakeAllThreads (Deoptimize) done
Event: 17.937 Executing safepoint VM operation: G1CollectForAllocation (G1 Evacuation Pause)
Event: 17.965 Executing safepoint VM operation: G1CollectForAllocation (G1 Evacuation Pause) done
Event: 18.311 Executing non-safepoint VM operation: HandshakeAllThreads (Deoptimize)
Event: 18.312 Executing non-safepoint VM operation: HandshakeAllThreads (Deoptimize) done
Event: 18.364 Executing non-safepoint VM operation: HandshakeAllThreads (Deoptimize)
Event: 18.365 Executing non-safepoint VM operation: HandshakeAllThreads (Deoptimize) done
Event: 18.369 Executing non-safepoint VM operation: HandshakeAllThreads (Deoptimize)
Event: 18.374 Executing non-safepoint VM operation: HandshakeAllThreads (Deoptimize) done
Event: 18.457 Executing safepoint VM operation: G1CollectForAllocation (G1 Evacuation Pause)
Event: 18.496 Executing safepoint VM operation: G1CollectForAllocation (G1 Evacuation Pause) done
Event: 18.684 Executing non-safepoint VM operation: HandshakeAllThreads (Deoptimize)
Event: 18.685 Executing non-safepoint VM operation: HandshakeAllThreads (Deoptimize) done
Event: 18.724 Executing safepoint VM operation: G1CollectForAllocation (G1 Evacuation Pause)

Memory protections (0 events):
No events

Nmethod flushes (20 events):
Event: 17.231 Thread 0x000001c07f466b50 flushing  nmethod 0x000001c000d06d88
Event: 17.231 Thread 0x000001c07f466b50 flushing  nmethod 0x000001c000d07108
Event: 17.231 Thread 0x000001c07f466b50 flushing  nmethod 0x000001c000d0f788
Event: 17.231 Thread 0x000001c07f466b50 flushing  nmethod 0x000001c000d0fd08
Event: 17.231 Thread 0x000001c07f466b50 flushing  nmethod 0x000001c000d10188
Event: 17.231 Thread 0x000001c07f466b50 flushing  nmethod 0x000001c000d10608
Event: 17.231 Thread 0x000001c07f466b50 flushing  nmethod 0x000001c007ce6d08
Event: 17.232 Thread 0x000001c07f466b50 flushing  nmethod 0x000001c00023f308
Event: 17.232 Thread 0x000001c07f466b50 flushing  nmethod 0x000001c000b80088
Event: 17.232 Thread 0x000001c07f466b50 flushing  nmethod 0x000001c000c92608
Event: 17.232 Thread 0x000001c07f466b50 flushing  nmethod 0x000001c000cf4688
Event: 17.232 Thread 0x000001c07f466b50 flushing  nmethod 0x000001c000cf6088
Event: 17.232 Thread 0x000001c07f466b50 flushing  nmethod 0x000001c000cf6408
Event: 17.232 Thread 0x000001c07f466b50 flushing  nmethod 0x000001c0008bdc08
Event: 17.232 Thread 0x000001c07f466b50 flushing  nmethod 0x000001c000bcf588
Event: 17.232 Thread 0x000001c07f466b50 flushing  nmethod 0x000001c000c6be08
Event: 17.232 Thread 0x000001c07f466b50 flushing  nmethod 0x000001c000cd7d88
Event: 17.232 Thread 0x000001c07f466b50 flushing  nmethod 0x000001c000cd9b08
Event: 17.232 Thread 0x000001c07f466b50 flushing  nmethod 0x000001c000cde708
Event: 17.232 Thread 0x000001c07f466b50 flushing  nmethod 0x000001c000cdea08

Events (20 events):
Event: 14.374 Thread 0x000001c0182b5940 Thread added: 0x000001c01baf9c40
Event: 16.641 Thread 0x000001c07f4ce140 Thread added: 0x000001c018e40150
Event: 16.824 Thread 0x000001c01cc13180 Thread added: 0x000001c0173778d0
Event: 17.014 Thread 0x000001c01bafa410 Thread added: 0x000001c022781940
Event: 18.129 Thread 0x000001c01baf9c40 Thread added: 0x000001c01cdb32a0
Event: 18.129 Thread 0x000001c01baf9c40 Thread added: 0x000001c01cdb2ad0
Event: 18.130 Thread 0x000001c01cdb32a0 Thread added: 0x000001c022a2ce10
Event: 18.130 Thread 0x000001c01cdb2ad0 Thread added: 0x000001c01afd9100
Event: 18.130 Thread 0x000001c022a2ce10 Thread added: 0x000001c01cfac160
Event: 18.130 Thread 0x000001c01afd9100 Thread added: 0x000001c023482450
Event: 18.131 Thread 0x000001c01cfac160 Thread added: 0x000001c022a2d5e0
Event: 18.131 Thread 0x000001c023482450 Thread added: 0x000001c0234814b0
Event: 18.131 Thread 0x000001c022a2d5e0 Thread added: 0x000001c019cf8780
Event: 18.131 Thread 0x000001c0234814b0 Thread added: 0x000001c01a8fe9f0
Event: 18.132 Thread 0x000001c019cf8780 Thread added: 0x000001c0227801d0
Event: 18.132 Thread 0x000001c01a8fe9f0 Thread added: 0x000001c02265d170
Event: 18.132 Thread 0x000001c0227801d0 Thread added: 0x000001c02265f0b0
Event: 18.133 Thread 0x000001c02265d170 Thread added: 0x000001c0182b49a0
Event: 18.133 Thread 0x000001c02265f0b0 Thread added: 0x000001c019d25a90
Event: 18.134 Thread 0x000001c0182b49a0 Thread added: 0x000001c022a2be70


Dynamic libraries:
0x00007ff693280000 - 0x00007ff69328a000 	E:\Android\AndroidStudio\jbr\bin\java.exe
0x00007fff94500000 - 0x00007fff94767000 	C:\WINDOWS\SYSTEM32\ntdll.dll
0x00007fff93ab0000 - 0x00007fff93b7b000 	C:\WINDOWS\System32\KERNEL32.DLL
0x00007fff91700000 - 0x00007fff91b02000 	C:\WINDOWS\System32\KERNELBASE.dll
0x00007fff91c60000 - 0x00007fff91dac000 	C:\WINDOWS\System32\ucrtbase.dll
0x00007fff81b40000 - 0x00007fff81b56000 	E:\Android\AndroidStudio\jbr\bin\jli.dll
0x00007fff837d0000 - 0x00007fff837eb000 	E:\Android\AndroidStudio\jbr\bin\VCRUNTIME140.dll
0x00007fff93d50000 - 0x00007fff93f1f000 	C:\WINDOWS\System32\USER32.dll
0x00007fff91dc0000 - 0x00007fff91de7000 	C:\WINDOWS\System32\win32u.dll
0x00007fff94490000 - 0x00007fff944bb000 	C:\WINDOWS\System32\GDI32.dll
0x00007fff77b90000 - 0x00007fff77e20000 	C:\WINDOWS\WinSxS\amd64_microsoft.windows.common-controls_6595b64144ccf1df_6.0.26100.9278_none_3e0d1ba8e3303201\COMCTL32.dll
0x00007fff920f0000 - 0x00007fff92219000 	C:\WINDOWS\System32\gdi32full.dll
0x00007fff924a0000 - 0x00007fff92549000 	C:\WINDOWS\System32\msvcrt.dll
0x00007fff91df0000 - 0x00007fff91e93000 	C:\WINDOWS\System32\msvcp_win.dll
0x00007fff93b80000 - 0x00007fff93bb1000 	C:\WINDOWS\System32\IMM32.DLL
0x00007fff8dc00000 - 0x00007fff8dc0c000 	E:\Android\AndroidStudio\jbr\bin\vcruntime140_1.dll
0x00007fff132e0000 - 0x00007fff1336d000 	E:\Android\AndroidStudio\jbr\bin\msvcp140.dll
0x00007ffec1350000 - 0x00007ffec222a000 	E:\Android\AndroidStudio\jbr\bin\server\jvm.dll
0x00007fff92550000 - 0x00007fff9260c000 	C:\WINDOWS\System32\ADVAPI32.dll
0x00007fff923f0000 - 0x00007fff92499000 	C:\WINDOWS\System32\sechost.dll
0x00007fff933f0000 - 0x00007fff93508000 	C:\WINDOWS\System32\RPCRT4.dll
0x00007fff92bc0000 - 0x00007fff92c40000 	C:\WINDOWS\System32\WS2_32.dll
0x00007fff90fb0000 - 0x00007fff9100e000 	C:\WINDOWS\SYSTEM32\POWRPROF.dll
0x00007fff82790000 - 0x00007fff827c6000 	C:\WINDOWS\SYSTEM32\WINMM.dll
0x00007fff88a20000 - 0x00007fff88a2b000 	C:\WINDOWS\SYSTEM32\VERSION.dll
0x00007fff90f50000 - 0x00007fff90f65000 	C:\WINDOWS\SYSTEM32\UMPDC.dll
0x00007fff903b0000 - 0x00007fff903cb000 	C:\WINDOWS\SYSTEM32\kernel.appcore.dll
0x00007fff8db70000 - 0x00007fff8db7a000 	E:\Android\AndroidStudio\jbr\bin\jimage.dll
0x00007fff8ea00000 - 0x00007fff8ec4c000 	C:\WINDOWS\SYSTEM32\DBGHELP.DLL
0x00007fff93720000 - 0x00007fff93aa5000 	C:\WINDOWS\System32\combase.dll
0x00007fff92280000 - 0x00007fff92359000 	C:\WINDOWS\System32\OLEAUT32.dll
0x00007fff7a820000 - 0x00007fff7a85b000 	C:\WINDOWS\SYSTEM32\dbgcore.DLL
0x00007fff91ea0000 - 0x00007fff91f4c000 	C:\WINDOWS\System32\bcryptPrimitives.dll
0x00007fff81f80000 - 0x00007fff81f8e000 	E:\Android\AndroidStudio\jbr\bin\instrument.dll
0x00007fff81b20000 - 0x00007fff81b3f000 	E:\Android\AndroidStudio\jbr\bin\java.dll
0x00007fff93580000 - 0x00007fff9371a000 	C:\WINDOWS\System32\ole32.dll
0x00007fff92c50000 - 0x00007fff933e8000 	C:\WINDOWS\System32\SHELL32.dll
0x00007fff81b00000 - 0x00007fff81b17000 	E:\Android\AndroidStudio\jbr\bin\zip.dll
0x00007fff8f140000 - 0x00007fff8f9ee000 	C:\WINDOWS\SYSTEM32\windows.storage.dll
0x00007fff93f30000 - 0x00007fff9402b000 	C:\WINDOWS\System32\SHCORE.dll
0x00007fff93510000 - 0x00007fff93576000 	C:\WINDOWS\System32\shlwapi.dll
0x00007fff91620000 - 0x00007fff91649000 	C:\WINDOWS\SYSTEM32\profapi.dll
0x00007fff81af0000 - 0x00007fff81b00000 	E:\Android\AndroidStudio\jbr\bin\net.dll
0x00007fff90990000 - 0x00007fff909fc000 	C:\WINDOWS\system32\mswsock.dll
0x00007fff818f0000 - 0x00007fff81906000 	E:\Android\AndroidStudio\jbr\bin\nio.dll
0x00007fff70cc0000 - 0x00007fff70cd0000 	E:\Android\AndroidStudio\jbr\bin\verify.dll
0x00007fff55c50000 - 0x00007fff55c77000 	C:\Users\Lenovo\.gradle\native\660c5614fbf4a5f2a75b1949f50a0caf5cd603558e7d8a26e50b933a0cfb79d1\windows-amd64\native-platform.dll
0x00007fff5b840000 - 0x00007fff5b8b7000 	C:\Users\Lenovo\.gradle\native\0.2.8\x86_64-windows-gnu\gradle-fileevents.dll
0x00007fff722b0000 - 0x00007fff722b9000 	E:\Android\AndroidStudio\jbr\bin\management.dll
0x00007fff722a0000 - 0x00007fff722ab000 	E:\Android\AndroidStudio\jbr\bin\management_ext.dll
0x00007fff94120000 - 0x00007fff94128000 	C:\WINDOWS\System32\PSAPI.DLL
0x00007fff8fd40000 - 0x00007fff8fd73000 	C:\WINDOWS\SYSTEM32\IPHLPAPI.DLL
0x00007fff92bb0000 - 0x00007fff92bba000 	C:\WINDOWS\System32\NSI.dll
0x00007fff81850000 - 0x00007fff81859000 	E:\Android\AndroidStudio\jbr\bin\extnet.dll
0x00007fff90c80000 - 0x00007fff90c9b000 	C:\WINDOWS\SYSTEM32\CRYPTSP.dll
0x00007fff90300000 - 0x00007fff90339000 	C:\WINDOWS\system32\rsaenh.dll
0x00007fff90a40000 - 0x00007fff90a74000 	C:\WINDOWS\SYSTEM32\USERENV.dll
0x00007fff915f0000 - 0x00007fff9161a000 	C:\WINDOWS\SYSTEM32\bcrypt.dll
0x00007fff90ca0000 - 0x00007fff90cac000 	C:\WINDOWS\SYSTEM32\CRYPTBASE.dll
0x00007fff648c0000 - 0x00007fff648c8000 	C:\WINDOWS\system32\wshunix.dll

JVMTI agents:
C:\Users\Lenovo\.gradle\wrapper\dists\gradle-9.5.0-bin\bvnork1r7n8i6kp5cnkibsc9q\gradle-9.5.0\lib\agents\gradle-instrumentation-agent-9.5.0.jar path:E:\Android\AndroidStudio\jbr\bin\instrument.dll, loaded, initialized, instrumentlib options:none

dbghelp: loaded successfully - version: 4.0.5 - missing functions: none
symbol engine: initialized successfully - sym options: 0x614 - pdb path: .;E:\Android\AndroidStudio\jbr\bin;C:\WINDOWS\SYSTEM32;C:\WINDOWS\WinSxS\amd64_microsoft.windows.common-controls_6595b64144ccf1df_6.0.26100.9278_none_3e0d1ba8e3303201;E:\Android\AndroidStudio\jbr\bin\server;C:\Users\Lenovo\.gradle\native\660c5614fbf4a5f2a75b1949f50a0caf5cd603558e7d8a26e50b933a0cfb79d1\windows-amd64;C:\Users\Lenovo\.gradle\native\0.2.8\x86_64-windows-gnu

VM Arguments:
jvm_args: --add-opens=java.base/java.lang=ALL-UNNAMED --add-opens=java.base/java.lang.invoke=ALL-UNNAMED --add-opens=java.base/java.util=ALL-UNNAMED --add-opens=java.prefs/java.util.prefs=ALL-UNNAMED --add-exports=jdk.compiler/com.sun.tools.javac.api=ALL-UNNAMED --add-exports=jdk.compiler/com.sun.tools.javac.util=ALL-UNNAMED --add-opens=java.base/java.nio.charset=ALL-UNNAMED --add-opens=java.base/java.net=ALL-UNNAMED --add-opens=java.base/java.util.concurrent=ALL-UNNAMED --add-opens=java.base/java.util.concurrent.atomic=ALL-UNNAMED --add-opens=java.xml/javax.xml.namespace=ALL-UNNAMED --add-opens=java.base/java.time=ALL-UNNAMED --enable-native-access=ALL-UNNAMED -Xmx2048m -Dfile.encoding=UTF-8 -Duser.country=ID -Duser.language=en -Duser.variant -javaagent:C:\Users\Lenovo\.gradle\wrapper\dists\gradle-9.5.0-bin\bvnork1r7n8i6kp5cnkibsc9q\gradle-9.5.0\lib\agents\gradle-instrumentation-agent-9.5.0.jar 
java_command: org.gradle.launcher.daemon.bootstrap.GradleDaemon 9.5.0
java_class_path (initial): C:\Users\Lenovo\.gradle\wrapper\dists\gradle-9.5.0-bin\bvnork1r7n8i6kp5cnkibsc9q\gradle-9.5.0\lib\gradle-daemon-main-9.5.0.jar
Launcher Type: SUN_STANDARD

[Global flags]
     intx CICompilerCount                          = 12                                        {product} {ergonomic}
     uint ConcGCThreads                            = 3                                         {product} {ergonomic}
     uint G1ConcRefinementThreads                  = 13                                        {product} {ergonomic}
   size_t G1HeapRegionSize                         = 1048576                                   {product} {ergonomic}
   size_t InitialHeapSize                          = 130023424                                 {product} {ergonomic}
   size_t MarkStackSize                            = 4194304                                   {product} {ergonomic}
   size_t MarkStackSizeMax                         = 536870912                                 {product} {ergonomic}
   size_t MaxHeapSize                              = 2147483648                                {product} {command line}
   size_t MaxNewSize                               = 1287651328                                {product} {ergonomic}
   size_t MinHeapDeltaBytes                        = 1048576                                   {product} {ergonomic}
   size_t MinHeapSize                              = 8388608                                   {product} {ergonomic}
    uintx NonNMethodCodeHeapSize                   = 7602176                                {pd product} {ergonomic}
    uintx NonProfiledCodeHeapSize                  = 122093568                              {pd product} {ergonomic}
    uintx ProfiledCodeHeapSize                     = 121962496                              {pd product} {ergonomic}
    uintx ReservedCodeCacheSize                    = 251658240                              {pd product} {ergonomic}
     bool SegmentedCodeCache                       = true                                      {product} {ergonomic}
   size_t SoftMaxHeapSize                          = 2147483648                             {manageable} {ergonomic}
     bool UseCompressedOops                        = true                           {product lp64_product} {ergonomic}
     bool UseG1GC                                  = true                                      {product} {ergonomic}
     bool UseLargePagesIndividualAllocation        = false                                  {pd product} {ergonomic}

Logging:
Log output configuration:
 #0: stdout all=warning uptime,level,tags foldmultilines=false
 #1: stderr all=off uptime,level,tags foldmultilines=false

Release file:
JAVA_VERSION="25.0.2" 
MODULES="java.base java.compiler java.datatransfer java.xml java.prefs java.desktop java.instrument java.logging java.management java.security.sasl java.naming java.rmi java.management.rmi java.net.http java.scripting java.security.jgss java.transaction.xa java.sql java.sql.rowset java.xml.crypto java.se java.smartcardio jdk.accessibility jdk.internal.jvmstat jdk.attach jdk.charsets jdk.internal.opt jdk.zipfs jdk.compiler jdk.crypto.cryptoki jdk.crypto.ec jdk.dynalink jdk.hotspot.agent jdk.httpserver jdk.internal.ed jdk.internal.le jdk.internal.md jdk.internal.vm.ci jdk.jartool jdk.javadoc jdk.jcmd jdk.jdeps jdk.jdwp.agent jdk.jdi jdk.jfr jdk.jlink jdk.localedata jdk.management jdk.management.agent jdk.management.jfr jdk.naming.dns jdk.naming.rmi jdk.net jdk.sctp jdk.security.auth jdk.security.jgss jdk.unsupported jdk.unsupported.desktop jdk.xml.dom" 
IMPLEMENTOR="JetBrains s.r.o." 
JAVA_RUNTIME_VERSION="25.0.2+-15348964-b329.117" 
LIBC="default" 
OS_ARCH="x86_64" 
OS_NAME="Windows" 
SOURCE=".:git:3cf398e84a39" 

Environment Variables:
JAVA_HOME=C:\Program Files\Eclipse Adoptium\jdk-21.0.12.101-hotspot
PATH=C:\Program Files\Eclipse Adoptium\jdk-21.0.12.101-hotspot\bin;C:\Users\Lenovo\.config\herd\bin\nvm;C:\oraclexe\app\oracle\product\10.2.0\server\bin;C:\Windows\system32;C:\Windows;C:\Windows\System32\Wbem;C:\Windows\System32\WindowsPowerShell\v1.0\;C:\Windows\System32\OpenSSH\;C:\Program Files (x86)\NVIDIA Corporation\PhysX\Common;C:\Program Files\NVIDIA Corporation\NVIDIA NvDLISR;C:\Program Files\Git\cmd;C:\ProgramData\ComposerSetup\bin;C:\WINDOWS\system32;C:\WINDOWS;C:\WINDOWS\System32\Wbem;C:\WINDOWS\System32\WindowsPowerShell\v1.0\;C:\WINDOWS\System32\OpenSSH\;C:\Program Files\nodejs;E:\Android\Sdk\platform-tools;E:\Android\Sdk\cmdline-tools\latest\bin;E:\src\flutter\bin;C:\Users\Lenovo\.config\herd\bin;C:\Users\Lenovo\AppData\Local\Programs\Python\Python313\Scripts\;C:\Users\Lenovo\AppData\Local\Programs\Python\Python313\;C:\Users\Lenovo\AppData\Local\Programs\Python\Python38\Scripts\;C:\Users\Lenovo\AppData\Local\Programs\Python\Python38\;C:\Users\Lenovo\AppData\Local\Programs\Python\Launcher\;C:\Users\Lenovo\AppData\Local\Microsoft\WindowsApps;C:\Users\Lenovo\AppData\Local\Programs\Microsoft VS Code\bin;C:\Users\Lenovo\AppData\Roaming\Composer\vendor\bin;E:\apache-maven-3.9.10\bin;C:\Users\Lenovo\AppData\Local\Microsoft\WindowsApps;C:\Program Files\JetBrains\IntelliJ IDEA 2025.2.1\bin;C:\Users\Lenovo\AppData\Local\Programs\Ollama;E:\Ollama;C:\Users\Lenovo\AppData\Local\spicetify;;C:\Users\Lenovo\AppData\Local\Programs\DockerDesktop\resources\bin;E:\Antigravity IDE\bin
USERNAME=Lenovo
OS=Windows_NT
PROCESSOR_IDENTIFIER=Intel64 Family 6 Model 186 Stepping 2, GenuineIntel
TMP=C:\Users\Lenovo\AppData\Local\Temp
TEMP=C:\Users\Lenovo\AppData\Local\Temp




Compilation memory statistics disabled.

Periodic native trim disabled

JNI global refs:
JNI global refs: 32, weak refs: 123

JNI global refs memory usage: 835, weak refs: 2097

Process memory usage:
Resident Set Size: 702600K (8% of 8106040K total physical memory with 320732K free physical memory)

OOME stack traces (most recent first):
Classloader memory used:
Loader org.gradle.internal.classloader.VisitableURLClassLoader                         : 40353 K
Loader org.gradle.internal.classloader.VisitableURLClassLoader$InstrumentingVisitableURLClassLoader: 28767 K
Loader bootstrap                                                                       : 26072 K
Loader org.gradle.initialization.MixInLegacyTypesClassLoader                           : 9239 K
Loader jdk.internal.loader.ClassLoaders$AppClassLoader                                 : 188 K
Loader jdk.internal.loader.ClassLoaders$PlatformClassLoader                            : 161 K

Classes loaded by more than one classloader:
Class com.google.common.collect.RegularImmutableMap$KeySet                            : loaded 2 times (x 154B)
Class com.google.common.base.Equivalence$Identity                                     : loaded 2 times (x 84B)
Class com.google.common.base.PairwiseEquivalence                                      : loaded 2 times (x 85B)
Class org.gradle.internal.classloader.FilteringClassLoader                            : loaded 2 times (x 106B)
Class [Lcom.google.common.base.AbstractIterator$State;                                : loaded 2 times (x 71B)
Class com.google.common.base.CharMatcher$IsEither                                     : loaded 2 times (x 113B)
Class org.gradle.internal.classloader.ClassLoaderHierarchy                            : loaded 2 times (x 72B)
Class com.google.common.collect.ImmutableList$1                                       : loaded 2 times (x 99B)
Class com.google.common.collect.ImmutableEnumSet                                      : loaded 2 times (x 148B)
Class com.google.common.util.concurrent.ExecutionError                                : loaded 2 times (x 84B)
Class com.google.common.collect.AbstractMapBasedMultimap$WrappedCollection            : loaded 2 times (x 126B)
Class com.google.common.collect.RegularImmutableMap                                   : loaded 2 times (x 122B)
Class com.google.common.collect.ImmutableMap$MapViewOfValuesAsSingletonSets           : loaded 2 times (x 128B)
Class com.google.common.collect.UnmodifiableListIterator                              : loaded 2 times (x 97B)
Class com.google.common.base.Platform$JdkPatternCompiler                              : loaded 2 times (x 77B)
Class [Lcom.google.common.cache.CacheBuilder$OneWeigher;                              : loaded 2 times (x 71B)
Class com.google.common.base.Suppliers                                                : loaded 2 times (x 73B)
Class org.gradle.internal.classloader.DefaultClassLoaderFactory                       : loaded 2 times (x 84B)
Class com.google.common.base.CharMatcher$None                                         : loaded 2 times (x 114B)
Class [Lcom.google.common.collect.ImmutableMapEntry;                                  : loaded 2 times (x 71B)
Class com.google.common.collect.ImmutableEnumMap                                      : loaded 2 times (x 128B)
Class com.google.common.collect.ListMultimap                                          : loaded 2 times (x 72B)
Class com.google.common.collect.Sets$1                                                : loaded 2 times (x 143B)
Class com.google.common.base.Splitter                                                 : loaded 2 times (x 74B)
Class com.google.common.collect.ImmutableSet$SerializedForm                           : loaded 2 times (x 75B)
Class org.gradle.api.internal.DefaultClassPathProvider                                : loaded 2 times (x 78B)
Class com.google.common.collect.Maps$ViewCachingAbstractMap                           : loaded 2 times (x 127B)
Class com.google.common.collect.Sets$2                                                : loaded 2 times (x 143B)
Class [Lorg.gradle.api.internal.ClassPathProvider;                                    : loaded 2 times (x 71B)
Class org.gradle.api.internal.ClassPathProvider                                       : loaded 2 times (x 72B)
Class com.google.common.collect.Sets$3                                                : loaded 2 times (x 143B)
Class com.google.common.base.AbstractIterator$State                                   : loaded 2 times (x 81B)
Class com.google.common.cache.LocalCache$LocalLoadingCache                            : loaded 2 times (x 136B)
Class org.gradle.internal.service.UnknownServiceException                             : loaded 2 times (x 85B)
Class com.google.common.collect.Sets$4                                                : loaded 2 times (x 143B)
Class com.google.common.cache.LocalCache$Strength$1                                   : loaded 2 times (x 83B)
Class com.google.common.cache.LocalCache$Strength$2                                   : loaded 2 times (x 83B)
Class com.google.common.collect.TransformedIterator                                   : loaded 2 times (x 82B)
Class com.google.common.base.Splitter$1                                               : loaded 2 times (x 79B)
Class com.google.common.cache.LocalCache$Strength$3                                   : loaded 2 times (x 83B)
Class com.google.common.collect.MapDifference                                         : loaded 2 times (x 72B)
Class com.google.common.cache.CacheBuilder$NullListener                               : loaded 2 times (x 84B)
Class org.gradle.internal.classpath.TransformedClassPath                              : loaded 2 times (x 98B)
Class org.gradle.internal.classloader.InstrumentingClassLoader                        : loaded 2 times (x 72B)
Class com.google.common.cache.CacheLoader$FunctionToCacheLoader                       : loaded 2 times (x 77B)
Class com.google.common.collect.Iterators$ArrayItr                                    : loaded 2 times (x 99B)
Class com.google.common.collect.ImmutableCollection$Builder                           : loaded 2 times (x 78B)
Class com.google.common.base.Joiner                                                   : loaded 2 times (x 82B)
Class com.google.common.base.MoreObjects                                              : loaded 2 times (x 73B)
Class com.google.common.collect.Platform                                              : loaded 2 times (x 73B)
Class com.google.common.collect.UnmodifiableIterator                                  : loaded 2 times (x 82B)
Class org.gradle.internal.service.ServiceLocator                                      : loaded 2 times (x 72B)
Class com.google.common.cache.LocalCache$1                                            : loaded 2 times (x 91B)
Class com.google.common.collect.Iterators$SingletonIterator                           : loaded 2 times (x 83B)
Class com.google.common.collect.AbstractMapEntry                                      : loaded 2 times (x 83B)
Class com.google.common.collect.Sets$ImprovedAbstractSet                              : loaded 2 times (x 137B)
Class com.google.common.cache.LocalCache$2                                            : loaded 2 times (x 144B)
Class com.google.common.collect.AbstractMultimap                                      : loaded 2 times (x 125B)
Class com.google.common.collect.RegularImmutableAsList                                : loaded 2 times (x 219B)
Class com.google.common.collect.Iterators                                             : loaded 2 times (x 73B)
Class com.google.common.collect.Lists$StringAsImmutableList                           : loaded 2 times (x 209B)
Class com.google.common.util.concurrent.UncheckedExecutionException                   : loaded 2 times (x 84B)
Class com.google.common.base.CharMatcher$And                                          : loaded 2 times (x 114B)
Class com.google.common.cache.CacheLoader$UnsupportedLoadingOperationException        : loaded 2 times (x 84B)
Class com.google.common.collect.IndexedImmutableSet                                   : loaded 2 times (x 154B)
Class com.google.common.collect.ImmutableMap$1                                        : loaded 2 times (x 83B)
Class com.google.common.collect.BiMap                                                 : loaded 2 times (x 72B)
Class org.gradle.api.internal.classpath.DefaultModuleRegistry$DefaultModule           : loaded 2 times (x 84B)
Class com.google.common.collect.AbstractIterator                                      : loaded 2 times (x 84B)
Class com.google.common.math.MathPreconditions                                        : loaded 2 times (x 73B)
Class com.google.common.collect.ObjectArrays                                          : loaded 2 times (x 73B)
Class com.google.common.collect.AbstractIndexedListIterator                           : loaded 2 times (x 98B)
Class com.google.common.collect.ArrayListMultimapGwtSerializationDependencies         : loaded 2 times (x 173B)
Class com.google.common.collect.Multiset                                              : loaded 2 times (x 72B)
Class com.google.common.collect.ImmutableMapEntrySet                                  : loaded 2 times (x 154B)
Class org.gradle.api.internal.classpath.Module                                        : loaded 2 times (x 72B)
Class com.google.common.cache.Weigher                                                 : loaded 2 times (x 72B)
Class org.gradle.api.internal.classpath.UnknownModuleException                        : loaded 2 times (x 84B)
Class com.google.common.cache.LocalCache$Strength                                     : loaded 2 times (x 83B)
Class com.google.common.cache.Cache                                                   : loaded 2 times (x 72B)
Class com.google.common.collect.ImmutableMap$Builder                                  : loaded 2 times (x 84B)
Class com.google.common.base.NullnessCasts                                            : loaded 2 times (x 73B)
Class com.google.common.cache.RemovalListener                                         : loaded 2 times (x 72B)
Class org.gradle.api.internal.DefaultClassPathRegistry                                : loaded 2 times (x 78B)
Class com.google.common.collect.Multimap                                              : loaded 2 times (x 72B)
Class org.gradle.internal.classpath.DefaultClassPath$ImmutableUniqueList              : loaded 2 times (x 201B)
Class org.gradle.api.internal.ClassPathRegistry                                       : loaded 2 times (x 72B)
Class com.google.common.collect.SingletonImmutableList                                : loaded 2 times (x 209B)
Class com.google.common.cache.CacheBuilder                                            : loaded 2 times (x 74B)
Class org.gradle.internal.classpath.ClassPath                                         : loaded 2 times (x 72B)
Class com.google.common.collect.ImmutableList$ReverseImmutableList                    : loaded 2 times (x 211B)
Class com.google.common.base.JdkPattern                                               : loaded 2 times (x 77B)
Class org.gradle.api.internal.classpath.DefaultModuleRegistry$DefaultModuleAlias      : loaded 2 times (x 82B)
Class com.google.common.base.Suppliers$SupplierOfInstance                             : loaded 2 times (x 81B)
Class com.google.common.collect.Iterators$1                                           : loaded 2 times (x 83B)
Class com.google.common.cache.LocalCache$ComputingValueReference                      : loaded 2 times (x 98B)
Class com.google.common.collect.ImmutableMap$IteratorBasedImmutableMap                : loaded 2 times (x 128B)
Class com.google.common.collect.SingletonImmutableSet                                 : loaded 2 times (x 148B)
Class com.google.common.cache.LocalCache$Segment                                      : loaded 2 times (x 155B)
Class com.google.common.collect.ImmutableBiMap                                        : loaded 2 times (x 145B)
Class com.google.common.cache.CacheLoader                                             : loaded 2 times (x 76B)
Class com.google.common.collect.Iterators$4                                           : loaded 2 times (x 84B)
Class com.google.common.collect.AbstractListMultimap                                  : loaded 2 times (x 173B)
Class org.gradle.api.internal.classpath.ModuleRegistry                                : loaded 2 times (x 72B)
Class org.gradle.internal.installation.GradleInstallation$1                           : loaded 2 times (x 77B)
Class com.google.common.collect.ImmutableSet$JdkBackedSetBuilderImpl                  : loaded 2 times (x 78B)
Class com.google.common.base.Splitter$SplittingIterator                               : loaded 2 times (x 85B)
Class com.google.common.collect.Iterators$5                                           : loaded 2 times (x 84B)
Class com.google.common.base.CharMatcher$ForPredicate                                 : loaded 2 times (x 114B)
Class com.google.common.cache.LocalCache$LocalManualCache$1                           : loaded 2 times (x 77B)
Class com.google.common.base.CharMatcher$AnyOf                                        : loaded 2 times (x 114B)
Class com.google.common.collect.ImmutableCollection                                   : loaded 2 times (x 127B)
Class org.gradle.api.internal.classpath.DefaultModuleRegistry                         : loaded 2 times (x 86B)
Class com.google.common.collect.Lists                                                 : loaded 2 times (x 73B)
Class com.google.common.cache.ReferenceEntry                                          : loaded 2 times (x 72B)
Class com.google.common.base.Converter                                                : loaded 2 times (x 92B)
Class com.google.common.collect.ImmutableSet$CachingAsList                            : loaded 2 times (x 150B)
Class com.google.common.base.FunctionalEquivalence                                    : loaded 2 times (x 85B)
Class com.google.common.collect.Iterators$9                                           : loaded 2 times (x 83B)
Class com.google.common.collect.AbstractMapBasedMultimap                              : loaded 2 times (x 140B)
Class com.google.common.collect.ImmutableAsList                                       : loaded 2 times (x 211B)
Class com.google.common.cache.CacheLoader$SupplierToCacheLoader                       : loaded 2 times (x 77B)
Class org.gradle.internal.service.ServiceLookupException                              : loaded 2 times (x 84B)
Class [Lcom.google.common.cache.LocalCache$EntryFactory;                              : loaded 2 times (x 71B)
Class org.gradle.internal.classloader.ClassLoaderFactory                              : loaded 2 times (x 72B)
Class com.google.common.base.CharMatcher$IsNot                                        : loaded 2 times (x 113B)
Class com.google.common.base.CommonPattern                                            : loaded 2 times (x 76B)
Class com.google.common.cache.LocalCache$LocalManualCache                             : loaded 2 times (x 101B)
Class org.gradle.internal.service.CachingServiceLocator                               : loaded 2 times (x 84B)
Class com.google.common.math.IntMath                                                  : loaded 2 times (x 73B)
Class com.google.common.collect.ImmutableMapEntry                                     : loaded 2 times (x 87B)
Class com.google.common.collect.ImmutableMapEntry$NonTerminalImmutableMapEntry        : loaded 2 times (x 87B)
Class com.google.common.base.Equivalence                                              : loaded 2 times (x 84B)
Class com.google.common.base.Function                                                 : loaded 2 times (x 72B)
Class com.google.common.collect.RegularImmutableList                                  : loaded 2 times (x 215B)
Class com.google.common.cache.CacheBuilder$OneWeigher                                 : loaded 2 times (x 84B)
Class org.gradle.internal.classloader.ClasspathUtil                                   : loaded 2 times (x 73B)
Class com.google.common.collect.Maps                                                  : loaded 2 times (x 73B)
Class org.gradle.api.specs.Spec                                                       : loaded 2 times (x 72B)
Class [Lcom.google.common.collect.ImmutableEntry;                                     : loaded 2 times (x 71B)
Class com.google.common.cache.LocalCache$LoadingValueReference                        : loaded 2 times (x 98B)
Class com.google.common.base.Platform                                                 : loaded 2 times (x 73B)
Class com.google.common.collect.Maps$8                                                : loaded 2 times (x 84B)
Class com.google.common.collect.Sets$SetView                                          : loaded 2 times (x 141B)
Class org.gradle.internal.classloader.VisitableURLClassLoader$InstrumentingVisitableURLClassLoader: loaded 2 times (x 124B)
Class com.google.common.math.IntMath$1                                                : loaded 2 times (x 73B)
Class [Lcom.google.common.cache.CacheBuilder$NullListener;                            : loaded 2 times (x 71B)
Class org.gradle.internal.classloader.VisitableURLClassLoader$Spec                    : loaded 2 times (x 76B)
Class org.gradle.internal.classpath.DefaultClassPath                                  : loaded 2 times (x 92B)
Class com.google.common.base.AbstractIterator                                         : loaded 2 times (x 82B)
Class com.google.common.io.Closer                                                     : loaded 2 times (x 80B)
Class com.google.common.collect.RegularImmutableMap$Values                            : loaded 2 times (x 209B)
Class com.google.common.base.CharMatcher$BitSetMatcher                                : loaded 2 times (x 114B)
Class com.google.common.collect.ImmutableSet                                          : loaded 2 times (x 147B)
Class org.gradle.internal.classloader.ClassLoaderSpec                                 : loaded 2 times (x 73B)
Class com.google.common.cache.CacheStats                                              : loaded 2 times (x 73B)
Class com.google.common.io.Closer$Suppressor                                          : loaded 2 times (x 72B)
Class com.google.common.base.CharMatcher$Or                                           : loaded 2 times (x 114B)
Class org.gradle.api.internal.classpath.Module$ModuleAlias                            : loaded 2 times (x 72B)
Class com.google.common.base.Supplier                                                 : loaded 2 times (x 72B)
Class org.gradle.internal.classloader.VisitableURLClassLoader                         : loaded 2 times (x 118B)
Class org.gradle.internal.Cast                                                        : loaded 2 times (x 73B)
Class org.gradle.api.Action                                                           : loaded 2 times (x 72B)
Class com.google.common.base.Strings                                                  : loaded 2 times (x 73B)
Class com.google.common.collect.Sets                                                  : loaded 2 times (x 73B)
Class com.google.common.base.CharMatcher$FastMatcher                                  : loaded 2 times (x 113B)
Class com.google.common.base.Ticker                                                   : loaded 2 times (x 74B)
Class [Lcom.google.common.cache.LocalCache$Segment;                                   : loaded 2 times (x 71B)
Class com.google.common.base.Predicate                                                : loaded 2 times (x 72B)
Class [Lcom.google.common.cache.LocalCache$Strength;                                  : loaded 2 times (x 71B)
Class com.google.common.cache.CacheBuilder$1                                          : loaded 2 times (x 87B)
Class com.google.common.collect.ImmutableMap                                          : loaded 2 times (x 122B)
Class org.gradle.internal.classpath.DefaultClassPath$ImmutableUniqueList$Builder      : loaded 2 times (x 77B)
Class com.google.common.base.CharMatcher$NegatedFastMatcher                           : loaded 2 times (x 115B)
Class com.google.common.cache.LocalCache                                              : loaded 2 times (x 188B)
Class com.google.common.cache.CacheBuilder$2                                          : loaded 2 times (x 81B)
Class [Lcom.google.common.collect.AbstractMapEntry;                                   : loaded 2 times (x 71B)
Class com.google.common.collect.ImmutableEntry                                        : loaded 2 times (x 84B)
Class com.google.common.cache.CacheBuilder$3                                          : loaded 2 times (x 74B)
Class com.google.common.collect.ArrayListMultimap                                     : loaded 2 times (x 173B)
Class org.gradle.api.GradleException                                                  : loaded 2 times (x 84B)
Class com.google.common.collect.CollectPreconditions                                  : loaded 2 times (x 73B)
Class com.google.common.collect.SortedMapDifference                                   : loaded 2 times (x 72B)
Class com.google.common.cache.LocalCache$EntryFactory                                 : loaded 2 times (x 85B)
Class org.gradle.internal.IoActions                                                   : loaded 2 times (x 73B)
Class com.google.common.cache.CacheLoader$InvalidCacheLoadException                   : loaded 2 times (x 84B)
Class com.google.common.collect.ImmutableSet$RegularSetBuilderImpl                    : loaded 2 times (x 78B)
Class com.google.common.cache.LoadingCache                                            : loaded 2 times (x 72B)
Class com.google.common.collect.RegularImmutableMap$BucketOverflowException           : loaded 2 times (x 84B)
Class [Lcom.google.common.cache.Weigher;                                              : loaded 2 times (x 71B)
Class com.google.common.base.CharMatcher$Is                                           : loaded 2 times (x 113B)
Class com.google.common.base.CharMatcher$Negated                                      : loaded 2 times (x 115B)
Class com.google.common.cache.LocalCache$ValueReference                               : loaded 2 times (x 72B)
Class com.google.common.base.PatternCompiler                                          : loaded 2 times (x 72B)
Class com.google.common.collect.Hashing                                               : loaded 2 times (x 73B)
Class com.google.common.base.Equivalence$Equals                                       : loaded 2 times (x 84B)
Class com.google.common.base.Preconditions                                            : loaded 2 times (x 73B)
Class com.google.common.base.CharMatcher                                              : loaded 2 times (x 113B)
Class com.google.common.base.Joiner$1                                                 : loaded 2 times (x 83B)
Class com.google.common.collect.PeekingIterator                                       : loaded 2 times (x 72B)
Class com.google.common.collect.Table                                                 : loaded 2 times (x 72B)
Class com.google.common.base.CharMatcher$1                                            : loaded 2 times (x 115B)
Class com.google.common.base.CharMatcher$NamedFastMatcher                             : loaded 2 times (x 114B)
Class com.google.common.base.Joiner$2                                                 : loaded 2 times (x 82B)
Class com.google.common.cache.LocalCache$EntryFactory$1                               : loaded 2 times (x 85B)
Class [Lcom.google.common.cache.RemovalListener;                                      : loaded 2 times (x 71B)
Class com.google.common.cache.LocalCache$EntryFactory$2                               : loaded 2 times (x 85B)
Class com.google.common.collect.ImmutableMapEntrySet$RegularEntrySet                  : loaded 2 times (x 154B)
Class com.google.common.cache.LocalCache$EntryFactory$3                               : loaded 2 times (x 85B)
Class com.google.common.base.Ticker$1                                                 : loaded 2 times (x 74B)
Class com.google.common.collect.Maps$BiMapConverter                                   : loaded 2 times (x 92B)
Class com.google.common.base.CharMatcher$InRange                                      : loaded 2 times (x 113B)
Class com.google.common.cache.LocalCache$EntryFactory$4                               : loaded 2 times (x 85B)
Class com.google.common.collect.ImmutableSet$Builder                                  : loaded 2 times (x 87B)
Class com.google.common.cache.LocalCache$EntryFactory$5                               : loaded 2 times (x 85B)
Class com.google.common.cache.LocalCache$EntryFactory$6                               : loaded 2 times (x 85B)
Class org.gradle.internal.installation.CurrentGradleInstallationLocator               : loaded 2 times (x 73B)
Class com.google.common.cache.LocalCache$EntryFactory$7                               : loaded 2 times (x 85B)
Class com.google.common.collect.ImmutableList                                         : loaded 2 times (x 208B)
Class org.gradle.internal.service.DefaultServiceLocator                               : loaded 2 times (x 85B)
Class com.google.common.cache.LocalCache$EntryFactory$8                               : loaded 2 times (x 85B)
Class com.google.common.collect.ImmutableSet$SetBuilderImpl                           : loaded 2 times (x 78B)
Class org.gradle.internal.installation.CurrentGradleInstallation                      : loaded 2 times (x 75B)
Class com.google.common.collect.ForwardingObject                                      : loaded 2 times (x 74B)
Class com.google.common.collect.ImmutableList$SubList                                 : loaded 2 times (x 211B)
Class com.google.common.cache.CacheLoader$1                                           : loaded 2 times (x 77B)
Class org.gradle.util.internal.GUtil                                                  : loaded 2 times (x 73B)
Class com.google.common.cache.AbstractCache$StatsCounter                              : loaded 2 times (x 72B)
Class com.google.common.collect.Iterators$MergingIterator                             : loaded 2 times (x 83B)
Class com.google.common.collect.RegularImmutableSet                                   : loaded 2 times (x 150B)
Class org.gradle.internal.installation.GradleInstallation                             : loaded 2 times (x 77B)
Class com.google.common.base.Splitter$Strategy                                        : loaded 2 times (x 72B)

---------------  S Y S T E M  ---------------

OS:
 Windows 11 , 64 bit Build 26100 (10.0.26100.9444)
OS uptime: 0 days 5:32 hours
Hyper-V role detected

CPU: total 16 (initial active 16) (8 cores per cpu, 2 threads per core) family 6 model 186 stepping 2 microcode 0x410e, cx8, cmov, fxsr, ht, mmx, 3dnowpref, sse, sse2, sse3, ssse3, sse4.1, sse4.2, popcnt, lzcnt, tsc, tscinvbit, avx, avx2, aes, erms, clmul, bmi1, bmi2, adx, sha, fma, vzeroupper, clflush, clflushopt, clwb, hv, serialize, rdtscp, rdpid, fsrm, gfni, f16c, cet_ibt, cet_ss
Processor Information for processor 0
  Max Mhz: 2400, Current Mhz: 1520, Mhz Limit: 2400
Processor Information for processor 1
  Max Mhz: 2400, Current Mhz: 1520, Mhz Limit: 2400
Processor Information for processor 2
  Max Mhz: 2400, Current Mhz: 1520, Mhz Limit: 2400
Processor Information for processor 3
  Max Mhz: 2400, Current Mhz: 1520, Mhz Limit: 2400
Processor Information for processor 4
  Max Mhz: 2400, Current Mhz: 1520, Mhz Limit: 2400
Processor Information for processor 5
  Max Mhz: 2400, Current Mhz: 1520, Mhz Limit: 2400
Processor Information for processor 6
  Max Mhz: 2400, Current Mhz: 1520, Mhz Limit: 2400
Processor Information for processor 7
  Max Mhz: 2400, Current Mhz: 1520, Mhz Limit: 2400
Processor Information for processor 8
  Max Mhz: 2400, Current Mhz: 1520, Mhz Limit: 2400
Processor Information for processor 9
  Max Mhz: 2400, Current Mhz: 1520, Mhz Limit: 2400
Processor Information for processor 10
  Max Mhz: 2400, Current Mhz: 1520, Mhz Limit: 2400
Processor Information for processor 11
  Max Mhz: 2400, Current Mhz: 1520, Mhz Limit: 2400
Processor Information for processor 12
  Max Mhz: 2400, Current Mhz: 1500, Mhz Limit: 1800
Processor Information for processor 13
  Max Mhz: 2400, Current Mhz: 1500, Mhz Limit: 1800
Processor Information for processor 14
  Max Mhz: 2400, Current Mhz: 1500, Mhz Limit: 1800
Processor Information for processor 15
  Max Mhz: 2400, Current Mhz: 1500, Mhz Limit: 1800

Memory: 4k page, system-wide physical 7916M (311M free)
TotalPageFile size 16848M (AvailPageFile size 217M)
current process WorkingSet (physical memory assigned to process): 687M, peak: 687M
current process commit charge ("private bytes"): 801M, peak: 1217M

vm_info: OpenJDK 64-Bit Server VM (25.0.2+-15348964-b329.117) for windows-amd64 JRE (25.0.2+-15348964-b329.117), built on 2026-05-05T18:25:19Z with MS VC++ 16.10 / 16.11 (VS2019)

END.
