#
# There is insufficient memory for the Java Runtime Environment to continue.
# Native memory allocation (mmap) failed to map 354418688 bytes. Error detail: G1 virtual space
# Possible reasons:
#   The system is out of physical RAM or swap space
#   This process is running with CompressedOops enabled, and the Java Heap may be blocking the growth of the native heap
# Possible solutions:
#   Reduce memory load on the system
#   Increase physical memory or swap space
#   Check if swap backing store is full
#   Decrease Java heap size (-Xmx/-Xms)
#   Decrease number of Java threads
#   Decrease Java thread stack sizes (-Xss)
#   Set larger code cache with -XX:ReservedCodeCacheSize=
#   JVM is running with Unscaled Compressed Oops mode in which the Java heap is
#     placed in the first 4GB address space. The Java Heap base address is the
#     maximum limit for the native heap growth. Please use -XX:HeapBaseMinAddress
#     to set the Java Heap base and to place the Java Heap above 4GB virtual address.
# This output file may be truncated or incomplete.
#
#  Out of Memory Error (os_windows.cpp:3766), pid=22616, tid=12544
#
# JRE version: OpenJDK Runtime Environment (25.0.2) (build 25.0.2+-15348964-b329.117)
# Java VM: OpenJDK 64-Bit Server VM (25.0.2+-15348964-b329.117, mixed mode, tiered, compressed oops, compressed class ptrs, g1 gc, windows-amd64)
# No core dump will be written. Minidumps are not enabled by default on client versions of Windows
#

---------------  S U M M A R Y ------------

Command Line: --add-opens=java.base/java.lang=ALL-UNNAMED --add-opens=java.base/java.lang.invoke=ALL-UNNAMED --add-opens=java.base/java.util=ALL-UNNAMED --add-opens=java.prefs/java.util.prefs=ALL-UNNAMED --add-exports=jdk.compiler/com.sun.tools.javac.api=ALL-UNNAMED --add-exports=jdk.compiler/com.sun.tools.javac.util=ALL-UNNAMED --add-opens=java.base/java.nio.charset=ALL-UNNAMED --add-opens=java.base/java.net=ALL-UNNAMED --add-opens=java.base/java.util.concurrent=ALL-UNNAMED --add-opens=java.base/java.util.concurrent.atomic=ALL-UNNAMED --add-opens=java.xml/javax.xml.namespace=ALL-UNNAMED --add-opens=java.base/java.time=ALL-UNNAMED --enable-native-access=ALL-UNNAMED -Xmx2048m -Dfile.encoding=UTF-8 -Duser.country=ID -Duser.language=en -Duser.variant -javaagent:C:\Users\Lenovo\.gradle\wrapper\dists\gradle-9.5.0-bin\bvnork1r7n8i6kp5cnkibsc9q\gradle-9.5.0\lib\agents\gradle-instrumentation-agent-9.5.0.jar org.gradle.launcher.daemon.bootstrap.GradleDaemon 9.5.0

Host: 13th Gen Intel(R) Core(TM) i7-13620H, 16 cores, 7G,  Windows 11 , 64 bit Build 26100 (10.0.26100.9444)
Time: Tue Sep 22 16:08:57 2026 SE Asia Standard Time elapsed time: 9.833476 seconds (0d 0h 0m 9s)

---------------  T H R E A D  ---------------

Current thread (0x000001357fa76ce0):  VMThread "VM Thread"          [id=12544, stack(0x00000008d9400000,0x00000008d9500000) (1024K)]

Stack: [0x00000008d9400000,0x00000008d9500000]
Native frames: (J=compiled Java code, j=interpreted, Vv=VM code, C=native code)
V  [jvm.dll+0x7bd439]  (no source info available)
V  [jvm.dll+0x78763d]  (no source info available)
V  [jvm.dll+0xa0c885]  (no source info available)
V  [jvm.dll+0xa0ef04]  (no source info available)
V  [jvm.dll+0xa0f603]  (no source info available)
V  [jvm.dll+0x309bf6]  (no source info available)
V  [jvm.dll+0x7b9545]  (no source info available)
V  [jvm.dll+0x7ac047]  (no source info available)
V  [jvm.dll+0x3fdeab]  (no source info available)
V  [jvm.dll+0x406066]  (no source info available)
V  [jvm.dll+0x3f2516]  (no source info available)
V  [jvm.dll+0x3f27f8]  (no source info available)
V  [jvm.dll+0x3c7b82]  (no source info available)
V  [jvm.dll+0x3c7c1a]  (no source info available)
V  [jvm.dll+0x4172d0]  (no source info available)
V  [jvm.dll+0x415bf1]  (no source info available)
V  [jvm.dll+0x3c72b7]  (no source info available)
V  [jvm.dll+0x41502f]  (no source info available)
V  [jvm.dll+0xa158ca]  (no source info available)
V  [jvm.dll+0xa16bd1]  (no source info available)
V  [jvm.dll+0xa17148]  (no source info available)
V  [jvm.dll+0xa173d3]  (no source info available)
V  [jvm.dll+0x9ab9c8]  (no source info available)
V  [jvm.dll+0x7bb985]  (no source info available)
C  [ucrtbase.dll+0x2cd30]  (no source info available)
C  [KERNEL32.DLL+0x2cd87]  (no source info available)
C  [ntdll.dll+0xacaec]  (no source info available)

VM_Operation (0x00000008de0f9b70): G1CollectForAllocation, mode: safepoint, requested by thread 0x000001350a8affc0


---------------  P R O C E S S  ---------------

Threads class SMR info:
_java_thread_list=0x0000013507bcbbf0, length=79, elements={
0x0000013567700d30, 0x000001357fac14f0, 0x000001357fac2c40, 0x000001357fac3aa0,
0x000001357fa6c3f0, 0x0000013504010080, 0x0000013504010c50, 0x0000013504013c30,
0x000001357f926b60, 0x000001357f928ba0, 0x000001357f927b80, 0x000001357f927370,
0x000001357f928390, 0x00000135043a9490, 0x000001357f92c410, 0x00000135055a1ea0,
0x0000013505df9260, 0x0000013505e2b740, 0x0000013505e4e690, 0x0000013505e4f690,
0x00000135074387a0, 0x0000013505e797c0, 0x0000013505e78ff0, 0x0000013505e7d640,
0x0000013505e7de10, 0x0000013505e7f580, 0x0000013507ae0380, 0x0000013507ae2a90,
0x0000013507ae1af0, 0x0000013507ae49d0, 0x0000013507ae6910, 0x0000013507ae70e0,
0x000001350868edf0, 0x000001350868f5c0, 0x000001350868fd90, 0x000001350868c6e0,
0x000001350a0dd6a0, 0x000001350a0de640, 0x000001350a0dee10, 0x000001350a0e3c30,
0x000001350a0e3460, 0x0000013508692c70, 0x00000135048058a0, 0x0000013504803190,
0x0000013504803960, 0x00000135048050d0, 0x0000013504804900, 0x000001350ae29840,
0x000001350ae26960, 0x000001350ae2a010, 0x000001350ae2a7e0, 0x000001350ae27130,
0x000001350ae2b780, 0x000001350ae2bf50, 0x000001350ae2d6c0, 0x000001350ad34650,
0x000001350ad32710, 0x000001350ad36d60, 0x000001350ad37530, 0x000001350ad38ca0,
0x000001350a8af7f0, 0x000001350a8affc0, 0x000001350a8b0790, 0x000001350a8ae080,
0x000001350a8b4610, 0x000001350a8b55b0, 0x000001350a8b5d80, 0x000001350a8b26d0,
0x000001350a8b9c00, 0x000001350a8b9430, 0x000001350a8b74f0, 0x000001350a8b6d20,
0x0000013504911400, 0x0000013504910c30, 0x0000013504915280, 0x00000135049123a0,
0x0000013504912b70, 0x00000135049169f0, 0x00000135049171c0
}

Java Threads: ( => current thread )
  0x0000013567700d30 JavaThread "main"                              [_thread_blocked, id=9720, stack(0x00000008d8d00000,0x00000008d8e00000) (1024K)]
  0x000001357fac14f0 JavaThread "Common-Cleaner"             daemon [_thread_blocked, id=14020, stack(0x00000008d9500000,0x00000008d9600000) (1024K)]
  0x000001357fac2c40 JavaThread "Reference Handler"          daemon [_thread_blocked, id=15460, stack(0x00000008d9600000,0x00000008d9700000) (1024K)]
  0x000001357fac3aa0 JavaThread "Finalizer"                  daemon [_thread_blocked, id=7056, stack(0x00000008d9700000,0x00000008d9800000) (1024K)]
  0x000001357fa6c3f0 JavaThread "Signal Dispatcher"          daemon [_thread_blocked, id=17768, stack(0x00000008d9800000,0x00000008d9900000) (1024K)]
  0x0000013504010080 JavaThread "Attach Listener"            daemon [_thread_blocked, id=23184, stack(0x00000008d9900000,0x00000008d9a00000) (1024K)]
  0x0000013504010c50 JavaThread "Service Thread"             daemon [_thread_blocked, id=18956, stack(0x00000008d9a00000,0x00000008d9b00000) (1024K)]
  0x0000013504013c30 JavaThread "Monitor Deflation Thread"   daemon [_thread_blocked, id=19396, stack(0x00000008d9b00000,0x00000008d9c00000) (1024K)]
  0x000001357f926b60 JavaThread "C2 CompilerThread0"         daemon [_thread_blocked, id=5588, stack(0x00000008d9c00000,0x00000008d9d00000) (1024K)]
  0x000001357f928ba0 JavaThread "C1 CompilerThread0"         daemon [_thread_blocked, id=2044, stack(0x00000008d9d00000,0x00000008d9e00000) (1024K)]
  0x000001357f927b80 JavaThread "C1 CompilerThread1"         daemon [_thread_blocked, id=26132, stack(0x00000008d9e00000,0x00000008d9f00000) (1024K)]
  0x000001357f927370 JavaThread "C1 CompilerThread2"         daemon [_thread_blocked, id=7060, stack(0x00000008d9f00000,0x00000008da000000) (1024K)]
  0x000001357f928390 JavaThread "C1 CompilerThread3"         daemon [_thread_blocked, id=6672, stack(0x00000008da000000,0x00000008da100000) (1024K)]
  0x00000135043a9490 JavaThread "Notification Thread"        daemon [_thread_blocked, id=6164, stack(0x00000008da100000,0x00000008da200000) (1024K)]
  0x000001357f92c410 JavaThread "C2 CompilerThread1"         daemon [_thread_blocked, id=11448, stack(0x00000008da200000,0x00000008da300000) (1024K)]
  0x00000135055a1ea0 JavaThread "Daemon health stats"               [_thread_blocked, id=22344, stack(0x00000008da800000,0x00000008da900000) (1024K)]
  0x0000013505df9260 JavaThread "Incoming local TCP Connector on port 60154"        [_thread_in_native, id=1600, stack(0x00000008dad00000,0x00000008dae00000) (1024K)]
  0x0000013505e2b740 JavaThread "Daemon periodic checks"            [_thread_blocked, id=10604, stack(0x00000008dae00000,0x00000008daf00000) (1024K)]
  0x0000013505e4e690 JavaThread "Daemon"                            [_thread_blocked, id=17116, stack(0x00000008db400000,0x00000008db500000) (1024K)]
  0x0000013505e4f690 JavaThread "Handler for socket connection from /127.0.0.1:60154 to /127.0.0.1:60155"        [_thread_in_native, id=3192, stack(0x00000008db500000,0x00000008db600000) (1024K)]
  0x00000135074387a0 JavaThread "Cancel handler"                    [_thread_blocked, id=9732, stack(0x00000008db600000,0x00000008db700000) (1024K)]
  0x0000013505e797c0 JavaThread "Daemon worker"                     [_thread_blocked, id=11332, stack(0x00000008db700000,0x00000008db800000) (1024K)]
  0x0000013505e78ff0 JavaThread "Asynchronous log dispatcher for DefaultDaemonConnection: socket connection from /127.0.0.1:60154 to /127.0.0.1:60155"        [_thread_blocked, id=25864, stack(0x00000008db800000,0x00000008db900000) (1024K)]
  0x0000013505e7d640 JavaThread "Stdin handler"                     [_thread_blocked, id=24292, stack(0x00000008db900000,0x00000008dba00000) (1024K)]
  0x0000013505e7de10 JavaThread "Daemon client event forwarder"        [_thread_blocked, id=20080, stack(0x00000008dba00000,0x00000008dbb00000) (1024K)]
  0x0000013505e7f580 JavaThread "Cache worker for journal cache (C:\Users\Lenovo\.gradle\caches\journal-1)"        [_thread_blocked, id=19688, stack(0x00000008dbb00000,0x00000008dbc00000) (1024K)]
  0x0000013507ae0380 JavaThread "File lock request listener"        [_thread_in_native, id=14916, stack(0x00000008dbc00000,0x00000008dbd00000) (1024K)]
  0x0000013507ae2a90 JavaThread "Cache worker for file hash cache (C:\Users\Lenovo\.gradle\caches\9.5.0\fileHashes)"        [_thread_blocked, id=24920, stack(0x00000008dbd00000,0x00000008dbe00000) (1024K)]
  0x0000013507ae1af0 JavaThread "Cache worker for file hash cache (E:\AndroidStudioProjects\MyApplication\Pertemuan 4\.gradle\9.5.0\fileHashes)"        [_thread_blocked, id=22044, stack(0x00000008dbf00000,0x00000008dc000000) (1024K)]
  0x0000013507ae49d0 JavaThread "Cache worker for checksums cache (E:\AndroidStudioProjects\MyApplication\Pertemuan 4\.gradle\9.5.0\checksums)"        [_thread_blocked, id=11996, stack(0x00000008dc000000,0x00000008dc100000) (1024K)]
  0x0000013507ae6910 JavaThread "Cache worker for Build Output Cleanup Cache (E:\AndroidStudioProjects\MyApplication\Pertemuan 4\.gradle\buildOutputCleanup)"        [_thread_blocked, id=1064, stack(0x00000008dc100000,0x00000008dc200000) (1024K)]
  0x0000013507ae70e0 JavaThread "Cache worker for file content cache (C:\Users\Lenovo\.gradle\caches\9.5.0\fileContent)"        [_thread_blocked, id=21348, stack(0x00000008dc200000,0x00000008dc300000) (1024K)]
  0x000001350868edf0 JavaThread "File watcher server"        daemon [_thread_blocked, id=2756, stack(0x00000008dc300000,0x00000008dc400000) (1024K)]
  0x000001350868f5c0 JavaThread "File watcher consumer"      daemon [_thread_blocked, id=17844, stack(0x00000008dc400000,0x00000008dc500000) (1024K)]
  0x000001350868fd90 JavaThread "Cache worker for cache directory md-supplier (C:\Users\Lenovo\.gradle\caches\9.5.0\md-supplier)"        [_thread_blocked, id=2332, stack(0x00000008dc500000,0x00000008dc600000) (1024K)]
  0x000001350868c6e0 JavaThread "Cache worker for cache directory md-rule (C:\Users\Lenovo\.gradle\caches\9.5.0\md-rule)"        [_thread_blocked, id=26176, stack(0x00000008dc600000,0x00000008dc700000) (1024K)]
  0x000001350a0dd6a0 JavaThread "build event listener"              [_thread_blocked, id=21708, stack(0x00000008dc800000,0x00000008dc900000) (1024K)]
  0x000001350a0de640 JavaThread "build event listener"              [_thread_blocked, id=22096, stack(0x00000008dc900000,0x00000008dca00000) (1024K)]
  0x000001350a0dee10 JavaThread "Build operations"                  [_thread_blocked, id=10180, stack(0x00000008dca00000,0x00000008dcb00000) (1024K)]
  0x000001350a0e3c30 JavaThread "Memory manager"                    [_thread_blocked, id=25012, stack(0x00000008dc700000,0x00000008dc800000) (1024K)]
  0x000001350a0e3460 JavaThread "included builds"                   [_thread_blocked, id=24624, stack(0x00000008dcb00000,0x00000008dcc00000) (1024K)]
  0x0000013508692c70 JavaThread "Execution worker"                  [_thread_blocked, id=17836, stack(0x00000008dcc00000,0x00000008dcd00000) (1024K)]
  0x00000135048058a0 JavaThread "Execution worker Thread 2"         [_thread_blocked, id=18636, stack(0x00000008dcd00000,0x00000008dce00000) (1024K)]
  0x0000013504803190 JavaThread "Execution worker Thread 3"         [_thread_blocked, id=18856, stack(0x00000008dce00000,0x00000008dcf00000) (1024K)]
  0x0000013504803960 JavaThread "Execution worker Thread 4"         [_thread_blocked, id=8296, stack(0x00000008dcf00000,0x00000008dd000000) (1024K)]
  0x00000135048050d0 JavaThread "Execution worker Thread 5"         [_thread_blocked, id=25116, stack(0x00000008dd000000,0x00000008dd100000) (1024K)]
  0x0000013504804900 JavaThread "Execution worker Thread 6"         [_thread_blocked, id=7880, stack(0x00000008dd100000,0x00000008dd200000) (1024K)]
  0x000001350ae29840 JavaThread "Execution worker Thread 7"         [_thread_blocked, id=25624, stack(0x00000008dd200000,0x00000008dd300000) (1024K)]
  0x000001350ae26960 JavaThread "Execution worker Thread 8"         [_thread_blocked, id=14136, stack(0x00000008dd300000,0x00000008dd400000) (1024K)]
  0x000001350ae2a010 JavaThread "Execution worker Thread 9"         [_thread_blocked, id=19052, stack(0x00000008dd400000,0x00000008dd500000) (1024K)]
  0x000001350ae2a7e0 JavaThread "Execution worker Thread 10"        [_thread_blocked, id=24844, stack(0x00000008dd500000,0x00000008dd600000) (1024K)]
  0x000001350ae27130 JavaThread "Execution worker Thread 11"        [_thread_blocked, id=2768, stack(0x00000008dd600000,0x00000008dd700000) (1024K)]
  0x000001350ae2b780 JavaThread "Execution worker Thread 12"        [_thread_blocked, id=23740, stack(0x00000008dd700000,0x00000008dd800000) (1024K)]
  0x000001350ae2bf50 JavaThread "Execution worker Thread 13"        [_thread_blocked, id=22300, stack(0x00000008dd800000,0x00000008dd900000) (1024K)]
  0x000001350ae2d6c0 JavaThread "Execution worker Thread 14"        [_thread_blocked, id=26008, stack(0x00000008dd900000,0x00000008dda00000) (1024K)]
  0x000001350ad34650 JavaThread "Execution worker Thread 15"        [_thread_blocked, id=22960, stack(0x00000008dda00000,0x00000008ddb00000) (1024K)]
  0x000001350ad32710 JavaThread "Cache worker for execution history cache (E:\AndroidStudioProjects\MyApplication\Pertemuan 4\.gradle\9.5.0\executionHistory)"        [_thread_blocked, id=25628, stack(0x00000008ddb00000,0x00000008ddc00000) (1024K)]
  0x000001350ad36d60 JavaThread "Build operations Thread 2"         [_thread_blocked, id=17500, stack(0x00000008ddc00000,0x00000008ddd00000) (1024K)]
  0x000001350ad37530 JavaThread "Build operations Thread 4"         [_thread_blocked, id=5048, stack(0x00000008ddd00000,0x00000008dde00000) (1024K)]
  0x000001350ad38ca0 JavaThread "Build operations Thread 3"         [_thread_blocked, id=26212, stack(0x00000008dde00000,0x00000008ddf00000) (1024K)]
  0x000001350a8af7f0 JavaThread "Build operations Thread 5"         [_thread_blocked, id=12556, stack(0x00000008ddf00000,0x00000008de000000) (1024K)]
  0x000001350a8affc0 JavaThread "Build operations Thread 6"         [_thread_blocked, id=25736, stack(0x00000008de000000,0x00000008de100000) (1024K)]
  0x000001350a8b0790 JavaThread "Build operations Thread 7"         [_thread_blocked, id=12716, stack(0x00000008de100000,0x00000008de200000) (1024K)]
  0x000001350a8ae080 JavaThread "Build operations Thread 8"         [_thread_blocked, id=4280, stack(0x00000008de200000,0x00000008de300000) (1024K)]
  0x000001350a8b4610 JavaThread "Build operations Thread 9"         [_thread_blocked, id=5788, stack(0x00000008de300000,0x00000008de400000) (1024K)]
  0x000001350a8b55b0 JavaThread "Build operations Thread 10"        [_thread_blocked, id=3132, stack(0x00000008de400000,0x00000008de500000) (1024K)]
  0x000001350a8b5d80 JavaThread "Build operations Thread 11"        [_thread_blocked, id=6508, stack(0x00000008de500000,0x00000008de600000) (1024K)]
  0x000001350a8b26d0 JavaThread "Build operations Thread 12"        [_thread_blocked, id=22140, stack(0x00000008de600000,0x00000008de700000) (1024K)]
  0x000001350a8b9c00 JavaThread "Build operations Thread 13"        [_thread_blocked, id=8084, stack(0x00000008de700000,0x00000008de800000) (1024K)]
  0x000001350a8b9430 JavaThread "Build operations Thread 14"        [_thread_blocked, id=13080, stack(0x00000008de800000,0x00000008de900000) (1024K)]
  0x000001350a8b74f0 JavaThread "Build operations Thread 15"        [_thread_blocked, id=25192, stack(0x00000008de900000,0x00000008dea00000) (1024K)]
  0x000001350a8b6d20 JavaThread "Build operations Thread 16"        [_thread_blocked, id=11756, stack(0x00000008dea00000,0x00000008deb00000) (1024K)]
  0x0000013504911400 JavaThread "WorkerExecutor Queue"              [_thread_in_native, id=20740, stack(0x00000008deb00000,0x00000008dec00000) (1024K)]
  0x0000013504910c30 JavaThread "RMI Scheduler(0)"           daemon [_thread_blocked, id=16152, stack(0x00000008dec00000,0x00000008ded00000) (1024K)]
  0x0000013504915280 JavaThread "RMI RenewClean-[127.0.0.1:17377,org.jetbrains.kotlin.daemon.common.LoopbackNetworkInterface$ClientLoopbackSocketFactory@3bc3846b]" daemon [_thread_blocked, id=17588, stack(0x00000008ded00000,0x00000008dee00000) (1024K)]
  0x00000135049123a0 JavaThread "RMI GC Daemon"              daemon [_thread_blocked, id=18780, stack(0x00000008dee00000,0x00000008def00000) (1024K)]
  0x0000013504912b70 JavaThread "RMI TCP Accept-0"           daemon [_thread_in_native, id=24396, stack(0x00000008def00000,0x00000008df000000) (1024K)]
  0x00000135049169f0 JavaThread "RMI Reaper"                        [_thread_blocked, id=22320, stack(0x00000008df000000,0x00000008df100000) (1024K)]
  0x00000135049171c0 JavaThread "RMI TCP Connection(1)-127.0.0.1" daemon [_thread_in_native, id=22784, stack(0x00000008df100000,0x00000008df200000) (1024K)]
Total: 79

Other Threads:
=>0x000001357fa76ce0 VMThread "VM Thread"                           [id=12544, stack(0x00000008d9400000,0x00000008d9500000) (1024K)]
  0x000001357fa4d860 WatcherThread "VM Periodic Task Thread"        [id=308, stack(0x00000008d9300000,0x00000008d9400000) (1024K)]
  0x000001356775bb80 WorkerThread "GC Thread#0"                     [id=25776, stack(0x00000008d8e00000,0x00000008d8f00000) (1024K)]
  0x00000135054425a0 WorkerThread "GC Thread#1"                     [id=21768, stack(0x00000008da300000,0x00000008da400000) (1024K)]
  0x000001350557aa10 WorkerThread "GC Thread#2"                     [id=9368, stack(0x00000008da400000,0x00000008da500000) (1024K)]
  0x000001350557ae40 WorkerThread "GC Thread#3"                     [id=21448, stack(0x00000008da500000,0x00000008da600000) (1024K)]
  0x000001350557b270 WorkerThread "GC Thread#4"                     [id=2596, stack(0x00000008da600000,0x00000008da700000) (1024K)]
  0x0000013504273030 WorkerThread "GC Thread#5"                     [id=24820, stack(0x00000008da700000,0x00000008da800000) (1024K)]
  0x0000013505a9c030 WorkerThread "GC Thread#6"                     [id=15420, stack(0x00000008da900000,0x00000008daa00000) (1024K)]
  0x0000013505a99960 WorkerThread "GC Thread#7"                     [id=25304, stack(0x00000008daa00000,0x00000008dab00000) (1024K)]
  0x0000013505a9c480 WorkerThread "GC Thread#8"                     [id=4220, stack(0x00000008dab00000,0x00000008dac00000) (1024K)]
  0x0000013505a99db0 WorkerThread "GC Thread#9"                     [id=1664, stack(0x00000008dac00000,0x00000008dad00000) (1024K)]
  0x0000013505a9c8d0 WorkerThread "GC Thread#10"                    [id=16016, stack(0x00000008daf00000,0x00000008db000000) (1024K)]
  0x0000013505a9d170 WorkerThread "GC Thread#11"                    [id=11020, stack(0x00000008db000000,0x00000008db100000) (1024K)]
  0x0000013505a9d5c0 WorkerThread "GC Thread#12"                    [id=18256, stack(0x00000008db100000,0x00000008db200000) (1024K)]
  0x0000013567774db0 ConcurrentGCThread "G1 Main Marker"            [id=25440, stack(0x00000008d8f00000,0x00000008d9000000) (1024K)]
  0x0000013567776dd0 WorkerThread "G1 Conc#0"                       [id=25636, stack(0x00000008d9000000,0x00000008d9100000) (1024K)]
  0x0000013505a9de60 WorkerThread "G1 Conc#1"                       [id=19296, stack(0x00000008db200000,0x00000008db300000) (1024K)]
  0x0000013505a9e700 WorkerThread "G1 Conc#2"                       [id=3056, stack(0x00000008db300000,0x00000008db400000) (1024K)]
  0x000001357f916550 ConcurrentGCThread "G1 Refine#0"               [id=21980, stack(0x00000008d9100000,0x00000008d9200000) (1024K)]
  0x000001357f917060 ConcurrentGCThread "G1 Service"                [id=7580, stack(0x00000008d9200000,0x00000008d9300000) (1024K)]
Total: 21

Threads with active compile tasks:
C2 CompilerThread0  9992 12424       4       com.android.tools.r8.internal.dv::a (94 bytes)
C1 CompilerThread2  9992 12440 %     3       com.android.tools.r8.internal.dv::a @ 2914 (6696 bytes)
C2 CompilerThread1  9992 12411       4       com.android.tools.r8.internal.dv::a (4509 bytes)
Total: 3

VM state: at safepoint (normal execution)

VM Mutex/Monitor currently owned by a thread:  ([mutex/lock_event])
[0x00007ffec2134698] Threads_lock - owner thread: 0x000001357fa76ce0
[0x00007ffec2134818] Heap_lock - owner thread: 0x000001350a8affc0

Heap address: 0x0000000080000000, size: 2048 MB, Compressed Oops mode: 32-bit

CDS archive(s) not mapped
Compressed class space mapped at: 0x0000000039000000-0x0000000079000000, reserved size: 1073741824
UseCompressedClassPointers 1, UseCompactObjectHeaders 0
Narrow klass pointer bits 32, Max shift 3
Narrow klass base: 0x0000000000000000, Narrow klass shift: 0
Encoding Range: [0x0000000000000000 - 0x0000000100000000), (4294967296 bytes)
Klass Range:    [0x0000000039000000 - 0x0000000079000000), (1073741824 bytes)
Klass ID Range:  [956301312 - 2030043129) (1073741817)
No protection zone.

GC Precious Log:
 CardTable entry size: 512
 Card Set container configuration: InlinePtr #cards 5 size 8 Array Of Cards #cards 10 size 36 Howl #buckets 4 coarsen threshold 1843 Howl Bitmap #cards 512 size 80 coarsen threshold 460 Card regions per heap region 1 cards per card region 2048
 CPUs: 16 total, 16 available
 Memory: 7916M
 Large Page Support: Disabled
 NUMA Support: Disabled
 Compressed Oops: Enabled (32-bit)
 Heap Region Size: 1M
 Heap Min Capacity: 8M
 Heap Initial Capacity: 124M
 Heap Max Capacity: 2G
 Pre-touch: Disabled
 Parallel Workers: 13
 Concurrent Workers: 3
 Concurrent Refinement Workers: 13
 Periodic GC: Disabled

Heap:
 garbage-first heap   total reserved 2097152K, committed 367616K, used 249059K [0x0000000080000000, 0x0000000100000000)
  region size 1024K, 12 young (12288K), 12 survivors (12288K)

Heap Regions: E=young(eden), S=young(survivor), O=old, HS=humongous(starts), HC=humongous(continues), CS=collection set, F=free, TAMS=top-at-mark-start, PB=parsable bottom
|   0|0x0000000080000000, 0x0000000080100000, 0x0000000080100000|100%|HS|  |TAMS 0x0000000080000000| PB 0x0000000080000000| Complete |  0
|   1|0x0000000080100000, 0x0000000080200000, 0x0000000080200000|100%|HC|  |TAMS 0x0000000080100000| PB 0x0000000080100000| Complete |  0
|   2|0x0000000080200000, 0x0000000080300000, 0x0000000080300000|100%|HC|  |TAMS 0x0000000080200000| PB 0x0000000080200000| Complete |  0
|   3|0x0000000080300000, 0x0000000080400000, 0x0000000080400000|100%|HC|  |TAMS 0x0000000080300000| PB 0x0000000080300000| Complete |  0
|   4|0x0000000080400000, 0x0000000080500000, 0x0000000080500000|100%| O|  |TAMS 0x0000000080400000| PB 0x0000000080400000| Untracked |  0
|   5|0x0000000080500000, 0x0000000080600000, 0x0000000080600000|100%| O|  |TAMS 0x0000000080500000| PB 0x0000000080500000| Untracked |  0
|   6|0x0000000080600000, 0x0000000080700000, 0x0000000080700000|100%| O|  |TAMS 0x0000000080600000| PB 0x0000000080600000| Untracked |  0
|   7|0x0000000080700000, 0x0000000080800000, 0x0000000080800000|100%|HS|  |TAMS 0x0000000080700000| PB 0x0000000080700000| Complete |  0
|   8|0x0000000080800000, 0x0000000080900000, 0x0000000080900000|100%| O|  |TAMS 0x0000000080800000| PB 0x0000000080800000| Untracked |  0
|   9|0x0000000080900000, 0x0000000080a00000, 0x0000000080a00000|100%| O|  |TAMS 0x0000000080900000| PB 0x0000000080900000| Untracked |  0
|  10|0x0000000080a00000, 0x0000000080b00000, 0x0000000080b00000|100%| O|  |TAMS 0x0000000080a00000| PB 0x0000000080a00000| Untracked |  0
|  11|0x0000000080b00000, 0x0000000080c00000, 0x0000000080c00000|100%| O|  |TAMS 0x0000000080b00000| PB 0x0000000080b00000| Untracked |  0
|  12|0x0000000080c00000, 0x0000000080d00000, 0x0000000080d00000|100%| O|  |TAMS 0x0000000080c00000| PB 0x0000000080c00000| Untracked |  0
|  13|0x0000000080d00000, 0x0000000080e00000, 0x0000000080e00000|100%| O|  |TAMS 0x0000000080d00000| PB 0x0000000080d00000| Untracked |  0
|  14|0x0000000080e00000, 0x0000000080f00000, 0x0000000080f00000|100%| O|  |TAMS 0x0000000080e00000| PB 0x0000000080e00000| Untracked |  0
|  15|0x0000000080f00000, 0x0000000081000000, 0x0000000081000000|100%| O|  |TAMS 0x0000000080f00000| PB 0x0000000080f00000| Untracked |  0
|  16|0x0000000081000000, 0x0000000081100000, 0x0000000081100000|100%| O|  |TAMS 0x0000000081000000| PB 0x0000000081000000| Untracked |  0
|  17|0x0000000081100000, 0x0000000081200000, 0x0000000081200000|100%| O|  |TAMS 0x0000000081100000| PB 0x0000000081100000| Untracked |  0
|  18|0x0000000081200000, 0x0000000081300000, 0x0000000081300000|100%| O|  |TAMS 0x0000000081200000| PB 0x0000000081200000| Untracked |  0
|  19|0x0000000081300000, 0x0000000081400000, 0x0000000081400000|100%|HS|  |TAMS 0x0000000081300000| PB 0x0000000081300000| Complete |  0
|  20|0x0000000081400000, 0x0000000081500000, 0x0000000081500000|100%| O|  |TAMS 0x0000000081400000| PB 0x0000000081400000| Untracked |  0
|  21|0x0000000081500000, 0x0000000081600000, 0x0000000081600000|100%| O|  |TAMS 0x0000000081500000| PB 0x0000000081500000| Untracked |  0
|  22|0x0000000081600000, 0x0000000081700000, 0x0000000081700000|100%| O|  |TAMS 0x0000000081600000| PB 0x0000000081600000| Untracked |  0
|  23|0x0000000081700000, 0x0000000081800000, 0x0000000081800000|100%| O|  |TAMS 0x0000000081700000| PB 0x0000000081700000| Untracked |  0
|  24|0x0000000081800000, 0x0000000081900000, 0x0000000081900000|100%|HS|  |TAMS 0x0000000081800000| PB 0x0000000081800000| Complete |  0
|  25|0x0000000081900000, 0x0000000081a00000, 0x0000000081a00000|100%|HS|  |TAMS 0x0000000081900000| PB 0x0000000081900000| Complete |  0
|  26|0x0000000081a00000, 0x0000000081b00000, 0x0000000081b00000|100%| O|  |TAMS 0x0000000081a00000| PB 0x0000000081a00000| Untracked |  0
|  27|0x0000000081b00000, 0x0000000081c00000, 0x0000000081c00000|100%| O|  |TAMS 0x0000000081b00000| PB 0x0000000081b00000| Untracked |  0
|  28|0x0000000081c00000, 0x0000000081d00000, 0x0000000081d00000|100%|HS|  |TAMS 0x0000000081c00000| PB 0x0000000081c00000| Complete |  0
|  29|0x0000000081d00000, 0x0000000081e00000, 0x0000000081e00000|100%|HC|  |TAMS 0x0000000081d00000| PB 0x0000000081d00000| Complete |  0
|  30|0x0000000081e00000, 0x0000000081f00000, 0x0000000081f00000|100%|HS|  |TAMS 0x0000000081e00000| PB 0x0000000081e00000| Complete |  0
|  31|0x0000000081f00000, 0x0000000082000000, 0x0000000082000000|100%|HS|  |TAMS 0x0000000081f00000| PB 0x0000000081f00000| Complete |  0
|  32|0x0000000082000000, 0x0000000082100000, 0x0000000082100000|100%| O|  |TAMS 0x0000000082000000| PB 0x0000000082000000| Untracked |  0
|  33|0x0000000082100000, 0x0000000082200000, 0x0000000082200000|100%|HS|  |TAMS 0x0000000082100000| PB 0x0000000082100000| Complete |  0
|  34|0x0000000082200000, 0x0000000082300000, 0x0000000082300000|100%|HC|  |TAMS 0x0000000082200000| PB 0x0000000082200000| Complete |  0
|  35|0x0000000082300000, 0x0000000082400000, 0x0000000082400000|100%| O|  |TAMS 0x0000000082300000| PB 0x0000000082300000| Untracked |  0
|  36|0x0000000082400000, 0x0000000082500000, 0x0000000082500000|100%| O|  |TAMS 0x0000000082400000| PB 0x0000000082400000| Untracked |  0
|  37|0x0000000082500000, 0x0000000082600000, 0x0000000082600000|100%| O|  |TAMS 0x0000000082500000| PB 0x0000000082500000| Untracked |  0
|  38|0x0000000082600000, 0x0000000082700000, 0x0000000082700000|100%| O|  |TAMS 0x0000000082600000| PB 0x0000000082600000| Untracked |  0
|  39|0x0000000082700000, 0x0000000082800000, 0x0000000082800000|100%| O|  |TAMS 0x0000000082700000| PB 0x0000000082700000| Untracked |  0
|  40|0x0000000082800000, 0x0000000082900000, 0x0000000082900000|100%| O|  |TAMS 0x0000000082800000| PB 0x0000000082800000| Untracked |  0
|  41|0x0000000082900000, 0x0000000082a00000, 0x0000000082a00000|100%| O|  |TAMS 0x0000000082900000| PB 0x0000000082900000| Untracked |  0
|  42|0x0000000082a00000, 0x0000000082b00000, 0x0000000082b00000|100%| O|  |TAMS 0x0000000082a00000| PB 0x0000000082a00000| Untracked |  0
|  43|0x0000000082b00000, 0x0000000082c00000, 0x0000000082c00000|100%| O|  |TAMS 0x0000000082b00000| PB 0x0000000082b00000| Untracked |  0
|  44|0x0000000082c00000, 0x0000000082d00000, 0x0000000082d00000|100%| O|  |TAMS 0x0000000082c00000| PB 0x0000000082c00000| Untracked |  0
|  45|0x0000000082d00000, 0x0000000082e00000, 0x0000000082e00000|100%| O|  |TAMS 0x0000000082d00000| PB 0x0000000082d00000| Untracked |  0
|  46|0x0000000082e00000, 0x0000000082f00000, 0x0000000082f00000|100%|HS|  |TAMS 0x0000000082e00000| PB 0x0000000082e00000| Complete |  0
|  47|0x0000000082f00000, 0x0000000083000000, 0x0000000083000000|100%|HS|  |TAMS 0x0000000082f00000| PB 0x0000000082f00000| Complete |  0
|  48|0x0000000083000000, 0x0000000083100000, 0x0000000083100000|100%| O|  |TAMS 0x0000000083000000| PB 0x0000000083000000| Untracked |  0
|  49|0x0000000083100000, 0x0000000083200000, 0x0000000083200000|100%| O|  |TAMS 0x0000000083100000| PB 0x0000000083100000| Untracked |  0
|  50|0x0000000083200000, 0x0000000083300000, 0x0000000083300000|100%| O|  |TAMS 0x0000000083200000| PB 0x0000000083200000| Untracked |  0
|  51|0x0000000083300000, 0x0000000083400000, 0x0000000083400000|100%| O|  |TAMS 0x0000000083300000| PB 0x0000000083300000| Untracked |  0
|  52|0x0000000083400000, 0x0000000083500000, 0x0000000083500000|100%| O|  |TAMS 0x0000000083400000| PB 0x0000000083400000| Untracked |  0
|  53|0x0000000083500000, 0x0000000083600000, 0x0000000083600000|100%| O|  |TAMS 0x0000000083500000| PB 0x0000000083500000| Untracked |  0
|  54|0x0000000083600000, 0x0000000083700000, 0x0000000083700000|100%| O|  |TAMS 0x0000000083600000| PB 0x0000000083600000| Untracked |  0
|  55|0x0000000083700000, 0x0000000083800000, 0x0000000083800000|100%| O|  |TAMS 0x0000000083700000| PB 0x0000000083700000| Untracked |  0
|  56|0x0000000083800000, 0x0000000083900000, 0x0000000083900000|100%|HS|  |TAMS 0x0000000083800000| PB 0x0000000083800000| Complete |  0
|  57|0x0000000083900000, 0x0000000083a00000, 0x0000000083a00000|100%| O|  |TAMS 0x0000000083900000| PB 0x0000000083900000| Untracked |  0
|  58|0x0000000083a00000, 0x0000000083b00000, 0x0000000083b00000|100%| O|  |TAMS 0x0000000083a00000| PB 0x0000000083a00000| Untracked |  0
|  59|0x0000000083b00000, 0x0000000083c00000, 0x0000000083c00000|100%| O|  |TAMS 0x0000000083b00000| PB 0x0000000083b00000| Untracked |  0
|  60|0x0000000083c00000, 0x0000000083d00000, 0x0000000083d00000|100%| O|  |TAMS 0x0000000083c00000| PB 0x0000000083c00000| Untracked |  0
|  61|0x0000000083d00000, 0x0000000083e00000, 0x0000000083e00000|100%| O|  |TAMS 0x0000000083d00000| PB 0x0000000083d00000| Untracked |  0
|  62|0x0000000083e00000, 0x0000000083f00000, 0x0000000083f00000|100%| O|  |TAMS 0x0000000083e00000| PB 0x0000000083e00000| Untracked |  0
|  63|0x0000000083f00000, 0x0000000084000000, 0x0000000084000000|100%| O|  |TAMS 0x0000000083f00000| PB 0x0000000083f00000| Untracked |  0
|  64|0x0000000084000000, 0x0000000084100000, 0x0000000084100000|100%| O|  |TAMS 0x0000000084000000| PB 0x0000000084000000| Untracked |  0
|  65|0x0000000084100000, 0x0000000084200000, 0x0000000084200000|100%| O|  |TAMS 0x0000000084100000| PB 0x0000000084100000| Untracked |  0
|  66|0x0000000084200000, 0x0000000084300000, 0x0000000084300000|100%| O|  |TAMS 0x0000000084200000| PB 0x0000000084200000| Untracked |  0
|  67|0x0000000084300000, 0x0000000084400000, 0x0000000084400000|100%| O|  |TAMS 0x0000000084300000| PB 0x0000000084300000| Untracked |  0
|  68|0x0000000084400000, 0x0000000084500000, 0x0000000084500000|100%| O|  |TAMS 0x0000000084400000| PB 0x0000000084400000| Untracked |  0
|  69|0x0000000084500000, 0x0000000084600000, 0x0000000084600000|100%| O|  |TAMS 0x0000000084500000| PB 0x0000000084500000| Untracked |  0
|  70|0x0000000084600000, 0x0000000084700000, 0x0000000084700000|100%| O|  |TAMS 0x0000000084600000| PB 0x0000000084600000| Untracked |  0
|  71|0x0000000084700000, 0x0000000084800000, 0x0000000084800000|100%| O|  |TAMS 0x0000000084700000| PB 0x0000000084700000| Untracked |  0
|  72|0x0000000084800000, 0x0000000084900000, 0x0000000084900000|100%| O|  |TAMS 0x0000000084800000| PB 0x0000000084800000| Untracked |  0
|  73|0x0000000084900000, 0x0000000084a00000, 0x0000000084a00000|100%| O|  |TAMS 0x0000000084900000| PB 0x0000000084900000| Untracked |  0
|  74|0x0000000084a00000, 0x0000000084b00000, 0x0000000084b00000|100%|HS|  |TAMS 0x0000000084a00000| PB 0x0000000084a00000| Complete |  0
|  75|0x0000000084b00000, 0x0000000084c00000, 0x0000000084c00000|100%|HC|  |TAMS 0x0000000084b00000| PB 0x0000000084b00000| Complete |  0
|  76|0x0000000084c00000, 0x0000000084d00000, 0x0000000084d00000|100%| O|  |TAMS 0x0000000084c00000| PB 0x0000000084c00000| Untracked |  0
|  77|0x0000000084d00000, 0x0000000084e00000, 0x0000000084e00000|100%| O|  |TAMS 0x0000000084d00000| PB 0x0000000084d00000| Untracked |  0
|  78|0x0000000084e00000, 0x0000000084f00000, 0x0000000084f00000|100%| O|  |TAMS 0x0000000084e00000| PB 0x0000000084e00000| Untracked |  0
|  79|0x0000000084f00000, 0x0000000085000000, 0x0000000085000000|100%| O|  |TAMS 0x0000000084f00000| PB 0x0000000084f00000| Untracked |  0
|  80|0x0000000085000000, 0x0000000085100000, 0x0000000085100000|100%| O|  |TAMS 0x0000000085000000| PB 0x0000000085000000| Untracked |  0
|  81|0x0000000085100000, 0x0000000085200000, 0x0000000085200000|100%| O|  |TAMS 0x0000000085100000| PB 0x0000000085100000| Untracked |  0
|  82|0x0000000085200000, 0x0000000085300000, 0x0000000085300000|100%| O|  |TAMS 0x0000000085200000| PB 0x0000000085200000| Untracked |  0
|  83|0x0000000085300000, 0x0000000085400000, 0x0000000085400000|100%| O|  |TAMS 0x0000000085300000| PB 0x0000000085300000| Untracked |  0
|  84|0x0000000085400000, 0x0000000085500000, 0x0000000085500000|100%| O|  |TAMS 0x0000000085400000| PB 0x0000000085400000| Untracked |  0
|  85|0x0000000085500000, 0x0000000085600000, 0x0000000085600000|100%| O|  |TAMS 0x0000000085500000| PB 0x0000000085500000| Untracked |  0
|  86|0x0000000085600000, 0x0000000085700000, 0x0000000085700000|100%| O|  |TAMS 0x0000000085600000| PB 0x0000000085600000| Untracked |  0
|  87|0x0000000085700000, 0x0000000085800000, 0x0000000085800000|100%| O|  |TAMS 0x0000000085700000| PB 0x0000000085700000| Untracked |  0
|  88|0x0000000085800000, 0x0000000085900000, 0x0000000085900000|100%| O|  |TAMS 0x0000000085800000| PB 0x0000000085800000| Untracked |  0
|  89|0x0000000085900000, 0x0000000085a00000, 0x0000000085a00000|100%| O|  |TAMS 0x0000000085900000| PB 0x0000000085900000| Untracked |  0
|  90|0x0000000085a00000, 0x0000000085b00000, 0x0000000085b00000|100%| O|  |TAMS 0x0000000085a00000| PB 0x0000000085a00000| Untracked |  0
|  91|0x0000000085b00000, 0x0000000085c00000, 0x0000000085c00000|100%| O|  |TAMS 0x0000000085b00000| PB 0x0000000085b00000| Untracked |  0
|  92|0x0000000085c00000, 0x0000000085d00000, 0x0000000085d00000|100%| O|  |TAMS 0x0000000085c00000| PB 0x0000000085c00000| Untracked |  0
|  93|0x0000000085d00000, 0x0000000085e00000, 0x0000000085e00000|100%| O|  |TAMS 0x0000000085d00000| PB 0x0000000085d00000| Untracked |  0
|  94|0x0000000085e00000, 0x0000000085f00000, 0x0000000085f00000|100%| O|  |TAMS 0x0000000085e00000| PB 0x0000000085e00000| Untracked |  0
|  95|0x0000000085f00000, 0x0000000086000000, 0x0000000086000000|100%| O|  |TAMS 0x0000000085f00000| PB 0x0000000085f00000| Untracked |  0
|  96|0x0000000086000000, 0x0000000086100000, 0x0000000086100000|100%| O|  |TAMS 0x0000000086000000| PB 0x0000000086000000| Untracked |  0
|  97|0x0000000086100000, 0x0000000086200000, 0x0000000086200000|100%| O|  |TAMS 0x0000000086100000| PB 0x0000000086100000| Untracked |  0
|  98|0x0000000086200000, 0x0000000086300000, 0x0000000086300000|100%| O|  |TAMS 0x0000000086200000| PB 0x0000000086200000| Untracked |  0
|  99|0x0000000086300000, 0x0000000086400000, 0x0000000086400000|100%| O|  |TAMS 0x0000000086300000| PB 0x0000000086300000| Untracked |  0
| 100|0x0000000086400000, 0x0000000086500000, 0x0000000086500000|100%| O|  |TAMS 0x0000000086400000| PB 0x0000000086400000| Untracked |  0
| 101|0x0000000086500000, 0x0000000086600000, 0x0000000086600000|100%| O|  |TAMS 0x0000000086500000| PB 0x0000000086500000| Untracked |  0
| 102|0x0000000086600000, 0x0000000086700000, 0x0000000086700000|100%| O|  |TAMS 0x0000000086600000| PB 0x0000000086600000| Untracked |  0
| 103|0x0000000086700000, 0x0000000086800000, 0x0000000086800000|100%| O|  |TAMS 0x0000000086700000| PB 0x0000000086700000| Untracked |  0
| 104|0x0000000086800000, 0x0000000086900000, 0x0000000086900000|100%| O|  |TAMS 0x0000000086800000| PB 0x0000000086800000| Untracked |  0
| 105|0x0000000086900000, 0x0000000086a00000, 0x0000000086a00000|100%| O|  |TAMS 0x0000000086900000| PB 0x0000000086900000| Untracked |  0
| 106|0x0000000086a00000, 0x0000000086b00000, 0x0000000086b00000|100%| O|  |TAMS 0x0000000086a00000| PB 0x0000000086a00000| Untracked |  0
| 107|0x0000000086b00000, 0x0000000086c00000, 0x0000000086c00000|100%| O|  |TAMS 0x0000000086b00000| PB 0x0000000086b00000| Untracked |  0
| 108|0x0000000086c00000, 0x0000000086d00000, 0x0000000086d00000|100%| O|  |TAMS 0x0000000086c00000| PB 0x0000000086c00000| Untracked |  0
| 109|0x0000000086d00000, 0x0000000086e00000, 0x0000000086e00000|100%| O|  |TAMS 0x0000000086d00000| PB 0x0000000086d00000| Untracked |  0
| 110|0x0000000086e00000, 0x0000000086f00000, 0x0000000086f00000|100%| O|  |TAMS 0x0000000086e00000| PB 0x0000000086e00000| Untracked |  0
| 111|0x0000000086f00000, 0x0000000087000000, 0x0000000087000000|100%| O|  |TAMS 0x0000000086f00000| PB 0x0000000086f00000| Untracked |  0
| 112|0x0000000087000000, 0x0000000087100000, 0x0000000087100000|100%| O|  |TAMS 0x0000000087000000| PB 0x0000000087000000| Untracked |  0
| 113|0x0000000087100000, 0x0000000087200000, 0x0000000087200000|100%| O|  |TAMS 0x0000000087100000| PB 0x0000000087100000| Untracked |  0
| 114|0x0000000087200000, 0x0000000087300000, 0x0000000087300000|100%| O|  |TAMS 0x0000000087200000| PB 0x0000000087200000| Untracked |  0
| 115|0x0000000087300000, 0x0000000087400000, 0x0000000087400000|100%| O|  |TAMS 0x0000000087300000| PB 0x0000000087300000| Untracked |  0
| 116|0x0000000087400000, 0x0000000087500000, 0x0000000087500000|100%| O|  |TAMS 0x0000000087400000| PB 0x0000000087400000| Untracked |  0
| 117|0x0000000087500000, 0x0000000087600000, 0x0000000087600000|100%| O|  |TAMS 0x0000000087500000| PB 0x0000000087500000| Untracked |  0
| 118|0x0000000087600000, 0x0000000087700000, 0x0000000087700000|100%| O|  |TAMS 0x0000000087600000| PB 0x0000000087600000| Untracked |  0
| 119|0x0000000087700000, 0x0000000087800000, 0x0000000087800000|100%| O|  |TAMS 0x0000000087700000| PB 0x0000000087700000| Untracked |  0
| 120|0x0000000087800000, 0x0000000087900000, 0x0000000087900000|100%| O|  |TAMS 0x0000000087800000| PB 0x0000000087800000| Untracked |  0
| 121|0x0000000087900000, 0x0000000087a00000, 0x0000000087a00000|100%| O|  |TAMS 0x0000000087900000| PB 0x0000000087900000| Untracked |  0
| 122|0x0000000087a00000, 0x0000000087b00000, 0x0000000087b00000|100%| O|  |TAMS 0x0000000087a00000| PB 0x0000000087a00000| Untracked |  0
| 123|0x0000000087b00000, 0x0000000087c00000, 0x0000000087c00000|100%| O|  |TAMS 0x0000000087b00000| PB 0x0000000087b00000| Untracked |  0
| 124|0x0000000087c00000, 0x0000000087d00000, 0x0000000087d00000|100%| O|  |TAMS 0x0000000087c00000| PB 0x0000000087c00000| Untracked |  0
| 125|0x0000000087d00000, 0x0000000087e00000, 0x0000000087e00000|100%| O|  |TAMS 0x0000000087d00000| PB 0x0000000087d00000| Untracked |  0
| 126|0x0000000087e00000, 0x0000000087f00000, 0x0000000087f00000|100%| O|  |TAMS 0x0000000087e00000| PB 0x0000000087e00000| Untracked |  0
| 127|0x0000000087f00000, 0x0000000088000000, 0x0000000088000000|100%| O|  |TAMS 0x0000000087f00000| PB 0x0000000087f00000| Untracked |  0
| 128|0x0000000088000000, 0x0000000088100000, 0x0000000088100000|100%| O|  |TAMS 0x0000000088000000| PB 0x0000000088000000| Untracked |  0
| 129|0x0000000088100000, 0x0000000088200000, 0x0000000088200000|100%| O|  |TAMS 0x0000000088100000| PB 0x0000000088100000| Untracked |  0
| 130|0x0000000088200000, 0x0000000088300000, 0x0000000088300000|100%| O|  |TAMS 0x0000000088200000| PB 0x0000000088200000| Untracked |  0
| 131|0x0000000088300000, 0x0000000088300000, 0x0000000088400000|  0%| F|  |TAMS 0x0000000088300000| PB 0x0000000088300000| Untracked |  0
| 132|0x0000000088400000, 0x0000000088500000, 0x0000000088500000|100%| O|  |TAMS 0x0000000088400000| PB 0x0000000088400000| Untracked |  0
| 133|0x0000000088500000, 0x0000000088600000, 0x0000000088600000|100%| O|  |TAMS 0x0000000088500000| PB 0x0000000088500000| Untracked |  0
| 134|0x0000000088600000, 0x0000000088700000, 0x0000000088700000|100%| O|  |TAMS 0x0000000088600000| PB 0x0000000088600000| Untracked |  0
| 135|0x0000000088700000, 0x0000000088800000, 0x0000000088800000|100%| O|  |TAMS 0x0000000088700000| PB 0x0000000088700000| Untracked |  0
| 136|0x0000000088800000, 0x0000000088900000, 0x0000000088900000|100%| O|  |TAMS 0x0000000088800000| PB 0x0000000088800000| Untracked |  0
| 137|0x0000000088900000, 0x0000000088a00000, 0x0000000088a00000|100%| O|  |TAMS 0x0000000088900000| PB 0x0000000088900000| Untracked |  0
| 138|0x0000000088a00000, 0x0000000088b00000, 0x0000000088b00000|100%| O|  |TAMS 0x0000000088a00000| PB 0x0000000088a00000| Untracked |  0
| 139|0x0000000088b00000, 0x0000000088c00000, 0x0000000088c00000|100%| O|  |TAMS 0x0000000088b00000| PB 0x0000000088b00000| Untracked |  0
| 140|0x0000000088c00000, 0x0000000088d00000, 0x0000000088d00000|100%| O|  |TAMS 0x0000000088c00000| PB 0x0000000088c00000| Untracked |  0
| 141|0x0000000088d00000, 0x0000000088e00000, 0x0000000088e00000|100%| O|  |TAMS 0x0000000088d00000| PB 0x0000000088d00000| Untracked |  0
| 142|0x0000000088e00000, 0x0000000088f00000, 0x0000000088f00000|100%| O|  |TAMS 0x0000000088e00000| PB 0x0000000088e00000| Untracked |  0
| 143|0x0000000088f00000, 0x0000000089000000, 0x0000000089000000|100%| O|  |TAMS 0x0000000088f00000| PB 0x0000000088f00000| Untracked |  0
| 144|0x0000000089000000, 0x0000000089100000, 0x0000000089100000|100%| O|  |TAMS 0x0000000089000000| PB 0x0000000089000000| Untracked |  0
| 145|0x0000000089100000, 0x0000000089200000, 0x0000000089200000|100%| O|  |TAMS 0x0000000089100000| PB 0x0000000089100000| Untracked |  0
| 146|0x0000000089200000, 0x0000000089300000, 0x0000000089300000|100%| O|  |TAMS 0x0000000089200000| PB 0x0000000089200000| Untracked |  0
| 147|0x0000000089300000, 0x0000000089400000, 0x0000000089400000|100%| O|  |TAMS 0x0000000089300000| PB 0x0000000089300000| Untracked |  0
| 148|0x0000000089400000, 0x0000000089500000, 0x0000000089500000|100%| O|  |TAMS 0x0000000089400000| PB 0x0000000089400000| Untracked |  0
| 149|0x0000000089500000, 0x0000000089600000, 0x0000000089600000|100%| O|  |TAMS 0x0000000089500000| PB 0x0000000089500000| Untracked |  0
| 150|0x0000000089600000, 0x0000000089700000, 0x0000000089700000|100%| O|  |TAMS 0x0000000089600000| PB 0x0000000089600000| Untracked |  0
| 151|0x0000000089700000, 0x0000000089800000, 0x0000000089800000|100%| O|  |TAMS 0x0000000089700000| PB 0x0000000089700000| Untracked |  0
| 152|0x0000000089800000, 0x0000000089900000, 0x0000000089900000|100%| O|  |TAMS 0x0000000089800000| PB 0x0000000089800000| Untracked |  0
| 153|0x0000000089900000, 0x0000000089a00000, 0x0000000089a00000|100%| O|  |TAMS 0x0000000089900000| PB 0x0000000089900000| Untracked |  0
| 154|0x0000000089a00000, 0x0000000089b00000, 0x0000000089b00000|100%| O|  |TAMS 0x0000000089a00000| PB 0x0000000089a00000| Untracked |  0
| 155|0x0000000089b00000, 0x0000000089c00000, 0x0000000089c00000|100%| O|  |TAMS 0x0000000089b00000| PB 0x0000000089b00000| Untracked |  0
| 156|0x0000000089c00000, 0x0000000089d00000, 0x0000000089d00000|100%| O|  |TAMS 0x0000000089c00000| PB 0x0000000089c00000| Untracked |  0
| 157|0x0000000089d00000, 0x0000000089e00000, 0x0000000089e00000|100%| O|  |TAMS 0x0000000089d00000| PB 0x0000000089d00000| Untracked |  0
| 158|0x0000000089e00000, 0x0000000089f00000, 0x0000000089f00000|100%| O|  |TAMS 0x0000000089e00000| PB 0x0000000089e00000| Untracked |  0
| 159|0x0000000089f00000, 0x0000000089f00000, 0x000000008a000000|  0%| F|  |TAMS 0x0000000089f00000| PB 0x0000000089f00000| Untracked |  0
| 160|0x000000008a000000, 0x000000008a000000, 0x000000008a100000|  0%| F|  |TAMS 0x000000008a000000| PB 0x000000008a000000| Untracked |  0
| 161|0x000000008a100000, 0x000000008a200000, 0x000000008a200000|100%| O|  |TAMS 0x000000008a100000| PB 0x000000008a100000| Untracked |  0
| 162|0x000000008a200000, 0x000000008a300000, 0x000000008a300000|100%| O|  |TAMS 0x000000008a200000| PB 0x000000008a200000| Untracked |  0
| 163|0x000000008a300000, 0x000000008a400000, 0x000000008a400000|100%| O|  |TAMS 0x000000008a300000| PB 0x000000008a300000| Untracked |  0
| 164|0x000000008a400000, 0x000000008a500000, 0x000000008a500000|100%| O|  |TAMS 0x000000008a400000| PB 0x000000008a400000| Untracked |  0
| 165|0x000000008a500000, 0x000000008a600000, 0x000000008a600000|100%| O|  |TAMS 0x000000008a500000| PB 0x000000008a500000| Untracked |  0
| 166|0x000000008a600000, 0x000000008a700000, 0x000000008a700000|100%| O|  |TAMS 0x000000008a600000| PB 0x000000008a600000| Untracked |  0
| 167|0x000000008a700000, 0x000000008a800000, 0x000000008a800000|100%| O|  |TAMS 0x000000008a700000| PB 0x000000008a700000| Untracked |  0
| 168|0x000000008a800000, 0x000000008a900000, 0x000000008a900000|100%| O|  |TAMS 0x000000008a800000| PB 0x000000008a800000| Untracked |  0
| 169|0x000000008a900000, 0x000000008aa00000, 0x000000008aa00000|100%| O|  |TAMS 0x000000008a900000| PB 0x000000008a900000| Untracked |  0
| 170|0x000000008aa00000, 0x000000008ab00000, 0x000000008ab00000|100%| O|  |TAMS 0x000000008aa00000| PB 0x000000008aa00000| Untracked |  0
| 171|0x000000008ab00000, 0x000000008ac00000, 0x000000008ac00000|100%| O|  |TAMS 0x000000008ab00000| PB 0x000000008ab00000| Untracked |  0
| 172|0x000000008ac00000, 0x000000008ad00000, 0x000000008ad00000|100%| O|  |TAMS 0x000000008ac00000| PB 0x000000008ac00000| Untracked |  0
| 173|0x000000008ad00000, 0x000000008ae00000, 0x000000008ae00000|100%| O|  |TAMS 0x000000008ad00000| PB 0x000000008ad00000| Untracked |  0
| 174|0x000000008ae00000, 0x000000008ae00000, 0x000000008af00000|  0%| F|  |TAMS 0x000000008ae00000| PB 0x000000008ae00000| Untracked |  0
| 175|0x000000008af00000, 0x000000008b000000, 0x000000008b000000|100%| O|  |TAMS 0x000000008af00000| PB 0x000000008af00000| Untracked |  0
| 176|0x000000008b000000, 0x000000008b100000, 0x000000008b100000|100%| O|  |TAMS 0x000000008b000000| PB 0x000000008b000000| Untracked |  0
| 177|0x000000008b100000, 0x000000008b200000, 0x000000008b200000|100%| O|  |TAMS 0x000000008b100000| PB 0x000000008b100000| Untracked |  0
| 178|0x000000008b200000, 0x000000008b300000, 0x000000008b300000|100%| O|  |TAMS 0x000000008b200000| PB 0x000000008b200000| Untracked |  0
| 179|0x000000008b300000, 0x000000008b400000, 0x000000008b400000|100%| O|  |TAMS 0x000000008b300000| PB 0x000000008b300000| Untracked |  0
| 180|0x000000008b400000, 0x000000008b500000, 0x000000008b500000|100%| O|  |TAMS 0x000000008b400000| PB 0x000000008b400000| Untracked |  0
| 181|0x000000008b500000, 0x000000008b600000, 0x000000008b600000|100%| O|  |TAMS 0x000000008b500000| PB 0x000000008b500000| Untracked |  0
| 182|0x000000008b600000, 0x000000008b700000, 0x000000008b700000|100%| O|  |TAMS 0x000000008b600000| PB 0x000000008b600000| Untracked |  0
| 183|0x000000008b700000, 0x000000008b800000, 0x000000008b800000|100%| O|  |TAMS 0x000000008b700000| PB 0x000000008b700000| Untracked |  0
| 184|0x000000008b800000, 0x000000008b900000, 0x000000008b900000|100%| O|  |TAMS 0x000000008b800000| PB 0x000000008b800000| Untracked |  0
| 185|0x000000008b900000, 0x000000008b900000, 0x000000008ba00000|  0%| F|  |TAMS 0x000000008b900000| PB 0x000000008b900000| Untracked |  0
| 186|0x000000008ba00000, 0x000000008bb00000, 0x000000008bb00000|100%| O|  |TAMS 0x000000008ba00000| PB 0x000000008ba00000| Untracked |  0
| 187|0x000000008bb00000, 0x000000008bc00000, 0x000000008bc00000|100%| O|  |TAMS 0x000000008bb00000| PB 0x000000008bb00000| Untracked |  0
| 188|0x000000008bc00000, 0x000000008bd00000, 0x000000008bd00000|100%| O|  |TAMS 0x000000008bc00000| PB 0x000000008bc00000| Untracked |  0
| 189|0x000000008bd00000, 0x000000008be00000, 0x000000008be00000|100%| O|  |TAMS 0x000000008bd00000| PB 0x000000008bd00000| Untracked |  0
| 190|0x000000008be00000, 0x000000008bf00000, 0x000000008bf00000|100%| O|  |TAMS 0x000000008be00000| PB 0x000000008be00000| Untracked |  0
| 191|0x000000008bf00000, 0x000000008c000000, 0x000000008c000000|100%| O|  |TAMS 0x000000008bf00000| PB 0x000000008bf00000| Untracked |  0
| 192|0x000000008c000000, 0x000000008c100000, 0x000000008c100000|100%| O|  |TAMS 0x000000008c000000| PB 0x000000008c000000| Untracked |  0
| 193|0x000000008c100000, 0x000000008c200000, 0x000000008c200000|100%| O|  |TAMS 0x000000008c100000| PB 0x000000008c100000| Untracked |  0
| 194|0x000000008c200000, 0x000000008c300000, 0x000000008c300000|100%| O|  |TAMS 0x000000008c200000| PB 0x000000008c200000| Untracked |  0
| 195|0x000000008c300000, 0x000000008c400000, 0x000000008c400000|100%| O|  |TAMS 0x000000008c300000| PB 0x000000008c300000| Untracked |  0
| 196|0x000000008c400000, 0x000000008c500000, 0x000000008c500000|100%| O|  |TAMS 0x000000008c400000| PB 0x000000008c400000| Untracked |  0
| 197|0x000000008c500000, 0x000000008c600000, 0x000000008c600000|100%| O|  |TAMS 0x000000008c500000| PB 0x000000008c500000| Untracked |  0
| 198|0x000000008c600000, 0x000000008c700000, 0x000000008c700000|100%| O|  |TAMS 0x000000008c600000| PB 0x000000008c600000| Untracked |  0
| 199|0x000000008c700000, 0x000000008c800000, 0x000000008c800000|100%| O|  |TAMS 0x000000008c700000| PB 0x000000008c700000| Untracked |  0
| 200|0x000000008c800000, 0x000000008c900000, 0x000000008c900000|100%| O|  |TAMS 0x000000008c800000| PB 0x000000008c800000| Untracked |  0
| 201|0x000000008c900000, 0x000000008ca00000, 0x000000008ca00000|100%| O|  |TAMS 0x000000008c900000| PB 0x000000008c900000| Untracked |  0
| 202|0x000000008ca00000, 0x000000008cb00000, 0x000000008cb00000|100%| O|  |TAMS 0x000000008ca00000| PB 0x000000008ca00000| Untracked |  0
| 203|0x000000008cb00000, 0x000000008cc00000, 0x000000008cc00000|100%| O|  |TAMS 0x000000008cb00000| PB 0x000000008cb00000| Untracked |  0
| 204|0x000000008cc00000, 0x000000008cd00000, 0x000000008cd00000|100%| O|  |TAMS 0x000000008cc00000| PB 0x000000008cc00000| Untracked |  0
| 205|0x000000008cd00000, 0x000000008ce00000, 0x000000008ce00000|100%| O|  |TAMS 0x000000008cd00000| PB 0x000000008cd00000| Untracked |  0
| 206|0x000000008ce00000, 0x000000008cf00000, 0x000000008cf00000|100%| O|  |TAMS 0x000000008ce00000| PB 0x000000008ce00000| Untracked |  0
| 207|0x000000008cf00000, 0x000000008d000000, 0x000000008d000000|100%| O|  |TAMS 0x000000008cf00000| PB 0x000000008cf00000| Untracked |  0
| 208|0x000000008d000000, 0x000000008d100000, 0x000000008d100000|100%| O|  |TAMS 0x000000008d000000| PB 0x000000008d000000| Untracked |  0
| 209|0x000000008d100000, 0x000000008d200000, 0x000000008d200000|100%| O|  |TAMS 0x000000008d100000| PB 0x000000008d100000| Untracked |  0
| 210|0x000000008d200000, 0x000000008d300000, 0x000000008d300000|100%| O|  |TAMS 0x000000008d200000| PB 0x000000008d200000| Untracked |  0
| 211|0x000000008d300000, 0x000000008d400000, 0x000000008d400000|100%| O|  |TAMS 0x000000008d300000| PB 0x000000008d300000| Untracked |  0
| 212|0x000000008d400000, 0x000000008d500000, 0x000000008d500000|100%| O|  |TAMS 0x000000008d400000| PB 0x000000008d400000| Untracked |  0
| 213|0x000000008d500000, 0x000000008d600000, 0x000000008d600000|100%| O|  |TAMS 0x000000008d500000| PB 0x000000008d500000| Untracked |  0
| 214|0x000000008d600000, 0x000000008d700000, 0x000000008d700000|100%| O|  |TAMS 0x000000008d600000| PB 0x000000008d600000| Untracked |  0
| 215|0x000000008d700000, 0x000000008d800000, 0x000000008d800000|100%| O|  |TAMS 0x000000008d700000| PB 0x000000008d700000| Untracked |  0
| 216|0x000000008d800000, 0x000000008d900000, 0x000000008d900000|100%| O|  |TAMS 0x000000008d800000| PB 0x000000008d800000| Untracked |  0
| 217|0x000000008d900000, 0x000000008da00000, 0x000000008da00000|100%| O|  |TAMS 0x000000008d900000| PB 0x000000008d900000| Untracked |  0
| 218|0x000000008da00000, 0x000000008db00000, 0x000000008db00000|100%| O|  |TAMS 0x000000008da00000| PB 0x000000008da00000| Untracked |  0
| 219|0x000000008db00000, 0x000000008dc00000, 0x000000008dc00000|100%| O|  |TAMS 0x000000008db00000| PB 0x000000008db00000| Untracked |  0
| 220|0x000000008dc00000, 0x000000008dd00000, 0x000000008dd00000|100%| O|  |TAMS 0x000000008dc00000| PB 0x000000008dc00000| Untracked |  0
| 221|0x000000008dd00000, 0x000000008de00000, 0x000000008de00000|100%| O|  |TAMS 0x000000008dd00000| PB 0x000000008dd00000| Untracked |  0
| 222|0x000000008de00000, 0x000000008df00000, 0x000000008df00000|100%| O|  |TAMS 0x000000008de00000| PB 0x000000008de00000| Untracked |  0
| 223|0x000000008df00000, 0x000000008e000000, 0x000000008e000000|100%| O|  |TAMS 0x000000008df00000| PB 0x000000008df00000| Untracked |  0
| 224|0x000000008e000000, 0x000000008e100000, 0x000000008e100000|100%| O|  |TAMS 0x000000008e000000| PB 0x000000008e000000| Untracked |  0
| 225|0x000000008e100000, 0x000000008e200000, 0x000000008e200000|100%| O|  |TAMS 0x000000008e100000| PB 0x000000008e100000| Untracked |  0
| 226|0x000000008e200000, 0x000000008e300000, 0x000000008e300000|100%| O|  |TAMS 0x000000008e200000| PB 0x000000008e200000| Untracked |  0
| 227|0x000000008e300000, 0x000000008e400000, 0x000000008e400000|100%| O|  |TAMS 0x000000008e300000| PB 0x000000008e300000| Untracked |  0
| 228|0x000000008e400000, 0x000000008e500000, 0x000000008e500000|100%| O|  |TAMS 0x000000008e400000| PB 0x000000008e400000| Untracked |  0
| 229|0x000000008e500000, 0x000000008e600000, 0x000000008e600000|100%| O|  |TAMS 0x000000008e500000| PB 0x000000008e500000| Untracked |  0
| 230|0x000000008e600000, 0x000000008e700000, 0x000000008e700000|100%| O|  |TAMS 0x000000008e600000| PB 0x000000008e600000| Untracked |  0
| 231|0x000000008e700000, 0x000000008e738e40, 0x000000008e800000| 22%| O|  |TAMS 0x000000008e700000| PB 0x000000008e700000| Untracked |  0
| 232|0x000000008e800000, 0x000000008e800000, 0x000000008e900000|  0%| F|  |TAMS 0x000000008e800000| PB 0x000000008e800000| Untracked |  0
| 233|0x000000008e900000, 0x000000008e900000, 0x000000008ea00000|  0%| F|  |TAMS 0x000000008e900000| PB 0x000000008e900000| Untracked |  0
| 234|0x000000008ea00000, 0x000000008ea00000, 0x000000008eb00000|  0%| F|  |TAMS 0x000000008ea00000| PB 0x000000008ea00000| Untracked |  0
| 235|0x000000008eb00000, 0x000000008eb00000, 0x000000008ec00000|  0%| F|  |TAMS 0x000000008eb00000| PB 0x000000008eb00000| Untracked |  0
| 236|0x000000008ec00000, 0x000000008ec00000, 0x000000008ed00000|  0%| F|  |TAMS 0x000000008ec00000| PB 0x000000008ec00000| Untracked |  0
| 237|0x000000008ed00000, 0x000000008ed00000, 0x000000008ee00000|  0%| F|  |TAMS 0x000000008ed00000| PB 0x000000008ed00000| Untracked |  0
| 238|0x000000008ee00000, 0x000000008ee00000, 0x000000008ef00000|  0%| F|  |TAMS 0x000000008ee00000| PB 0x000000008ee00000| Untracked |  0
| 239|0x000000008ef00000, 0x000000008ef00000, 0x000000008f000000|  0%| F|  |TAMS 0x000000008ef00000| PB 0x000000008ef00000| Untracked |  0
| 240|0x000000008f000000, 0x000000008f000000, 0x000000008f100000|  0%| F|  |TAMS 0x000000008f000000| PB 0x000000008f000000| Untracked |  0
| 241|0x000000008f100000, 0x000000008f100000, 0x000000008f200000|  0%| F|  |TAMS 0x000000008f100000| PB 0x000000008f100000| Untracked |  0
| 242|0x000000008f200000, 0x000000008f200000, 0x000000008f300000|  0%| F|  |TAMS 0x000000008f200000| PB 0x000000008f200000| Untracked |  0
| 243|0x000000008f300000, 0x000000008f300000, 0x000000008f400000|  0%| F|  |TAMS 0x000000008f300000| PB 0x000000008f300000| Untracked |  0
| 244|0x000000008f400000, 0x000000008f400000, 0x000000008f500000|  0%| F|  |TAMS 0x000000008f400000| PB 0x000000008f400000| Untracked |  0
| 245|0x000000008f500000, 0x000000008f500000, 0x000000008f600000|  0%| F|  |TAMS 0x000000008f500000| PB 0x000000008f500000| Untracked |  0
| 246|0x000000008f600000, 0x000000008f600000, 0x000000008f700000|  0%| F|  |TAMS 0x000000008f600000| PB 0x000000008f600000| Untracked |  0
| 247|0x000000008f700000, 0x000000008f700000, 0x000000008f800000|  0%| F|  |TAMS 0x000000008f700000| PB 0x000000008f700000| Untracked |  0
| 248|0x000000008f800000, 0x000000008f900000, 0x000000008f900000|100%| S|CS|TAMS 0x000000008f800000| PB 0x000000008f800000| Complete |  0
| 249|0x000000008f900000, 0x000000008fa00000, 0x000000008fa00000|100%| S|CS|TAMS 0x000000008f900000| PB 0x000000008f900000| Complete |  0
| 250|0x000000008fa00000, 0x000000008fb00000, 0x000000008fb00000|100%| S|CS|TAMS 0x000000008fa00000| PB 0x000000008fa00000| Complete |  0
| 251|0x000000008fb00000, 0x000000008fc00000, 0x000000008fc00000|100%| S|CS|TAMS 0x000000008fb00000| PB 0x000000008fb00000| Complete |  0
| 252|0x000000008fc00000, 0x000000008fd00000, 0x000000008fd00000|100%| S|CS|TAMS 0x000000008fc00000| PB 0x000000008fc00000| Complete |  0
| 253|0x000000008fd00000, 0x000000008fe00000, 0x000000008fe00000|100%| S|CS|TAMS 0x000000008fd00000| PB 0x000000008fd00000| Complete |  0
| 254|0x000000008fe00000, 0x000000008ff00000, 0x000000008ff00000|100%| S|CS|TAMS 0x000000008fe00000| PB 0x000000008fe00000| Complete |  0
| 255|0x000000008ff00000, 0x0000000090000000, 0x0000000090000000|100%| S|CS|TAMS 0x000000008ff00000| PB 0x000000008ff00000| Complete |  0
| 256|0x0000000090000000, 0x0000000090100000, 0x0000000090100000|100%| S|CS|TAMS 0x0000000090000000| PB 0x0000000090000000| Complete |  0
| 257|0x0000000090100000, 0x0000000090200000, 0x0000000090200000|100%| S|CS|TAMS 0x0000000090100000| PB 0x0000000090100000| Complete |  0
| 258|0x0000000090200000, 0x0000000090300000, 0x0000000090300000|100%| S|CS|TAMS 0x0000000090200000| PB 0x0000000090200000| Complete |  0
| 259|0x0000000090300000, 0x0000000090400000, 0x0000000090400000|100%| S|CS|TAMS 0x0000000090300000| PB 0x0000000090300000| Complete |  0
| 260|0x0000000090400000, 0x0000000090400000, 0x0000000090500000|  0%| F|  |TAMS 0x0000000090400000| PB 0x0000000090400000| Untracked |  0
| 261|0x0000000090500000, 0x0000000090500000, 0x0000000090600000|  0%| F|  |TAMS 0x0000000090500000| PB 0x0000000090500000| Untracked |  0
| 262|0x0000000090600000, 0x0000000090600000, 0x0000000090700000|  0%| F|  |TAMS 0x0000000090600000| PB 0x0000000090600000| Untracked |  0
| 263|0x0000000090700000, 0x0000000090700000, 0x0000000090800000|  0%| F|  |TAMS 0x0000000090700000| PB 0x0000000090700000| Untracked |  0
| 264|0x0000000090800000, 0x0000000090800000, 0x0000000090900000|  0%| F|  |TAMS 0x0000000090800000| PB 0x0000000090800000| Untracked |  0
| 265|0x0000000090900000, 0x0000000090900000, 0x0000000090a00000|  0%| F|  |TAMS 0x0000000090900000| PB 0x0000000090900000| Untracked |  0
| 266|0x0000000090a00000, 0x0000000090a00000, 0x0000000090b00000|  0%| F|  |TAMS 0x0000000090a00000| PB 0x0000000090a00000| Untracked |  0
| 267|0x0000000090b00000, 0x0000000090b00000, 0x0000000090c00000|  0%| F|  |TAMS 0x0000000090b00000| PB 0x0000000090b00000| Untracked |  0
| 268|0x0000000090c00000, 0x0000000090c00000, 0x0000000090d00000|  0%| F|  |TAMS 0x0000000090c00000| PB 0x0000000090c00000| Untracked |  0
| 269|0x0000000090d00000, 0x0000000090d00000, 0x0000000090e00000|  0%| F|  |TAMS 0x0000000090d00000| PB 0x0000000090d00000| Untracked |  0
| 270|0x0000000090e00000, 0x0000000090e00000, 0x0000000090f00000|  0%| F|  |TAMS 0x0000000090e00000| PB 0x0000000090e00000| Untracked |  0
| 271|0x0000000090f00000, 0x0000000090f00000, 0x0000000091000000|  0%| F|  |TAMS 0x0000000090f00000| PB 0x0000000090f00000| Untracked |  0
| 272|0x0000000091000000, 0x0000000091000000, 0x0000000091100000|  0%| F|  |TAMS 0x0000000091000000| PB 0x0000000091000000| Untracked |  0
| 273|0x0000000091100000, 0x0000000091100000, 0x0000000091200000|  0%| F|  |TAMS 0x0000000091100000| PB 0x0000000091100000| Untracked |  0
| 274|0x0000000091200000, 0x0000000091200000, 0x0000000091300000|  0%| F|  |TAMS 0x0000000091200000| PB 0x0000000091200000| Untracked |  0
| 275|0x0000000091300000, 0x0000000091300000, 0x0000000091400000|  0%| F|  |TAMS 0x0000000091300000| PB 0x0000000091300000| Untracked |  0
| 276|0x0000000091400000, 0x0000000091400000, 0x0000000091500000|  0%| F|  |TAMS 0x0000000091400000| PB 0x0000000091400000| Untracked |  0
| 277|0x0000000091500000, 0x0000000091500000, 0x0000000091600000|  0%| F|  |TAMS 0x0000000091500000| PB 0x0000000091500000| Untracked |  0
| 278|0x0000000091600000, 0x0000000091600000, 0x0000000091700000|  0%| F|  |TAMS 0x0000000091600000| PB 0x0000000091600000| Untracked |  0
| 279|0x0000000091700000, 0x0000000091700000, 0x0000000091800000|  0%| F|  |TAMS 0x0000000091700000| PB 0x0000000091700000| Untracked |  0
| 280|0x0000000091800000, 0x0000000091800000, 0x0000000091900000|  0%| F|  |TAMS 0x0000000091800000| PB 0x0000000091800000| Untracked |  0
| 281|0x0000000091900000, 0x0000000091900000, 0x0000000091a00000|  0%| F|  |TAMS 0x0000000091900000| PB 0x0000000091900000| Untracked |  0
| 282|0x0000000091a00000, 0x0000000091a00000, 0x0000000091b00000|  0%| F|  |TAMS 0x0000000091a00000| PB 0x0000000091a00000| Untracked |  0
| 283|0x0000000091b00000, 0x0000000091b00000, 0x0000000091c00000|  0%| F|  |TAMS 0x0000000091b00000| PB 0x0000000091b00000| Untracked |  0
| 284|0x0000000091c00000, 0x0000000091c00000, 0x0000000091d00000|  0%| F|  |TAMS 0x0000000091c00000| PB 0x0000000091c00000| Untracked |  0
| 285|0x0000000091d00000, 0x0000000091d00000, 0x0000000091e00000|  0%| F|  |TAMS 0x0000000091d00000| PB 0x0000000091d00000| Untracked |  0
| 286|0x0000000091e00000, 0x0000000091e00000, 0x0000000091f00000|  0%| F|  |TAMS 0x0000000091e00000| PB 0x0000000091e00000| Untracked |  0
| 287|0x0000000091f00000, 0x0000000091f00000, 0x0000000092000000|  0%| F|  |TAMS 0x0000000091f00000| PB 0x0000000091f00000| Untracked |  0
| 288|0x0000000092000000, 0x0000000092000000, 0x0000000092100000|  0%| F|  |TAMS 0x0000000092000000| PB 0x0000000092000000| Untracked |  0
| 289|0x0000000092100000, 0x0000000092100000, 0x0000000092200000|  0%| F|  |TAMS 0x0000000092100000| PB 0x0000000092100000| Untracked |  0
| 290|0x0000000092200000, 0x0000000092200000, 0x0000000092300000|  0%| F|  |TAMS 0x0000000092200000| PB 0x0000000092200000| Untracked |  0
| 291|0x0000000092300000, 0x0000000092300000, 0x0000000092400000|  0%| F|  |TAMS 0x0000000092300000| PB 0x0000000092300000| Untracked |  0
| 292|0x0000000092400000, 0x0000000092400000, 0x0000000092500000|  0%| F|  |TAMS 0x0000000092400000| PB 0x0000000092400000| Untracked |  0
| 293|0x0000000092500000, 0x0000000092500000, 0x0000000092600000|  0%| F|  |TAMS 0x0000000092500000| PB 0x0000000092500000| Untracked |  0
| 294|0x0000000092600000, 0x0000000092600000, 0x0000000092700000|  0%| F|  |TAMS 0x0000000092600000| PB 0x0000000092600000| Untracked |  0
| 295|0x0000000092700000, 0x0000000092700000, 0x0000000092800000|  0%| F|  |TAMS 0x0000000092700000| PB 0x0000000092700000| Untracked |  0
| 296|0x0000000092800000, 0x0000000092800000, 0x0000000092900000|  0%| F|  |TAMS 0x0000000092800000| PB 0x0000000092800000| Untracked |  0
| 297|0x0000000092900000, 0x0000000092900000, 0x0000000092a00000|  0%| F|  |TAMS 0x0000000092900000| PB 0x0000000092900000| Untracked |  0
| 298|0x0000000092a00000, 0x0000000092a00000, 0x0000000092b00000|  0%| F|  |TAMS 0x0000000092a00000| PB 0x0000000092a00000| Untracked |  0
| 299|0x0000000092b00000, 0x0000000092b00000, 0x0000000092c00000|  0%| F|  |TAMS 0x0000000092b00000| PB 0x0000000092b00000| Untracked |  0
| 300|0x0000000092c00000, 0x0000000092c00000, 0x0000000092d00000|  0%| F|  |TAMS 0x0000000092c00000| PB 0x0000000092c00000| Untracked |  0
| 301|0x0000000092d00000, 0x0000000092d00000, 0x0000000092e00000|  0%| F|  |TAMS 0x0000000092d00000| PB 0x0000000092d00000| Untracked |  0
| 302|0x0000000092e00000, 0x0000000092e00000, 0x0000000092f00000|  0%| F|  |TAMS 0x0000000092e00000| PB 0x0000000092e00000| Untracked |  0
| 303|0x0000000092f00000, 0x0000000092f00000, 0x0000000093000000|  0%| F|  |TAMS 0x0000000092f00000| PB 0x0000000092f00000| Untracked |  0
| 304|0x0000000093000000, 0x0000000093000000, 0x0000000093100000|  0%| F|  |TAMS 0x0000000093000000| PB 0x0000000093000000| Untracked |  0
| 305|0x0000000093100000, 0x0000000093100000, 0x0000000093200000|  0%| F|  |TAMS 0x0000000093100000| PB 0x0000000093100000| Untracked |  0
| 306|0x0000000093200000, 0x0000000093200000, 0x0000000093300000|  0%| F|  |TAMS 0x0000000093200000| PB 0x0000000093200000| Untracked |  0
| 307|0x0000000093300000, 0x0000000093300000, 0x0000000093400000|  0%| F|  |TAMS 0x0000000093300000| PB 0x0000000093300000| Untracked |  0
| 308|0x0000000093400000, 0x0000000093400000, 0x0000000093500000|  0%| F|  |TAMS 0x0000000093400000| PB 0x0000000093400000| Untracked |  0
| 309|0x0000000093500000, 0x0000000093500000, 0x0000000093600000|  0%| F|  |TAMS 0x0000000093500000| PB 0x0000000093500000| Untracked |  0
| 310|0x0000000093600000, 0x0000000093600000, 0x0000000093700000|  0%| F|  |TAMS 0x0000000093600000| PB 0x0000000093600000| Untracked |  0
| 311|0x0000000093700000, 0x0000000093700000, 0x0000000093800000|  0%| F|  |TAMS 0x0000000093700000| PB 0x0000000093700000| Untracked |  0
| 312|0x0000000093800000, 0x0000000093800000, 0x0000000093900000|  0%| F|  |TAMS 0x0000000093800000| PB 0x0000000093800000| Untracked |  0
| 313|0x0000000093900000, 0x0000000093900000, 0x0000000093a00000|  0%| F|  |TAMS 0x0000000093900000| PB 0x0000000093900000| Untracked |  0
| 314|0x0000000093a00000, 0x0000000093a00000, 0x0000000093b00000|  0%| F|  |TAMS 0x0000000093a00000| PB 0x0000000093a00000| Untracked |  0
| 315|0x0000000093b00000, 0x0000000093b00000, 0x0000000093c00000|  0%| F|  |TAMS 0x0000000093b00000| PB 0x0000000093b00000| Untracked |  0
| 316|0x0000000093c00000, 0x0000000093c00000, 0x0000000093d00000|  0%| F|  |TAMS 0x0000000093c00000| PB 0x0000000093c00000| Untracked |  0
| 317|0x0000000093d00000, 0x0000000093d00000, 0x0000000093e00000|  0%| F|  |TAMS 0x0000000093d00000| PB 0x0000000093d00000| Untracked |  0
| 318|0x0000000093e00000, 0x0000000093e00000, 0x0000000093f00000|  0%| F|  |TAMS 0x0000000093e00000| PB 0x0000000093e00000| Untracked |  0
| 319|0x0000000093f00000, 0x0000000093f00000, 0x0000000094000000|  0%| F|  |TAMS 0x0000000093f00000| PB 0x0000000093f00000| Untracked |  0
| 320|0x0000000094000000, 0x0000000094000000, 0x0000000094100000|  0%| F|  |TAMS 0x0000000094000000| PB 0x0000000094000000| Untracked |  0
| 321|0x0000000094100000, 0x0000000094100000, 0x0000000094200000|  0%| F|  |TAMS 0x0000000094100000| PB 0x0000000094100000| Untracked |  0
| 322|0x0000000094200000, 0x0000000094200000, 0x0000000094300000|  0%| F|  |TAMS 0x0000000094200000| PB 0x0000000094200000| Untracked |  0
| 323|0x0000000094300000, 0x0000000094300000, 0x0000000094400000|  0%| F|  |TAMS 0x0000000094300000| PB 0x0000000094300000| Untracked |  0
| 324|0x0000000094400000, 0x0000000094400000, 0x0000000094500000|  0%| F|  |TAMS 0x0000000094400000| PB 0x0000000094400000| Untracked |  0
| 325|0x0000000094500000, 0x0000000094500000, 0x0000000094600000|  0%| F|  |TAMS 0x0000000094500000| PB 0x0000000094500000| Untracked |  0
| 326|0x0000000094600000, 0x0000000094600000, 0x0000000094700000|  0%| F|  |TAMS 0x0000000094600000| PB 0x0000000094600000| Untracked |  0
| 327|0x0000000094700000, 0x0000000094700000, 0x0000000094800000|  0%| F|  |TAMS 0x0000000094700000| PB 0x0000000094700000| Untracked |  0
| 328|0x0000000094800000, 0x0000000094800000, 0x0000000094900000|  0%| F|  |TAMS 0x0000000094800000| PB 0x0000000094800000| Untracked |  0
| 329|0x0000000094900000, 0x0000000094900000, 0x0000000094a00000|  0%| F|  |TAMS 0x0000000094900000| PB 0x0000000094900000| Untracked |  0
| 330|0x0000000094a00000, 0x0000000094a00000, 0x0000000094b00000|  0%| F|  |TAMS 0x0000000094a00000| PB 0x0000000094a00000| Untracked |  0
| 331|0x0000000094b00000, 0x0000000094b00000, 0x0000000094c00000|  0%| F|  |TAMS 0x0000000094b00000| PB 0x0000000094b00000| Untracked |  0
| 332|0x0000000094c00000, 0x0000000094c00000, 0x0000000094d00000|  0%| F|  |TAMS 0x0000000094c00000| PB 0x0000000094c00000| Untracked |  0
| 333|0x0000000094d00000, 0x0000000094d00000, 0x0000000094e00000|  0%| F|  |TAMS 0x0000000094d00000| PB 0x0000000094d00000| Untracked |  0
| 334|0x0000000094e00000, 0x0000000094e00000, 0x0000000094f00000|  0%| F|  |TAMS 0x0000000094e00000| PB 0x0000000094e00000| Untracked |  0
| 335|0x0000000094f00000, 0x0000000094f00000, 0x0000000095000000|  0%| F|  |TAMS 0x0000000094f00000| PB 0x0000000094f00000| Untracked |  0
| 336|0x0000000095000000, 0x0000000095000000, 0x0000000095100000|  0%| F|  |TAMS 0x0000000095000000| PB 0x0000000095000000| Untracked |  0
| 337|0x0000000095100000, 0x0000000095100000, 0x0000000095200000|  0%| F|  |TAMS 0x0000000095100000| PB 0x0000000095100000| Untracked |  0
| 338|0x0000000095200000, 0x0000000095200000, 0x0000000095300000|  0%| F|  |TAMS 0x0000000095200000| PB 0x0000000095200000| Untracked |  0
| 339|0x0000000095300000, 0x0000000095300000, 0x0000000095400000|  0%| F|  |TAMS 0x0000000095300000| PB 0x0000000095300000| Untracked |  0
| 340|0x0000000095400000, 0x0000000095400000, 0x0000000095500000|  0%| F|  |TAMS 0x0000000095400000| PB 0x0000000095400000| Untracked |  0
| 341|0x0000000095500000, 0x0000000095500000, 0x0000000095600000|  0%| F|  |TAMS 0x0000000095500000| PB 0x0000000095500000| Untracked |  0
| 342|0x0000000095600000, 0x0000000095600000, 0x0000000095700000|  0%| F|  |TAMS 0x0000000095600000| PB 0x0000000095600000| Untracked |  0
| 343|0x0000000095700000, 0x0000000095700000, 0x0000000095800000|  0%| F|  |TAMS 0x0000000095700000| PB 0x0000000095700000| Untracked |  0
| 344|0x0000000095800000, 0x0000000095800000, 0x0000000095900000|  0%| F|  |TAMS 0x0000000095800000| PB 0x0000000095800000| Untracked |  0
| 345|0x0000000095900000, 0x0000000095900000, 0x0000000095a00000|  0%| F|  |TAMS 0x0000000095900000| PB 0x0000000095900000| Untracked |  0
| 346|0x0000000095a00000, 0x0000000095a00000, 0x0000000095b00000|  0%| F|  |TAMS 0x0000000095a00000| PB 0x0000000095a00000| Untracked |  0
| 347|0x0000000095b00000, 0x0000000095b00000, 0x0000000095c00000|  0%| F|  |TAMS 0x0000000095b00000| PB 0x0000000095b00000| Untracked |  0
| 348|0x0000000095c00000, 0x0000000095c00000, 0x0000000095d00000|  0%| F|  |TAMS 0x0000000095c00000| PB 0x0000000095c00000| Untracked |  0
| 349|0x0000000095d00000, 0x0000000095d00000, 0x0000000095e00000|  0%| F|  |TAMS 0x0000000095d00000| PB 0x0000000095d00000| Untracked |  0
|2039|0x00000000ff700000, 0x00000000ff700000, 0x00000000ff800000|  0%| F|  |TAMS 0x00000000ff700000| PB 0x00000000ff700000| Untracked |  0
|2040|0x00000000ff800000, 0x00000000ff800000, 0x00000000ff900000|  0%| F|  |TAMS 0x00000000ff800000| PB 0x00000000ff800000| Untracked |  0
|2041|0x00000000ff900000, 0x00000000ffa00000, 0x00000000ffa00000|100%| O|  |TAMS 0x00000000ff900000| PB 0x00000000ff900000| Untracked |  0
|2042|0x00000000ffa00000, 0x00000000ffb00000, 0x00000000ffb00000|100%| O|  |TAMS 0x00000000ffa00000| PB 0x00000000ffa00000| Untracked |  0
|2043|0x00000000ffb00000, 0x00000000ffb00000, 0x00000000ffc00000|  0%| F|  |TAMS 0x00000000ffb00000| PB 0x00000000ffb00000| Untracked |  0
|2044|0x00000000ffc00000, 0x00000000ffd00000, 0x00000000ffd00000|100%| O|  |TAMS 0x00000000ffc00000| PB 0x00000000ffc00000| Untracked |  0
|2045|0x00000000ffd00000, 0x00000000ffe00000, 0x00000000ffe00000|100%| O|  |TAMS 0x00000000ffd00000| PB 0x00000000ffd00000| Untracked |  0
|2046|0x00000000ffe00000, 0x00000000ffe00000, 0x00000000fff00000|  0%| F|  |TAMS 0x00000000ffe00000| PB 0x00000000ffe00000| Untracked |  0
|2047|0x00000000fff00000, 0x0000000100000000, 0x0000000100000000|100%| O|  |TAMS 0x00000000fff00000| PB 0x00000000fff00000| Untracked |  0

Card table byte_map: [0x000001357a980000,0x000001357ad80000] _byte_map_base: 0x000001357a580000

Marking Bits: (CMBitMap*) 0x000001356775c310
 Bits: [0x000001357ad80000, 0x000001357cd80000)

Polling page: 0x0000013565550000

Metaspace:
Metaspace        used 92903K, committed 94656K, reserved 1179648K
 class space     used 13609K, committed 14464K, reserved 1048576K

Usage:
  Non-class:     77.44 MB used.
      Class:     13.29 MB used.
       Both:     90.73 MB used.

Virtual space:
  Non-class space:      128.00 MB reserved,      78.31 MB ( 61%) committed,  2 nodes.
      Class space:        1.00 GB reserved,      14.12 MB (  1%) committed,  1 nodes.
             Both:        1.12 GB reserved,      92.44 MB (  8%) committed. 

Chunk freelists:
   Non-Class:  1.31 MB
       Class:  1.86 MB
        Both:  3.17 MB

MaxMetaspaceSize: unlimited
CompressedClassSpaceSize: 1.00 GB
Initial GC threshold: 21.00 MB
Current GC threshold: 150.25 MB
CDS: off
 - commit_granule_bytes: 65536.
 - commit_granule_words: 8192.
 - virtual_space_node_default_size: 8388608.
 - enlarge_chunks_in_place: 1.
UseCompressedClassPointers 1, UseCompactObjectHeaders 0
Narrow klass pointer bits 32, Max shift 3
Narrow klass base: 0x0000000000000000, Narrow klass shift: 0
Encoding Range: [0x0000000000000000 - 0x0000000100000000), (4294967296 bytes)
Klass Range:    [0x0000000039000000 - 0x0000000079000000), (1073741824 bytes)
Klass ID Range:  [956301312 - 2030043129) (1073741817)
No protection zone.


Internal statistics:

num_allocs_failed_limit: 6.
num_arena_births: 3390.
num_arena_deaths: 12.
num_vsnodes_births: 3.
num_vsnodes_deaths: 0.
num_space_committed: 1479.
num_space_uncommitted: 0.
num_chunks_returned_to_freelist: 21.
num_chunks_taken_from_freelist: 7211.
num_chunk_merges: 6.
num_chunk_splits: 4687.
num_chunks_enlarged: 2885.
num_inconsistent_stats: 0.

CodeHeap 'non-profiled nmethods': size=119232Kb used=4972Kb max_used=4972Kb free=114259Kb
 bounds [0x0000013572780000, 0x0000013572c60000, 0x0000013579bf0000]
CodeHeap 'profiled nmethods': size=119104Kb used=14931Kb max_used=15354Kb free=104172Kb
 bounds [0x000001356abf0000, 0x000001356bb10000, 0x0000013572040000]
CodeHeap 'non-nmethods': size=7424Kb used=3675Kb max_used=3845Kb free=3748Kb
 bounds [0x0000013572040000, 0x0000013572410000, 0x0000013572780000]
CodeCache: size=245760Kb, used=23578Kb, max_used=24171Kb, free=222179Kb
 total_blobs=11153, nmethods=10298, adapters=754, full_count=0
Compilation: enabled, stopped_count=0, restarted_count=0

Compilation events (20 events):
Event: 9.788 Thread 0x000001357f928390 nmethod 12428 0x000001356aecd988 code [0x000001356aecda80, 0x000001356aecdd80]
Event: 9.788 Thread 0x000001357f928390 12429       3       com.android.tools.r8.graph.m3::c (60 bytes)
Event: 9.788 Thread 0x000001357f928ba0 12430       3       com.android.tools.r8.graph.w9::a (31 bytes)
Event: 9.788 Thread 0x000001357f927b80 12431       3       com.android.tools.r8.internal.ol::a (82 bytes)
Event: 9.788 Thread 0x000001357f927370 12432       3       com.android.tools.r8.internal.ol::<init> (10 bytes)
Event: 9.789 Thread 0x000001357f927370 nmethod 12432 0x000001356b4bb708 code [0x000001356b4bb800, 0x000001356b4bba20]
Event: 9.789 Thread 0x000001357f928390 nmethod 12429 0x000001356b62a888 code [0x000001356b62a980, 0x000001356b62b7e8]
Event: 9.789 Thread 0x000001357f927b80 nmethod 12431 0x000001356b248808 code [0x000001356b248900, 0x000001356b249200]
Event: 9.789 Thread 0x000001357f928ba0 nmethod 12430 0x000001356b27d508 code [0x000001356b27d600, 0x000001356b27e0f8]
Event: 9.790 Thread 0x000001357f927b80 12433       3       java.util.IdentityHashMap::resize (153 bytes)
Event: 9.791 Thread 0x000001357f927b80 nmethod 12433 0x000001356b5dbf08 code [0x000001356b5dc000, 0x000001356b5dcc78]
Event: 9.794 Thread 0x000001357f927370 12440 %     3       com.android.tools.r8.internal.dv::a @ 2914 (6696 bytes)
Event: 9.794 Thread 0x000001357f928ba0 12441       3       com.android.tools.r8.graph.w9::c (177 bytes)
Event: 9.796 Thread 0x000001357f928390 12442       3       com.android.tools.r8.graph.x9::o0 (2 bytes)
Event: 9.796 Thread 0x000001357f928390 nmethod 12442 0x000001356b36e088 code [0x000001356b36e180, 0x000001356b36e288]
Event: 9.797 Thread 0x000001357f928ba0 nmethod 12441 0x000001356b692488 code [0x000001356b692580, 0x000001356b695c50]
Event: 9.799 Thread 0x000001357f928ba0 12446       3       com.android.tools.r8.graph.k3::N0 (25 bytes)
Event: 9.799 Thread 0x000001357f928ba0 nmethod 12446 0x000001356b372488 code [0x000001356b372580, 0x000001356b372698]
Event: 9.803 Thread 0x000001357f928ba0 12452       1       com.android.tools.r8.internal.qg1::size (5 bytes)
Event: 9.803 Thread 0x000001357f928ba0 nmethod 12452 0x0000013572c5b088 code [0x0000013572c5b180, 0x0000013572c5b248]

GC Heap Usage History (20 events):
Event: 7.669 {heap After GC invocations=37 (full 0):
 garbage-first heap   total reserved 2097152K, committed 176128K, used 114423K [0x0000000080000000, 0x0000000100000000)
  region size 1024K, 7 young (7168K), 7 survivors (7168K)
}
Event: 7.750 {heap Before GC invocations=37 (full 0):
 garbage-first heap   total reserved 2097152K, committed 176128K, used 157431K [0x0000000080000000, 0x0000000100000000)
  region size 1024K, 49 young (50176K), 7 survivors (7168K)
}
Event: 7.754 {heap After GC invocations=38 (full 0):
 garbage-first heap   total reserved 2097152K, committed 177152K, used 123720K [0x0000000080000000, 0x0000000100000000)
  region size 1024K, 7 young (7168K), 7 survivors (7168K)
}
Event: 7.808 {heap Before GC invocations=38 (full 0):
 garbage-first heap   total reserved 2097152K, committed 177152K, used 159560K [0x0000000080000000, 0x0000000100000000)
  region size 1024K, 43 young (44032K), 7 survivors (7168K)
}
Event: 7.810 {heap After GC invocations=39 (full 0):
 garbage-first heap   total reserved 2097152K, committed 270336K, used 131866K [0x0000000080000000, 0x0000000100000000)
  region size 1024K, 6 young (6144K), 6 survivors (6144K)
}
Event: 8.039 {heap Before GC invocations=40 (full 0):
 garbage-first heap   total reserved 2097152K, committed 270336K, used 226074K [0x0000000080000000, 0x0000000100000000)
  region size 1024K, 99 young (101376K), 6 survivors (6144K)
}
Event: 8.044 {heap After GC invocations=41 (full 0):
 garbage-first heap   total reserved 2097152K, committed 270336K, used 150795K [0x0000000080000000, 0x0000000100000000)
  region size 1024K, 13 young (13312K), 13 survivors (13312K)
}
Event: 8.172 {heap Before GC invocations=41 (full 0):
 garbage-first heap   total reserved 2097152K, committed 270336K, used 227595K [0x0000000080000000, 0x0000000100000000)
  region size 1024K, 89 young (91136K), 13 survivors (13312K)
}
Event: 8.177 {heap After GC invocations=42 (full 0):
 garbage-first heap   total reserved 2097152K, committed 270336K, used 164804K [0x0000000080000000, 0x0000000100000000)
  region size 1024K, 12 young (12288K), 12 survivors (12288K)
}
Event: 8.281 {heap Before GC invocations=42 (full 0):
 garbage-first heap   total reserved 2097152K, committed 270336K, used 234436K [0x0000000080000000, 0x0000000100000000)
  region size 1024K, 81 young (82944K), 12 survivors (12288K)
}
Event: 8.285 {heap After GC invocations=43 (full 0):
 garbage-first heap   total reserved 2097152K, committed 270336K, used 181491K [0x0000000080000000, 0x0000000100000000)
  region size 1024K, 11 young (11264K), 11 survivors (11264K)
}
Event: 8.732 {heap Before GC invocations=44 (full 0):
 garbage-first heap   total reserved 2097152K, committed 304128K, used 239859K [0x0000000080000000, 0x0000000100000000)
  region size 1024K, 69 young (70656K), 11 survivors (11264K)
}
Event: 8.736 {heap After GC invocations=45 (full 0):
 garbage-first heap   total reserved 2097152K, committed 304128K, used 191051K [0x0000000080000000, 0x0000000100000000)
  region size 1024K, 9 young (9216K), 9 survivors (9216K)
}
Event: 9.058 {heap Before GC invocations=45 (full 0):
 garbage-first heap   total reserved 2097152K, committed 304128K, used 266827K [0x0000000080000000, 0x0000000100000000)
  region size 1024K, 83 young (84992K), 9 survivors (9216K)
}
Event: 9.067 {heap After GC invocations=46 (full 0):
 garbage-first heap   total reserved 2097152K, committed 304128K, used 203689K [0x0000000080000000, 0x0000000100000000)
  region size 1024K, 11 young (11264K), 11 survivors (11264K)
}
Event: 9.142 {heap Before GC invocations=46 (full 0):
 garbage-first heap   total reserved 2097152K, committed 304128K, used 271273K [0x0000000080000000, 0x0000000100000000)
  region size 1024K, 77 young (78848K), 11 survivors (11264K)
}
Event: 9.154 {heap After GC invocations=47 (full 0):
 garbage-first heap   total reserved 2097152K, committed 304128K, used 220077K [0x0000000080000000, 0x0000000100000000)
  region size 1024K, 10 young (10240K), 10 survivors (10240K)
}
Event: 9.250 {heap Before GC invocations=48 (full 0):
 garbage-first heap   total reserved 2097152K, committed 367616K, used 275373K [0x0000000080000000, 0x0000000100000000)
  region size 1024K, 64 young (65536K), 10 survivors (10240K)
}
Event: 9.261 {heap After GC invocations=49 (full 0):
 garbage-first heap   total reserved 2097152K, committed 367616K, used 234385K [0x0000000080000000, 0x0000000100000000)
  region size 1024K, 8 young (8192K), 8 survivors (8192K)
}
Event: 9.803 {heap Before GC invocations=49 (full 0):
 garbage-first heap   total reserved 2097152K, committed 367616K, used 322449K [0x0000000080000000, 0x0000000100000000)
  region size 1024K, 94 young (96256K), 8 survivors (8192K)
}

Metaspace Usage History (20 events):
Event: 7.669 {metaspace After GC invocations=37 (full 0):
 Metaspace       used 76755K, committed 78400K, reserved 1179648K
  class space    used 11393K, committed 12160K, reserved 1048576K
}
Event: 7.750 {metaspace Before GC invocations=37 (full 0):
 Metaspace       used 78442K, committed 80064K, reserved 1179648K
  class space    used 11639K, committed 12416K, reserved 1048576K
}
Event: 7.754 {metaspace After GC invocations=38 (full 0):
 Metaspace       used 78442K, committed 80064K, reserved 1179648K
  class space    used 11639K, committed 12416K, reserved 1048576K
}
Event: 7.808 {metaspace Before GC invocations=38 (full 0):
 Metaspace       used 79919K, committed 81600K, reserved 1179648K
  class space    used 11847K, committed 12672K, reserved 1048576K
}
Event: 7.810 {metaspace After GC invocations=39 (full 0):
 Metaspace       used 79919K, committed 81600K, reserved 1179648K
  class space    used 11847K, committed 12672K, reserved 1048576K
}
Event: 8.039 {metaspace Before GC invocations=40 (full 0):
 Metaspace       used 83507K, committed 85184K, reserved 1179648K
  class space    used 12323K, committed 13120K, reserved 1048576K
}
Event: 8.044 {metaspace After GC invocations=41 (full 0):
 Metaspace       used 83507K, committed 85184K, reserved 1179648K
  class space    used 12323K, committed 13120K, reserved 1048576K
}
Event: 8.172 {metaspace Before GC invocations=41 (full 0):
 Metaspace       used 84683K, committed 86400K, reserved 1179648K
  class space    used 12428K, committed 13248K, reserved 1048576K
}
Event: 8.177 {metaspace After GC invocations=42 (full 0):
 Metaspace       used 84683K, committed 86400K, reserved 1179648K
  class space    used 12428K, committed 13248K, reserved 1048576K
}
Event: 8.281 {metaspace Before GC invocations=42 (full 0):
 Metaspace       used 85071K, committed 86784K, reserved 1179648K
  class space    used 12456K, committed 13248K, reserved 1048576K
}
Event: 8.285 {metaspace After GC invocations=43 (full 0):
 Metaspace       used 85071K, committed 86784K, reserved 1179648K
  class space    used 12456K, committed 13248K, reserved 1048576K
}
Event: 8.732 {metaspace Before GC invocations=44 (full 0):
 Metaspace       used 88989K, committed 90688K, reserved 1179648K
  class space    used 13032K, committed 13824K, reserved 1048576K
}
Event: 8.736 {metaspace After GC invocations=45 (full 0):
 Metaspace       used 88989K, committed 90688K, reserved 1179648K
  class space    used 13032K, committed 13824K, reserved 1048576K
}
Event: 9.058 {metaspace Before GC invocations=45 (full 0):
 Metaspace       used 90541K, committed 92288K, reserved 1179648K
  class space    used 13233K, committed 14080K, reserved 1048576K
}
Event: 9.067 {metaspace After GC invocations=46 (full 0):
 Metaspace       used 90541K, committed 92288K, reserved 1179648K
  class space    used 13233K, committed 14080K, reserved 1048576K
}
Event: 9.142 {metaspace Before GC invocations=46 (full 0):
 Metaspace       used 90543K, committed 92288K, reserved 1179648K
  class space    used 13233K, committed 14080K, reserved 1048576K
}
Event: 9.154 {metaspace After GC invocations=47 (full 0):
 Metaspace       used 90543K, committed 92288K, reserved 1179648K
  class space    used 13233K, committed 14080K, reserved 1048576K
}
Event: 9.250 {metaspace Before GC invocations=48 (full 0):
 Metaspace       used 90543K, committed 92288K, reserved 1179648K
  class space    used 13233K, committed 14080K, reserved 1048576K
}
Event: 9.261 {metaspace After GC invocations=49 (full 0):
 Metaspace       used 90543K, committed 92288K, reserved 1179648K
  class space    used 13233K, committed 14080K, reserved 1048576K
}
Event: 9.803 {metaspace Before GC invocations=49 (full 0):
 Metaspace       used 92903K, committed 94656K, reserved 1179648K
  class space    used 13609K, committed 14464K, reserved 1048576K
}

Dll operation events (3 events):
Event: 0.012 Loaded shared library E:\Android\AndroidStudio\jbr\bin\java.dll
Event: 0.017 Loaded shared library E:\Android\AndroidStudio\jbr\bin\zip.dll
Event: 0.773 Loaded shared library E:\Android\AndroidStudio\jbr\bin\verify.dll

Deoptimization events (20 events):
Event: 9.749 Thread 0x000001350a8affc0 Uncommon trap: trap_request=0xffffff45 fr.pc=0x0000013572a672b8 relative=0x0000000000001038
Event: 9.749 Thread 0x000001350a8affc0 Uncommon trap: reason=unstable_if action=reinterpret pc=0x0000013572a672b8 method=com.android.tools.r8.internal.l41.a(I)Z @ 45 c2
Event: 9.749 Thread 0x000001350a8affc0 DEOPT PACKING pc=0x0000013572a672b8 sp=0x00000008de0f9c70
Event: 9.749 Thread 0x000001350a8affc0 DEOPT UNPACKING pc=0x0000013572158582 sp=0x00000008de0f9ad8 mode 2
Event: 9.749 Thread 0x000001350a8affc0 Uncommon trap: trap_request=0xffffff45 fr.pc=0x0000013572c1c394 relative=0x0000000000000514
Event: 9.749 Thread 0x000001350a8affc0 Uncommon trap: reason=unstable_if action=reinterpret pc=0x0000013572c1c394 method=com.android.tools.r8.internal.h80.d(Ljava/lang/String;)I @ 34 c2
Event: 9.749 Thread 0x000001350a8affc0 DEOPT PACKING pc=0x0000013572c1c394 sp=0x00000008de0f9b50
Event: 9.749 Thread 0x000001350a8affc0 DEOPT UNPACKING pc=0x0000013572158582 sp=0x00000008de0f9ae8 mode 2
Event: 9.749 Thread 0x000001350a8affc0 Uncommon trap: trap_request=0xffffff45 fr.pc=0x0000013572b3c020 relative=0x0000000000000b20
Event: 9.749 Thread 0x000001350a8affc0 Uncommon trap: reason=unstable_if action=reinterpret pc=0x0000013572b3c020 method=com.android.tools.r8.internal.l41.a(I)Z @ 45 c2
Event: 9.749 Thread 0x000001350a8affc0 DEOPT PACKING pc=0x0000013572b3c020 sp=0x00000008de0f9be0
Event: 9.749 Thread 0x000001350a8affc0 DEOPT UNPACKING pc=0x0000013572158582 sp=0x00000008de0f9ad8 mode 2
Event: 9.750 Thread 0x000001350a8affc0 Uncommon trap: trap_request=0xffffff45 fr.pc=0x0000013572c28b4c relative=0x000000000000054c
Event: 9.750 Thread 0x000001350a8affc0 Uncommon trap: reason=unstable_if action=reinterpret pc=0x0000013572c28b4c method=com.android.tools.r8.internal.l41.a(I)Z @ 45 c2
Event: 9.750 Thread 0x000001350a8affc0 DEOPT PACKING pc=0x0000013572c28b4c sp=0x00000008de0f9ba0
Event: 9.750 Thread 0x000001350a8affc0 DEOPT UNPACKING pc=0x0000013572158582 sp=0x00000008de0f9ad8 mode 2
Event: 9.750 Thread 0x000001350a8affc0 Uncommon trap: trap_request=0xffffff45 fr.pc=0x0000013572c16a18 relative=0x0000000000000098
Event: 9.750 Thread 0x000001350a8affc0 Uncommon trap: reason=unstable_if action=reinterpret pc=0x0000013572c16a18 method=com.android.tools.r8.internal.l41.a(I)Z @ 45 c2
Event: 9.750 Thread 0x000001350a8affc0 DEOPT PACKING pc=0x0000013572c16a18 sp=0x00000008de0f9b40
Event: 9.750 Thread 0x000001350a8affc0 DEOPT UNPACKING pc=0x0000013572158582 sp=0x00000008de0f9ad8 mode 2

Classes loaded (20 events):
Event: 8.752 Loading class java/lang/StackStreamFactory$FrameBuffer done
Event: 8.752 Loading class java/lang/StackStreamFactory$StackFrameBuffer done
Event: 8.753 Loading class java/util/stream/WhileOps
Event: 8.753 Loading class java/util/stream/WhileOps done
Event: 8.753 Loading class java/util/stream/WhileOps$1Op
Event: 8.754 Loading class java/util/stream/WhileOps$DropWhileOp
Event: 8.754 Loading class java/util/stream/WhileOps$DropWhileOp done
Event: 8.754 Loading class java/util/stream/WhileOps$1Op done
Event: 8.754 Loading class java/util/stream/WhileOps$1Op$1OpSink
Event: 8.754 Loading class java/util/stream/WhileOps$DropWhileSink
Event: 8.754 Loading class java/util/stream/WhileOps$DropWhileSink done
Event: 8.754 Loading class java/util/stream/WhileOps$1Op$1OpSink done
Event: 8.839 Loading class sun/rmi/transport/tcp/TCPTransport$ConnectionHandler
Event: 8.839 Loading class sun/rmi/transport/tcp/TCPTransport$ConnectionHandler done
Event: 8.843 Loading class sun/rmi/transport/DGCImpl$LeaseInfo
Event: 8.843 Loading class sun/rmi/transport/DGCImpl$LeaseInfo done
Event: 8.843 Loading class sun/rmi/transport/DGCImpl$1
Event: 8.843 Loading class sun/rmi/transport/DGCImpl$1 done
Event: 8.843 Loading class sun/rmi/transport/SequenceEntry
Event: 8.843 Loading class sun/rmi/transport/SequenceEntry done

Classes unloaded (6 events):
Event: 6.716 Thread 0x000001357fa76ce0 Unloading class 0x0000000039ad8800 'java/lang/invoke/LambdaForm$DMH+0x0000000039ad8800'
Event: 6.716 Thread 0x000001357fa76ce0 Unloading class 0x0000000039ad8c00 'java/lang/invoke/LambdaForm$DMH+0x0000000039ad8c00'
Event: 6.716 Thread 0x000001357fa76ce0 Unloading class 0x0000000039ad8400 'java/lang/invoke/LambdaForm$DMH+0x0000000039ad8400'
Event: 6.716 Thread 0x000001357fa76ce0 Unloading class 0x0000000039aa4400 'java/lang/invoke/LambdaForm$DMH+0x0000000039aa4400'
Event: 6.716 Thread 0x000001357fa76ce0 Unloading class 0x0000000039a55400 'java/lang/invoke/LambdaForm$MH+0x0000000039a55400'
Event: 6.716 Thread 0x000001357fa76ce0 Unloading class 0x0000000039a54c00 'java/lang/invoke/LambdaForm$DMH+0x0000000039a54c00'

Classes redefined (0 events):
No events

Internal exceptions (20 events):
Event: 9.746 Thread 0x000001350a8affc0 Exception <a 'sun/nio/fs/WindowsException'{0x0000000090c06750}> (0x0000000090c06750) 
thrown [s\src\hotspot\share\prims\jni.cpp, line 535]
Event: 9.747 Thread 0x000001350a8affc0 Exception <a 'sun/nio/fs/WindowsException'{0x0000000090c10c60}> (0x0000000090c10c60) 
thrown [s\src\hotspot\share\prims\jni.cpp, line 535]
Event: 9.748 Thread 0x000001350a8affc0 Exception <a 'sun/nio/fs/WindowsException'{0x0000000090c1a850}> (0x0000000090c1a850) 
thrown [s\src\hotspot\share\prims\jni.cpp, line 535]
Event: 9.749 Thread 0x000001350a8affc0 Exception <a 'sun/nio/fs/WindowsException'{0x0000000090c309c0}> (0x0000000090c309c0) 
thrown [s\src\hotspot\share\prims\jni.cpp, line 535]
Event: 9.750 Thread 0x000001350a8affc0 Exception <a 'sun/nio/fs/WindowsException'{0x0000000090c3ea68}> (0x0000000090c3ea68) 
thrown [s\src\hotspot\share\prims\jni.cpp, line 535]
Event: 9.752 Thread 0x000001350a8affc0 Exception <a 'sun/nio/fs/WindowsException'{0x0000000090c64fa8}> (0x0000000090c64fa8) 
thrown [s\src\hotspot\share\prims\jni.cpp, line 535]
Event: 9.754 Thread 0x000001350a8affc0 Exception <a 'sun/nio/fs/WindowsException'{0x0000000090c7da38}> (0x0000000090c7da38) 
thrown [s\src\hotspot\share\prims\jni.cpp, line 535]
Event: 9.755 Thread 0x000001350a8affc0 Exception <a 'sun/nio/fs/WindowsException'{0x0000000090c93ff8}> (0x0000000090c93ff8) 
thrown [s\src\hotspot\share\prims\jni.cpp, line 535]
Event: 9.756 Thread 0x000001350a8affc0 Exception <a 'sun/nio/fs/WindowsException'{0x0000000090c9ece8}> (0x0000000090c9ece8) 
thrown [s\src\hotspot\share\prims\jni.cpp, line 535]
Event: 9.757 Thread 0x000001350a8affc0 Exception <a 'sun/nio/fs/WindowsException'{0x0000000090ca8fa0}> (0x0000000090ca8fa0) 
thrown [s\src\hotspot\share\prims\jni.cpp, line 535]
Event: 9.758 Thread 0x000001350a8affc0 Exception <a 'sun/nio/fs/WindowsException'{0x0000000090cb3078}> (0x0000000090cb3078) 
thrown [s\src\hotspot\share\prims\jni.cpp, line 535]
Event: 9.760 Thread 0x000001350a8affc0 Exception <a 'sun/nio/fs/WindowsException'{0x0000000090cc99a0}> (0x0000000090cc99a0) 
thrown [s\src\hotspot\share\prims\jni.cpp, line 535]
Event: 9.761 Thread 0x000001350a8affc0 Exception <a 'sun/nio/fs/WindowsException'{0x0000000090ce0a50}> (0x0000000090ce0a50) 
thrown [s\src\hotspot\share\prims\jni.cpp, line 535]
Event: 9.762 Thread 0x000001350a8affc0 Exception <a 'sun/nio/fs/WindowsException'{0x0000000090ceaff8}> (0x0000000090ceaff8) 
thrown [s\src\hotspot\share\prims\jni.cpp, line 535]
Event: 9.763 Thread 0x000001350a8affc0 Exception <a 'sun/nio/fs/WindowsException'{0x0000000090cf4710}> (0x0000000090cf4710) 
thrown [s\src\hotspot\share\prims\jni.cpp, line 535]
Event: 9.764 Thread 0x000001350a8affc0 Exception <a 'sun/nio/fs/WindowsException'{0x0000000090cfde10}> (0x0000000090cfde10) 
thrown [s\src\hotspot\share\prims\jni.cpp, line 535]
Event: 9.765 Thread 0x000001350a8affc0 Exception <a 'sun/nio/fs/WindowsException'{0x0000000090b07570}> (0x0000000090b07570) 
thrown [s\src\hotspot\share\prims\jni.cpp, line 535]
Event: 9.766 Thread 0x000001350a8affc0 Exception <a 'sun/nio/fs/WindowsException'{0x0000000090b11f88}> (0x0000000090b11f88) 
thrown [s\src\hotspot\share\prims\jni.cpp, line 535]
Event: 9.768 Thread 0x000001350a8affc0 Exception <a 'sun/nio/fs/WindowsException'{0x0000000090b1d668}> (0x0000000090b1d668) 
thrown [s\src\hotspot\share\prims\jni.cpp, line 535]
Event: 9.769 Thread 0x000001350a8affc0 Exception <a 'sun/nio/fs/WindowsException'{0x0000000090b29890}> (0x0000000090b29890) 
thrown [s\src\hotspot\share\prims\jni.cpp, line 535]

VM Operations (20 events):
Event: 9.209 Executing safepoint VM operation: G1PauseRemark done
Event: 9.232 Executing safepoint VM operation: G1PauseCleanup
Event: 9.232 Executing safepoint VM operation: G1PauseCleanup done
Event: 9.250 Executing safepoint VM operation: G1CollectForAllocation (G1 Evacuation Pause)
Event: 9.261 Executing safepoint VM operation: G1CollectForAllocation (G1 Evacuation Pause) done
Event: 9.329 Executing non-safepoint VM operation: HandshakeAllThreads (Deoptimize)
Event: 9.330 Executing non-safepoint VM operation: HandshakeAllThreads (Deoptimize) done
Event: 9.445 Executing non-safepoint VM operation: HandshakeAllThreads (Deoptimize)
Event: 9.445 Executing non-safepoint VM operation: HandshakeAllThreads (Deoptimize) done
Event: 9.448 Executing non-safepoint VM operation: HandshakeAllThreads (Deoptimize)
Event: 9.448 Executing non-safepoint VM operation: HandshakeAllThreads (Deoptimize) done
Event: 9.634 Executing non-safepoint VM operation: HandshakeAllThreads (Deoptimize)
Event: 9.635 Executing non-safepoint VM operation: HandshakeAllThreads (Deoptimize) done
Event: 9.680 Executing non-safepoint VM operation: HandshakeAllThreads (Deoptimize)
Event: 9.680 Executing non-safepoint VM operation: HandshakeAllThreads (Deoptimize) done
Event: 9.716 Executing non-safepoint VM operation: HandshakeAllThreads (Deoptimize)
Event: 9.716 Executing non-safepoint VM operation: HandshakeAllThreads (Deoptimize) done
Event: 9.717 Executing non-safepoint VM operation: HandshakeAllThreads (Deoptimize)
Event: 9.717 Executing non-safepoint VM operation: HandshakeAllThreads (Deoptimize) done
Event: 9.803 Executing safepoint VM operation: G1CollectForAllocation (G1 Evacuation Pause)

Memory protections (0 events):
No events

Nmethod flushes (20 events):
Event: 9.208 Thread 0x000001357fa76ce0 flushing  nmethod 0x000001356b867888
Event: 9.208 Thread 0x000001357fa76ce0 flushing  nmethod 0x000001356b999708
Event: 9.208 Thread 0x000001357fa76ce0 flushing  nmethod 0x000001357286a208
Event: 9.208 Thread 0x000001357fa76ce0 flushing  nmethod 0x0000013572998488
Event: 9.208 Thread 0x000001357fa76ce0 flushing  nmethod 0x000001356aca1e88
Event: 9.208 Thread 0x000001357fa76ce0 flushing  nmethod 0x000001356b011008
Event: 9.208 Thread 0x000001357fa76ce0 flushing  nmethod 0x000001356b018008
Event: 9.208 Thread 0x000001357fa76ce0 flushing  nmethod 0x000001356b085e88
Event: 9.208 Thread 0x000001357fa76ce0 flushing  nmethod 0x000001356b152388
Event: 9.208 Thread 0x000001357fa76ce0 flushing  nmethod 0x000001356b1abf88
Event: 9.208 Thread 0x000001357fa76ce0 flushing  nmethod 0x000001356b202508
Event: 9.208 Thread 0x000001357fa76ce0 flushing  nmethod 0x000001356b22d808
Event: 9.208 Thread 0x000001357fa76ce0 flushing  nmethod 0x000001356b375088
Event: 9.208 Thread 0x000001357fa76ce0 flushing  nmethod 0x000001356b376288
Event: 9.208 Thread 0x000001357fa76ce0 flushing  nmethod 0x000001356b377808
Event: 9.208 Thread 0x000001357fa76ce0 flushing  nmethod 0x000001356b37a208
Event: 9.208 Thread 0x000001357fa76ce0 flushing  nmethod 0x000001356b675008
Event: 9.208 Thread 0x000001357fa76ce0 flushing  nmethod 0x000001356b708308
Event: 9.208 Thread 0x000001357fa76ce0 flushing  nmethod 0x000001356b884088
Event: 9.208 Thread 0x000001357fa76ce0 flushing  nmethod 0x000001356b893888

Events (20 events):
Event: 6.273 Thread 0x000001350a0e3460 Thread added: 0x000001350a8affc0
Event: 6.273 Thread 0x000001350ae2d6c0 Thread added: 0x000001350a8b0790
Event: 6.273 Thread 0x000001350ae29840 Thread added: 0x000001350a8ae080
Event: 6.273 Thread 0x0000013504803190 Thread added: 0x000001350a8b4610
Event: 6.274 Thread 0x00000135048058a0 Thread added: 0x000001350a8b55b0
Event: 6.274 Thread 0x00000135048058a0 Thread added: 0x000001350a8b5d80
Event: 6.277 Thread 0x000001350a0e3460 Thread added: 0x000001350a8b26d0
Event: 6.277 Thread 0x000001350ae2d6c0 Thread added: 0x000001350a8b9c00
Event: 6.277 Thread 0x0000013504803190 Thread added: 0x000001350a8b9430
Event: 6.277 Thread 0x00000135048058a0 Thread added: 0x000001350a8b74f0
Event: 6.277 Thread 0x000001350ae29840 Thread added: 0x000001350a8b6d20
Event: 8.305 Thread 0x0000013504803190 Thread added: 0x0000013504911400
Event: 8.558 Thread 0x0000013504911400 Thread added: 0x0000013504910c30
Event: 8.560 Thread 0x0000013504911400 Thread added: 0x0000013504915280
Event: 8.564 Loaded shared library E:\Android\AndroidStudio\jbr\bin\rmi.dll
Event: 8.564 Thread 0x0000013504911400 Thread added: 0x00000135049123a0
Event: 8.676 Thread 0x0000013504911400 Thread added: 0x0000013504912b70
Event: 8.676 Thread 0x0000013504911400 Thread added: 0x00000135049169f0
Event: 8.840 Thread 0x0000013504912b70 Thread added: 0x00000135049171c0
Event: 8.905 Thread 0x00000135053964a0 Thread exited: 0x00000135053964a0


Dynamic libraries:
0x00007ff60a790000 - 0x00007ff60a79a000 	E:\Android\AndroidStudio\jbr\bin\java.exe
0x00007fff94500000 - 0x00007fff94767000 	C:\WINDOWS\SYSTEM32\ntdll.dll
0x00007fff93ab0000 - 0x00007fff93b7b000 	C:\WINDOWS\System32\KERNEL32.DLL
0x00007fff91700000 - 0x00007fff91b02000 	C:\WINDOWS\System32\KERNELBASE.dll
0x00007fff91c60000 - 0x00007fff91dac000 	C:\WINDOWS\System32\ucrtbase.dll
0x00007fff81d20000 - 0x00007fff81d36000 	E:\Android\AndroidStudio\jbr\bin\jli.dll
0x00007fff837d0000 - 0x00007fff837eb000 	E:\Android\AndroidStudio\jbr\bin\VCRUNTIME140.dll
0x00007fff93d50000 - 0x00007fff93f1f000 	C:\WINDOWS\System32\USER32.dll
0x00007fff91dc0000 - 0x00007fff91de7000 	C:\WINDOWS\System32\win32u.dll
0x00007fff77b90000 - 0x00007fff77e20000 	C:\WINDOWS\WinSxS\amd64_microsoft.windows.common-controls_6595b64144ccf1df_6.0.26100.9278_none_3e0d1ba8e3303201\COMCTL32.dll
0x00007fff94490000 - 0x00007fff944bb000 	C:\WINDOWS\System32\GDI32.dll
0x00007fff920f0000 - 0x00007fff92219000 	C:\WINDOWS\System32\gdi32full.dll
0x00007fff924a0000 - 0x00007fff92549000 	C:\WINDOWS\System32\msvcrt.dll
0x00007fff91df0000 - 0x00007fff91e93000 	C:\WINDOWS\System32\msvcp_win.dll
0x00007fff93b80000 - 0x00007fff93bb1000 	C:\WINDOWS\System32\IMM32.DLL
0x00007fff8dc00000 - 0x00007fff8dc0c000 	E:\Android\AndroidStudio\jbr\bin\vcruntime140_1.dll
0x00007fff132e0000 - 0x00007fff1336d000 	E:\Android\AndroidStudio\jbr\bin\msvcp140.dll
0x00007ffec1350000 - 0x00007ffec222a000 	E:\Android\AndroidStudio\jbr\bin\server\jvm.dll
0x00007fff92550000 - 0x00007fff9260c000 	C:\WINDOWS\System32\ADVAPI32.dll
0x00007fff923f0000 - 0x00007fff92499000 	C:\WINDOWS\System32\sechost.dll
0x00007fff933f0000 - 0x00007fff93508000 	C:\WINDOWS\System32\RPCRT4.dll
0x00007fff92bc0000 - 0x00007fff92c40000 	C:\WINDOWS\System32\WS2_32.dll
0x00007fff90fb0000 - 0x00007fff9100e000 	C:\WINDOWS\SYSTEM32\POWRPROF.dll
0x00007fff88a20000 - 0x00007fff88a2b000 	C:\WINDOWS\SYSTEM32\VERSION.dll
0x00007fff82790000 - 0x00007fff827c6000 	C:\WINDOWS\SYSTEM32\WINMM.dll
0x00007fff90f50000 - 0x00007fff90f65000 	C:\WINDOWS\SYSTEM32\UMPDC.dll
0x00007fff903b0000 - 0x00007fff903cb000 	C:\WINDOWS\SYSTEM32\kernel.appcore.dll
0x00007fff8db70000 - 0x00007fff8db7a000 	E:\Android\AndroidStudio\jbr\bin\jimage.dll
0x00007fff8ea00000 - 0x00007fff8ec4c000 	C:\WINDOWS\SYSTEM32\DBGHELP.DLL
0x00007fff93720000 - 0x00007fff93aa5000 	C:\WINDOWS\System32\combase.dll
0x00007fff92280000 - 0x00007fff92359000 	C:\WINDOWS\System32\OLEAUT32.dll
0x00007fff7a820000 - 0x00007fff7a85b000 	C:\WINDOWS\SYSTEM32\dbgcore.DLL
0x00007fff91ea0000 - 0x00007fff91f4c000 	C:\WINDOWS\System32\bcryptPrimitives.dll
0x00007fff71ab0000 - 0x00007fff71abe000 	E:\Android\AndroidStudio\jbr\bin\instrument.dll
0x00007fff81b20000 - 0x00007fff81b3f000 	E:\Android\AndroidStudio\jbr\bin\java.dll
0x00007fff93580000 - 0x00007fff9371a000 	C:\WINDOWS\System32\ole32.dll
0x00007fff92c50000 - 0x00007fff933e8000 	C:\WINDOWS\System32\SHELL32.dll
0x00007fff81b00000 - 0x00007fff81b17000 	E:\Android\AndroidStudio\jbr\bin\zip.dll
0x00007fff8f140000 - 0x00007fff8f9ee000 	C:\WINDOWS\SYSTEM32\windows.storage.dll
0x00007fff93f30000 - 0x00007fff9402b000 	C:\WINDOWS\System32\SHCORE.dll
0x00007fff93510000 - 0x00007fff93576000 	C:\WINDOWS\System32\shlwapi.dll
0x00007fff91620000 - 0x00007fff91649000 	C:\WINDOWS\SYSTEM32\profapi.dll
0x00007fff81af0000 - 0x00007fff81b00000 	E:\Android\AndroidStudio\jbr\bin\net.dll
0x00007fff90990000 - 0x00007fff909fc000 	C:\WINDOWS\system32\mswsock.dll
0x00007fff818f0000 - 0x00007fff81906000 	E:\Android\AndroidStudio\jbr\bin\nio.dll
0x00007fff70cc0000 - 0x00007fff70cd0000 	E:\Android\AndroidStudio\jbr\bin\verify.dll
0x00007fff55c50000 - 0x00007fff55c77000 	C:\Users\Lenovo\.gradle\native\660c5614fbf4a5f2a75b1949f50a0caf5cd603558e7d8a26e50b933a0cfb79d1\windows-amd64\native-platform.dll
0x00007fff3e5c0000 - 0x00007fff3e637000 	C:\Users\Lenovo\.gradle\native\0.2.8\x86_64-windows-gnu\gradle-fileevents.dll
0x00007fff722b0000 - 0x00007fff722b9000 	E:\Android\AndroidStudio\jbr\bin\management.dll
0x00007fff722a0000 - 0x00007fff722ab000 	E:\Android\AndroidStudio\jbr\bin\management_ext.dll
0x00007fff94120000 - 0x00007fff94128000 	C:\WINDOWS\System32\PSAPI.DLL
0x00007fff8fd40000 - 0x00007fff8fd73000 	C:\WINDOWS\SYSTEM32\IPHLPAPI.DLL
0x00007fff92bb0000 - 0x00007fff92bba000 	C:\WINDOWS\System32\NSI.dll
0x00007fff81850000 - 0x00007fff81859000 	E:\Android\AndroidStudio\jbr\bin\extnet.dll
0x00007fff90c80000 - 0x00007fff90c9b000 	C:\WINDOWS\SYSTEM32\CRYPTSP.dll
0x00007fff90300000 - 0x00007fff90339000 	C:\WINDOWS\system32\rsaenh.dll
0x00007fff90a40000 - 0x00007fff90a74000 	C:\WINDOWS\SYSTEM32\USERENV.dll
0x00007fff915f0000 - 0x00007fff9161a000 	C:\WINDOWS\SYSTEM32\bcrypt.dll
0x00007fff90ca0000 - 0x00007fff90cac000 	C:\WINDOWS\SYSTEM32\CRYPTBASE.dll
0x00007fff648c0000 - 0x00007fff648c8000 	C:\WINDOWS\system32\wshunix.dll
0x00007fff47530000 - 0x00007fff47548000 	C:\WINDOWS\system32\napinsp.dll
0x00007fff8fe40000 - 0x00007fff8ff98000 	C:\WINDOWS\SYSTEM32\DNSAPI.dll
0x00007fff90770000 - 0x00007fff9077d000 	C:\WINDOWS\SYSTEM32\DSPARSE.dll
0x00007fff46f40000 - 0x00007fff46f53000 	C:\WINDOWS\System32\winrnr.dll
0x00007fff46ea0000 - 0x00007fff46ec7000 	C:\WINDOWS\system32\nlansp_c.dll
0x00007fff89130000 - 0x00007fff89146000 	C:\WINDOWS\system32\wshbth.dll
0x00007fff88f10000 - 0x00007fff88f1b000 	C:\Windows\System32\rasadhlp.dll
0x00007fff872f0000 - 0x00007fff87376000 	C:\WINDOWS\System32\fwpuclnt.dll
0x00007fff81c80000 - 0x00007fff81c87000 	E:\Android\AndroidStudio\jbr\bin\rmi.dll

JVMTI agents:
C:\Users\Lenovo\.gradle\wrapper\dists\gradle-9.5.0-bin\bvnork1r7n8i6kp5cnkibsc9q\gradle-9.5.0\lib\agents\gradle-instrumentation-agent-9.5.0.jar path:E:\Android\AndroidStudio\jbr\bin\instrument.dll, loaded, initialized, instrumentlib options:none

dbghelp: loaded successfully - version: 4.0.5 - missing functions: none
symbol engine: initialized successfully - sym options: 0x614 - pdb path: .;E:\Android\AndroidStudio\jbr\bin;C:\WINDOWS\SYSTEM32;C:\WINDOWS\WinSxS\amd64_microsoft.windows.common-controls_6595b64144ccf1df_6.0.26100.9278_none_3e0d1ba8e3303201;E:\Android\AndroidStudio\jbr\bin\server;C:\Users\Lenovo\.gradle\native\660c5614fbf4a5f2a75b1949f50a0caf5cd603558e7d8a26e50b933a0cfb79d1\windows-amd64;C:\Users\Lenovo\.gradle\native\0.2.8\x86_64-windows-gnu

VM Arguments:
jvm_args: --add-opens=java.base/java.lang=ALL-UNNAMED --add-opens=java.base/java.lang.invoke=ALL-UNNAMED --add-opens=java.base/java.util=ALL-UNNAMED --add-opens=java.prefs/java.util.prefs=ALL-UNNAMED --add-exports=jdk.compiler/com.sun.tools.javac.api=ALL-UNNAMED --add-exports=jdk.compiler/com.sun.tools.javac.util=ALL-UNNAMED --add-opens=java.base/java.nio.charset=ALL-UNNAMED --add-opens=java.base/java.net=ALL-UNNAMED --add-opens=java.base/java.util.concurrent=ALL-UNNAMED --add-opens=java.base/java.util.concurrent.atomic=ALL-UNNAMED --add-opens=java.xml/javax.xml.namespace=ALL-UNNAMED --add-opens=java.base/java.time=ALL-UNNAMED --enable-native-access=ALL-UNNAMED -Xmx2048m -Dfile.encoding=UTF-8 -Duser.country=ID -Duser.language=en -Duser.variant -javaagent:C:\Users\Lenovo\.gradle\wrapper\dists\gradle-9.5.0-bin\bvnork1r7n8i6kp5cnkibsc9q\gradle-9.5.0\lib\agents\gradle-instrumentation-agent-9.5.0.jar 
java_command: org.gradle.launcher.daemon.bootstrap.GradleDaemon 9.5.0
java_class_path (initial): C:\Users\Lenovo\.gradle\wrapper\dists\gradle-9.5.0-bin\bvnork1r7n8i6kp5cnkibsc9q\gradle-9.5.0\lib\gradle-daemon-main-9.5.0.jar
Launcher Type: SUN_STANDARD

[Global flags]
     intx CICompilerCount                          = 12                                        {product} {ergonomic}
     uint ConcGCThreads                            = 3                                         {product} {ergonomic}
     uint G1ConcRefinementThreads                  = 13                                        {product} {ergonomic}
   size_t G1HeapRegionSize                         = 1048576                                   {product} {ergonomic}
   size_t InitialHeapSize                          = 130023424                                 {product} {ergonomic}
   size_t MarkStackSize                            = 4194304                                   {product} {ergonomic}
   size_t MarkStackSizeMax                         = 536870912                                 {product} {ergonomic}
   size_t MaxHeapSize                              = 2147483648                                {product} {command line}
   size_t MaxNewSize                               = 1287651328                                {product} {ergonomic}
   size_t MinHeapDeltaBytes                        = 1048576                                   {product} {ergonomic}
   size_t MinHeapSize                              = 8388608                                   {product} {ergonomic}
    uintx NonNMethodCodeHeapSize                   = 7602176                                {pd product} {ergonomic}
    uintx NonProfiledCodeHeapSize                  = 122093568                              {pd product} {ergonomic}
    uintx ProfiledCodeHeapSize                     = 121962496                              {pd product} {ergonomic}
    uintx ReservedCodeCacheSize                    = 251658240                              {pd product} {ergonomic}
     bool SegmentedCodeCache                       = true                                      {product} {ergonomic}
   size_t SoftMaxHeapSize                          = 2147483648                             {manageable} {ergonomic}
     bool UseCompressedOops                        = true                           {product lp64_product} {ergonomic}
     bool UseG1GC                                  = true                                      {product} {ergonomic}
     bool UseLargePagesIndividualAllocation        = false                                  {pd product} {ergonomic}

Logging:
Log output configuration:
 #0: stdout all=warning uptime,level,tags foldmultilines=false
 #1: stderr all=off uptime,level,tags foldmultilines=false

Release file:
JAVA_VERSION="25.0.2" 
MODULES="java.base java.compiler java.datatransfer java.xml java.prefs java.desktop java.instrument java.logging java.management java.security.sasl java.naming java.rmi java.management.rmi java.net.http java.scripting java.security.jgss java.transaction.xa java.sql java.sql.rowset java.xml.crypto java.se java.smartcardio jdk.accessibility jdk.internal.jvmstat jdk.attach jdk.charsets jdk.internal.opt jdk.zipfs jdk.compiler jdk.crypto.cryptoki jdk.crypto.ec jdk.dynalink jdk.hotspot.agent jdk.httpserver jdk.internal.ed jdk.internal.le jdk.internal.md jdk.internal.vm.ci jdk.jartool jdk.javadoc jdk.jcmd jdk.jdeps jdk.jdwp.agent jdk.jdi jdk.jfr jdk.jlink jdk.localedata jdk.management jdk.management.agent jdk.management.jfr jdk.naming.dns jdk.naming.rmi jdk.net jdk.sctp jdk.security.auth jdk.security.jgss jdk.unsupported jdk.unsupported.desktop jdk.xml.dom" 
IMPLEMENTOR="JetBrains s.r.o." 
JAVA_RUNTIME_VERSION="25.0.2+-15348964-b329.117" 
LIBC="default" 
OS_ARCH="x86_64" 
OS_NAME="Windows" 
SOURCE=".:git:3cf398e84a39" 

Environment Variables:
JAVA_HOME=C:\Program Files\Eclipse Adoptium\jdk-21.0.12.101-hotspot
PATH=C:\Program Files\Eclipse Adoptium\jdk-21.0.12.101-hotspot\bin;C:\Users\Lenovo\.config\herd\bin\nvm;C:\oraclexe\app\oracle\product\10.2.0\server\bin;C:\Windows\system32;C:\Windows;C:\Windows\System32\Wbem;C:\Windows\System32\WindowsPowerShell\v1.0\;C:\Windows\System32\OpenSSH\;C:\Program Files (x86)\NVIDIA Corporation\PhysX\Common;C:\Program Files\NVIDIA Corporation\NVIDIA NvDLISR;C:\Program Files\Git\cmd;C:\ProgramData\ComposerSetup\bin;C:\WINDOWS\system32;C:\WINDOWS;C:\WINDOWS\System32\Wbem;C:\WINDOWS\System32\WindowsPowerShell\v1.0\;C:\WINDOWS\System32\OpenSSH\;C:\Program Files\nodejs;E:\Android\Sdk\platform-tools;E:\Android\Sdk\cmdline-tools\latest\bin;E:\src\flutter\bin;C:\Users\Lenovo\.config\herd\bin;C:\Users\Lenovo\AppData\Local\Programs\Python\Python313\Scripts\;C:\Users\Lenovo\AppData\Local\Programs\Python\Python313\;C:\Users\Lenovo\AppData\Local\Programs\Python\Python38\Scripts\;C:\Users\Lenovo\AppData\Local\Programs\Python\Python38\;C:\Users\Lenovo\AppData\Local\Programs\Python\Launcher\;C:\Users\Lenovo\AppData\Local\Microsoft\WindowsApps;C:\Users\Lenovo\AppData\Local\Programs\Microsoft VS Code\bin;C:\Users\Lenovo\AppData\Roaming\Composer\vendor\bin;E:\apache-maven-3.9.10\bin;C:\Users\Lenovo\AppData\Local\Microsoft\WindowsApps;C:\Program Files\JetBrains\IntelliJ IDEA 2025.2.1\bin;C:\Users\Lenovo\AppData\Local\Programs\Ollama;E:\Ollama;C:\Users\Lenovo\AppData\Local\spicetify;;C:\Users\Lenovo\AppData\Local\Programs\DockerDesktop\resources\bin;E:\Antigravity IDE\bin
USERNAME=Lenovo
OS=Windows_NT
PROCESSOR_IDENTIFIER=Intel64 Family 6 Model 186 Stepping 2, GenuineIntel
TMP=C:\Users\Lenovo\AppData\Local\Temp
TEMP=C:\Users\Lenovo\AppData\Local\Temp




Compilation memory statistics disabled.

Periodic native trim disabled

JNI global refs:
JNI global refs: 33, weak refs: 16

JNI global refs memory usage: 835, weak refs: 833

Process memory usage:
Resident Set Size: 515716K (6% of 8106040K total physical memory with 92500K free physical memory)

OOME stack traces (most recent first):
Classloader memory used:
Loader org.gradle.internal.classloader.VisitableURLClassLoader                         : 40313 K
Loader bootstrap                                                                       : 25960 K
Loader org.gradle.internal.classloader.VisitableURLClassLoader$InstrumentingVisitableURLClassLoader: 17087 K
Loader org.gradle.initialization.MixInLegacyTypesClassLoader                           : 9214 K
Loader jdk.internal.loader.ClassLoaders$AppClassLoader                                 : 188 K
Loader jdk.internal.loader.ClassLoaders$PlatformClassLoader                            : 138 K

Classes loaded by more than one classloader:
Class org.gradle.internal.classloader.FilteringClassLoader                            : loaded 2 times (x 106B)
Class org.gradle.internal.classloader.ClassLoaderHierarchy                            : loaded 2 times (x 72B)
Class com.google.common.collect.ImmutableList$1                                       : loaded 2 times (x 99B)
Class com.google.common.collect.AbstractMapBasedMultimap$WrappedCollection            : loaded 2 times (x 126B)
Class com.google.common.io.ByteArrayDataOutput                                        : loaded 2 times (x 72B)
Class com.google.common.collect.UnmodifiableListIterator                              : loaded 2 times (x 97B)
Class com.google.common.base.Platform$JdkPatternCompiler                              : loaded 2 times (x 77B)
Class com.google.common.base.Suppliers                                                : loaded 2 times (x 73B)
Class org.gradle.internal.classloader.DefaultClassLoaderFactory                       : loaded 2 times (x 84B)
Class com.google.common.collect.ImmutableEnumMap                                      : loaded 2 times (x 128B)
Class com.google.common.collect.ListMultimap                                          : loaded 2 times (x 72B)
Class com.google.common.collect.ImmutableSet$SerializedForm                           : loaded 2 times (x 75B)
Class org.gradle.api.internal.DefaultClassPathProvider                                : loaded 2 times (x 78B)
Class [Lorg.gradle.api.internal.ClassPathProvider;                                    : loaded 2 times (x 71B)
Class org.gradle.api.internal.ClassPathProvider                                       : loaded 2 times (x 72B)
Class org.gradle.internal.service.UnknownServiceException                             : loaded 2 times (x 85B)
Class com.google.common.io.ByteArrayDataInput                                         : loaded 2 times (x 72B)
Class com.google.common.io.ByteStreams                                                : loaded 2 times (x 73B)
Class com.google.common.collect.MapDifference                                         : loaded 2 times (x 72B)
Class org.gradle.internal.classpath.TransformedClassPath                              : loaded 2 times (x 98B)
Class org.gradle.internal.classloader.InstrumentingClassLoader                        : loaded 2 times (x 72B)
Class com.google.common.collect.Iterators$ArrayItr                                    : loaded 2 times (x 99B)
Class com.google.common.collect.ImmutableCollection$Builder                           : loaded 2 times (x 78B)
Class com.google.common.base.Joiner                                                   : loaded 2 times (x 82B)
Class com.google.common.collect.UnmodifiableIterator                                  : loaded 2 times (x 82B)
Class org.gradle.internal.service.ServiceLocator                                      : loaded 2 times (x 72B)
Class com.google.common.collect.Iterators$SingletonIterator                           : loaded 2 times (x 83B)
Class com.google.common.collect.AbstractMapEntry                                      : loaded 2 times (x 83B)
Class com.google.common.collect.AbstractMultimap                                      : loaded 2 times (x 125B)
Class com.google.common.collect.RegularImmutableAsList                                : loaded 2 times (x 219B)
Class com.google.common.util.concurrent.AbstractFuture$Trusted                        : loaded 2 times (x 72B)
Class com.google.common.collect.Iterators                                             : loaded 2 times (x 73B)
Class com.google.common.collect.Lists$StringAsImmutableList                           : loaded 2 times (x 209B)
Class com.google.common.collect.BiMap                                                 : loaded 2 times (x 72B)
Class org.gradle.api.internal.classpath.DefaultModuleRegistry$DefaultModule           : loaded 2 times (x 84B)
Class com.google.common.primitives.Ints                                               : loaded 2 times (x 73B)
Class com.google.common.collect.AbstractIterator                                      : loaded 2 times (x 84B)
Class com.google.common.math.MathPreconditions                                        : loaded 2 times (x 73B)
Class com.google.common.collect.AbstractIndexedListIterator                           : loaded 2 times (x 98B)
Class com.google.common.collect.ArrayListMultimapGwtSerializationDependencies         : loaded 2 times (x 173B)
Class com.google.common.collect.Multiset                                              : loaded 2 times (x 72B)
Class org.gradle.api.internal.classpath.Module                                        : loaded 2 times (x 72B)
Class org.gradle.api.internal.classpath.UnknownModuleException                        : loaded 2 times (x 84B)
Class com.google.common.util.concurrent.AbstractFuture$Cancellation                   : loaded 2 times (x 74B)
Class org.gradle.api.internal.DefaultClassPathRegistry                                : loaded 2 times (x 78B)
Class com.google.common.primitives.IntsMethodsForWeb                                  : loaded 2 times (x 73B)
Class com.google.common.collect.Multimap                                              : loaded 2 times (x 72B)
Class org.gradle.internal.classpath.DefaultClassPath$ImmutableUniqueList              : loaded 2 times (x 201B)
Class org.gradle.api.internal.ClassPathRegistry                                       : loaded 2 times (x 72B)
Class com.google.common.collect.SingletonImmutableList                                : loaded 2 times (x 209B)
Class org.gradle.internal.classpath.ClassPath                                         : loaded 2 times (x 72B)
Class com.google.common.collect.ImmutableList$ReverseImmutableList                    : loaded 2 times (x 211B)
Class com.google.common.base.JdkPattern                                               : loaded 2 times (x 77B)
Class org.gradle.api.internal.classpath.DefaultModuleRegistry$DefaultModuleAlias      : loaded 2 times (x 82B)
Class com.google.common.collect.Iterators$1                                           : loaded 2 times (x 83B)
Class com.google.common.collect.ImmutableMap$IteratorBasedImmutableMap                : loaded 2 times (x 128B)
Class com.google.common.collect.SingletonImmutableSet                                 : loaded 2 times (x 148B)
Class com.google.common.collect.Iterators$4                                           : loaded 2 times (x 84B)
Class com.google.common.collect.AbstractListMultimap                                  : loaded 2 times (x 173B)
Class org.gradle.api.internal.classpath.ModuleRegistry                                : loaded 2 times (x 72B)
Class org.gradle.internal.installation.GradleInstallation$1                           : loaded 2 times (x 77B)
Class com.google.common.util.concurrent.internal.InternalFutureFailureAccess          : loaded 2 times (x 74B)
Class com.google.common.collect.ImmutableSet$JdkBackedSetBuilderImpl                  : loaded 2 times (x 78B)
Class com.google.common.collect.Iterators$5                                           : loaded 2 times (x 84B)
Class com.google.common.collect.ImmutableCollection                                   : loaded 2 times (x 127B)
Class org.gradle.api.internal.classpath.DefaultModuleRegistry                         : loaded 2 times (x 86B)
Class com.google.common.util.concurrent.ListenableFuture                              : loaded 2 times (x 72B)
Class com.google.common.collect.Lists                                                 : loaded 2 times (x 73B)
Class com.google.common.base.Converter                                                : loaded 2 times (x 92B)
Class com.google.common.collect.ImmutableSet$CachingAsList                            : loaded 2 times (x 150B)
Class com.google.common.util.concurrent.AbstractFuture                                : loaded 2 times (x 108B)
Class com.google.common.collect.Iterators$9                                           : loaded 2 times (x 83B)
Class com.google.common.collect.AbstractMapBasedMultimap                              : loaded 2 times (x 140B)
Class com.google.common.collect.ImmutableAsList                                       : loaded 2 times (x 211B)
Class org.gradle.internal.service.ServiceLookupException                              : loaded 2 times (x 84B)
Class org.gradle.internal.classloader.ClassLoaderFactory                              : loaded 2 times (x 72B)
Class com.google.common.base.CommonPattern                                            : loaded 2 times (x 76B)
Class org.gradle.internal.service.CachingServiceLocator                               : loaded 2 times (x 84B)
Class com.google.common.math.IntMath                                                  : loaded 2 times (x 73B)
Class com.google.common.base.Function                                                 : loaded 2 times (x 72B)
Class com.google.common.collect.RegularImmutableList                                  : loaded 2 times (x 215B)
Class org.gradle.internal.classloader.ClasspathUtil                                   : loaded 2 times (x 73B)
Class com.google.common.util.concurrent.LazyLogger                                    : loaded 2 times (x 74B)
Class com.google.common.collect.Maps                                                  : loaded 2 times (x 73B)
Class org.gradle.api.specs.Spec                                                       : loaded 2 times (x 72B)
Class com.google.common.base.Platform                                                 : loaded 2 times (x 73B)
Class com.google.common.collect.Maps$8                                                : loaded 2 times (x 84B)
Class org.gradle.internal.classloader.VisitableURLClassLoader$InstrumentingVisitableURLClassLoader: loaded 2 times (x 124B)
Class com.google.common.math.IntMath$1                                                : loaded 2 times (x 73B)
Class org.gradle.internal.classloader.VisitableURLClassLoader$Spec                    : loaded 2 times (x 76B)
Class org.gradle.internal.classpath.DefaultClassPath                                  : loaded 2 times (x 92B)
Class com.google.common.io.Closer                                                     : loaded 2 times (x 80B)
Class com.google.common.collect.ImmutableSet                                          : loaded 2 times (x 147B)
Class org.gradle.internal.classloader.ClassLoaderSpec                                 : loaded 2 times (x 73B)
Class com.google.common.util.concurrent.AbstractFuture$Listener                       : loaded 2 times (x 74B)
Class com.google.common.io.Closer$Suppressor                                          : loaded 2 times (x 72B)
Class org.gradle.api.internal.classpath.Module$ModuleAlias                            : loaded 2 times (x 72B)
Class com.google.common.base.Supplier                                                 : loaded 2 times (x 72B)
Class org.gradle.internal.classloader.VisitableURLClassLoader                         : loaded 2 times (x 118B)
Class org.gradle.internal.Cast                                                        : loaded 2 times (x 73B)
Class org.gradle.api.Action                                                           : loaded 2 times (x 72B)
Class com.google.common.base.Strings                                                  : loaded 2 times (x 73B)
Class com.google.common.collect.ImmutableMap                                          : loaded 2 times (x 122B)
Class org.gradle.internal.classpath.DefaultClassPath$ImmutableUniqueList$Builder      : loaded 2 times (x 77B)
Class com.google.common.collect.ArrayListMultimap                                     : loaded 2 times (x 173B)
Class org.gradle.api.GradleException                                                  : loaded 2 times (x 84B)
Class com.google.common.base.Suppliers$MemoizingSupplier                              : loaded 2 times (x 81B)
Class com.google.common.collect.CollectPreconditions                                  : loaded 2 times (x 73B)
Class com.google.common.collect.SortedMapDifference                                   : loaded 2 times (x 72B)
Class org.gradle.internal.IoActions                                                   : loaded 2 times (x 73B)
Class com.google.common.collect.ImmutableSet$RegularSetBuilderImpl                    : loaded 2 times (x 78B)
Class com.google.common.io.ByteStreams$LimitedInputStream                             : loaded 2 times (x 94B)
Class com.google.common.base.Suppliers$NonSerializableMemoizingSupplier               : loaded 2 times (x 81B)
Class com.google.common.util.concurrent.AbstractFuture$Failure                        : loaded 2 times (x 74B)
Class com.google.common.collect.Hashing                                               : loaded 2 times (x 73B)
Class com.google.common.base.PatternCompiler                                          : loaded 2 times (x 72B)
Class com.google.common.base.Preconditions                                            : loaded 2 times (x 73B)
Class com.google.common.base.Joiner$1                                                 : loaded 2 times (x 83B)
Class com.google.common.collect.PeekingIterator                                       : loaded 2 times (x 72B)
Class com.google.common.base.Joiner$2                                                 : loaded 2 times (x 82B)
Class com.google.common.collect.Maps$BiMapConverter                                   : loaded 2 times (x 92B)
Class com.google.common.collect.ImmutableSet$Builder                                  : loaded 2 times (x 87B)
Class com.google.common.io.ByteStreams$1                                              : loaded 2 times (x 87B)
Class org.gradle.internal.installation.CurrentGradleInstallationLocator               : loaded 2 times (x 73B)
Class com.google.common.collect.ImmutableList                                         : loaded 2 times (x 208B)
Class org.gradle.internal.service.DefaultServiceLocator                               : loaded 2 times (x 85B)
Class com.google.common.collect.ImmutableSet$SetBuilderImpl                           : loaded 2 times (x 78B)
Class org.gradle.internal.installation.CurrentGradleInstallation                      : loaded 2 times (x 75B)
Class com.google.common.collect.ImmutableList$SubList                                 : loaded 2 times (x 211B)
Class com.google.common.collect.ForwardingObject                                      : loaded 2 times (x 74B)
Class org.gradle.util.internal.GUtil                                                  : loaded 2 times (x 73B)
Class com.google.common.collect.Iterators$MergingIterator                             : loaded 2 times (x 83B)
Class com.google.common.collect.RegularImmutableSet                                   : loaded 2 times (x 150B)
Class org.gradle.internal.installation.GradleInstallation                             : loaded 2 times (x 77B)

---------------  S Y S T E M  ---------------

OS:
 Windows 11 , 64 bit Build 26100 (10.0.26100.9444)
OS uptime: 0 days 5:53 hours
Hyper-V role detected

CPU: total 16 (initial active 16) (8 cores per cpu, 2 threads per core) family 6 model 186 stepping 2 microcode 0x410e, cx8, cmov, fxsr, ht, mmx, 3dnowpref, sse, sse2, sse3, ssse3, sse4.1, sse4.2, popcnt, lzcnt, tsc, tscinvbit, avx, avx2, aes, erms, clmul, bmi1, bmi2, adx, sha, fma, vzeroupper, clflush, clflushopt, clwb, hv, serialize, rdtscp, rdpid, fsrm, gfni, f16c, cet_ibt, cet_ss
Processor Information for processor 0
  Max Mhz: 2400, Current Mhz: 2400, Mhz Limit: 2400
Processor Information for processor 1
  Max Mhz: 2400, Current Mhz: 2400, Mhz Limit: 2400
Processor Information for processor 2
  Max Mhz: 2400, Current Mhz: 2400, Mhz Limit: 2400
Processor Information for processor 3
  Max Mhz: 2400, Current Mhz: 2400, Mhz Limit: 2400
Processor Information for processor 4
  Max Mhz: 2400, Current Mhz: 2400, Mhz Limit: 2400
Processor Information for processor 5
  Max Mhz: 2400, Current Mhz: 2400, Mhz Limit: 2400
Processor Information for processor 6
  Max Mhz: 2400, Current Mhz: 2400, Mhz Limit: 2400
Processor Information for processor 7
  Max Mhz: 2400, Current Mhz: 2400, Mhz Limit: 2400
Processor Information for processor 8
  Max Mhz: 2400, Current Mhz: 2400, Mhz Limit: 2400
Processor Information for processor 9
  Max Mhz: 2400, Current Mhz: 2400, Mhz Limit: 2400
Processor Information for processor 10
  Max Mhz: 2400, Current Mhz: 2400, Mhz Limit: 2400
Processor Information for processor 11
  Max Mhz: 2400, Current Mhz: 2400, Mhz Limit: 2400
Processor Information for processor 12
  Max Mhz: 2400, Current Mhz: 1800, Mhz Limit: 1800
Processor Information for processor 13
  Max Mhz: 2400, Current Mhz: 1800, Mhz Limit: 1800
Processor Information for processor 14
  Max Mhz: 2400, Current Mhz: 1800, Mhz Limit: 1800
Processor Information for processor 15
  Max Mhz: 2400, Current Mhz: 1800, Mhz Limit: 1800

Memory: 4k page, system-wide physical 7916M (114M free)
TotalPageFile size 16882M (AvailPageFile size 118M)
current process WorkingSet (physical memory assigned to process): 504M, peak: 504M
current process commit charge ("private bytes"): 684M, peak: 1023M

vm_info: OpenJDK 64-Bit Server VM (25.0.2+-15348964-b329.117) for windows-amd64 JRE (25.0.2+-15348964-b329.117), built on 2026-05-05T18:25:19Z with MS VC++ 16.10 / 16.11 (VS2019)

END.
