#
# There is insufficient memory for the Java Runtime Environment to continue.
# Native memory allocation (mmap) failed to map 168820736 bytes. Error detail: G1 virtual space
# Possible reasons:
#   The system is out of physical RAM or swap space
#   This process is running with CompressedOops enabled, and the Java Heap may be blocking the growth of the native heap
# Possible solutions:
#   Reduce memory load on the system
#   Increase physical memory or swap space
#   Check if swap backing store is full
#   Decrease Java heap size (-Xmx/-Xms)
#   Decrease number of Java threads
#   Decrease Java thread stack sizes (-Xss)
#   Set larger code cache with -XX:ReservedCodeCacheSize=
#   JVM is running with Unscaled Compressed Oops mode in which the Java heap is
#     placed in the first 4GB address space. The Java Heap base address is the
#     maximum limit for the native heap growth. Please use -XX:HeapBaseMinAddress
#     to set the Java Heap base and to place the Java Heap above 4GB virtual address.
# This output file may be truncated or incomplete.
#
#  Out of Memory Error (os_windows.cpp:3766), pid=20508, tid=22096
#
# JRE version: OpenJDK Runtime Environment (25.0.2) (build 25.0.2+-15348964-b329.117)
# Java VM: OpenJDK 64-Bit Server VM (25.0.2+-15348964-b329.117, mixed mode, tiered, compressed oops, compressed class ptrs, g1 gc, windows-amd64)
# No core dump will be written. Minidumps are not enabled by default on client versions of Windows
#

---------------  S U M M A R Y ------------

Command Line: --add-opens=java.base/java.lang=ALL-UNNAMED --add-opens=java.base/java.lang.invoke=ALL-UNNAMED --add-opens=java.base/java.util=ALL-UNNAMED --add-opens=java.prefs/java.util.prefs=ALL-UNNAMED --add-exports=jdk.compiler/com.sun.tools.javac.api=ALL-UNNAMED --add-exports=jdk.compiler/com.sun.tools.javac.util=ALL-UNNAMED --add-opens=java.base/java.nio.charset=ALL-UNNAMED --add-opens=java.base/java.net=ALL-UNNAMED --add-opens=java.base/java.util.concurrent=ALL-UNNAMED --add-opens=java.base/java.util.concurrent.atomic=ALL-UNNAMED --add-opens=java.xml/javax.xml.namespace=ALL-UNNAMED --add-opens=java.base/java.time=ALL-UNNAMED --enable-native-access=ALL-UNNAMED -Xmx2048m -Dfile.encoding=UTF-8 -Duser.country=ID -Duser.language=en -Duser.variant -javaagent:C:\Users\Lenovo\.gradle\wrapper\dists\gradle-9.5.0-bin\bvnork1r7n8i6kp5cnkibsc9q\gradle-9.5.0\lib\agents\gradle-instrumentation-agent-9.5.0.jar org.gradle.launcher.daemon.bootstrap.GradleDaemon 9.5.0

Host: 13th Gen Intel(R) Core(TM) i7-13620H, 16 cores, 7G,  Windows 11 , 64 bit Build 26100 (10.0.26100.9444)
Time: Tue Sep 22 15:53:38 2026 SE Asia Standard Time elapsed time: 17.003378 seconds (0d 0h 0m 17s)

---------------  T H R E A D  ---------------

Current thread (0x00000230fa1c4d60):  VMThread "VM Thread"          [id=22096, stack(0x000000daf4200000,0x000000daf4300000) (1024K)]

Stack: [0x000000daf4200000,0x000000daf4300000]
Native frames: (J=compiled Java code, j=interpreted, Vv=VM code, C=native code)
V  [jvm.dll+0x7bd439]  (no source info available)
V  [jvm.dll+0x78763d]  (no source info available)
V  [jvm.dll+0xa0c885]  (no source info available)
V  [jvm.dll+0xa0ef04]  (no source info available)
V  [jvm.dll+0xa0f603]  (no source info available)
V  [jvm.dll+0x309bf6]  (no source info available)
V  [jvm.dll+0x7b9545]  (no source info available)
V  [jvm.dll+0x7ac047]  (no source info available)
V  [jvm.dll+0x3fdeab]  (no source info available)
V  [jvm.dll+0x406066]  (no source info available)
V  [jvm.dll+0x3f2516]  (no source info available)
V  [jvm.dll+0x3f27f8]  (no source info available)
V  [jvm.dll+0x3c7b82]  (no source info available)
V  [jvm.dll+0x3c7c1a]  (no source info available)
V  [jvm.dll+0x4172d0]  (no source info available)
V  [jvm.dll+0x415bf1]  (no source info available)
V  [jvm.dll+0x3c72b7]  (no source info available)
V  [jvm.dll+0x41502f]  (no source info available)
V  [jvm.dll+0xa158ca]  (no source info available)
V  [jvm.dll+0xa16bd1]  (no source info available)
V  [jvm.dll+0xa17148]  (no source info available)
V  [jvm.dll+0xa173d3]  (no source info available)
V  [jvm.dll+0x9ab9c8]  (no source info available)
V  [jvm.dll+0x7bb985]  (no source info available)
C  [ucrtbase.dll+0x2cd30]  (no source info available)
C  [KERNEL32.DLL+0x2cd87]  (no source info available)
C  [ntdll.dll+0xacaec]  (no source info available)

VM_Operation (0x000000dafaffe020): G1CollectForAllocation, mode: safepoint, requested by thread 0x000002309a8f2020


---------------  P R O C E S S  ---------------

Threads class SMR info:
_java_thread_list=0x00000230950ee4a0, length=108, elements={
0x00000230eea57890, 0x00000230fa1ec590, 0x00000230fa6914b0, 0x00000230fa691c70,
0x00000230fa203320, 0x00000230fa203ae0, 0x00000230fa2042a0, 0x00000230fa213490,
0x00000230fa205a70, 0x00000230fa213f80, 0x00000230fa81a380, 0x00000230fa83df60,
0x00000230faa14990, 0x00000230ff2a96d0, 0x000002309089b2f0, 0x0000023091131dc0,
0x0000023090d8cf90, 0x0000023090d85740, 0x0000023090d81ee0, 0x0000023090867dd0,
0x0000023090b11b40, 0x0000023090b10ba0, 0x0000023090b103d0, 0x0000023090b12310,
0x0000023090b16960, 0x0000023090b16190, 0x0000023090b14250, 0x0000023091551050,
0x000002309154e940, 0x000002309154f110, 0x0000023091213ea0, 0x0000023091f4aa80,
0x0000023091214e40, 0x0000023091217550, 0x0000023091217d20, 0x00000230912184f0,
0x00000230929aafa0, 0x00000230929a9060, 0x00000230929ab770, 0x00000230929aee20,
0x0000023091e7fc30, 0x00000230919eed40, 0x00000230919f0c80, 0x00000230919f23f0,
0x00000230919ef510, 0x00000230919f3390, 0x00000230919efce0, 0x00000230919f4b00,
0x00000230919f4330, 0x00000230919f1c20, 0x00000230919f6270, 0x00000230944d6b40,
0x00000230944d82b0, 0x00000230944d53d0, 0x00000230944dc130, 0x00000230944da9c0,
0x00000230944db960, 0x000002309370b130, 0x000002309370c0d0, 0x000002309370a190,
0x000002309370e010, 0x000002309370d070, 0x000002309370f780, 0x000002309370e7e0,
0x0000023091b2c990, 0x0000023091b2d930, 0x0000023091b2b220, 0x0000023091b2a280,
0x0000023091b2e8d0, 0x0000023091b317b0, 0x0000023091b2f0a0, 0x0000023091b32f20,
0x0000023091b35e00, 0x0000023091b37d40, 0x0000023091b38510, 0x0000023091b38ce0,
0x0000023091b35630, 0x0000023091e80bd0, 0x0000023091e81b70, 0x00000230952e6770,
0x00000230952e30c0, 0x00000230952e5000, 0x0000023093764150, 0x0000023094cff010,
0x00000230952e57d0, 0x0000023091857b50, 0x0000023095116540, 0x0000023094cfe840,
0x000002309514e870, 0x0000023094cf53c0, 0x0000023093682ab0, 0x00000230936822e0,
0x000002309aa04730, 0x00000230952ea5f0, 0x000002309a14cc20, 0x000002309a8f2020,
0x000002309a39fd30, 0x00000230937629e0, 0x000002309a14d3f0, 0x00000230ff448840,
0x00000230ff03bd60, 0x0000023091858af0, 0x00000230952e9e20, 0x0000023094ed5a20,
0x00000230910874e0, 0x00000230910895b0, 0x0000023094cf6360, 0x0000023091083e30
}

Java Threads: ( => current thread )
  0x00000230eea57890 JavaThread "main"                              [_thread_blocked, id=26516, stack(0x000000daf3b00000,0x000000daf3c00000) (1024K)]
  0x00000230fa1ec590 JavaThread "Common-Cleaner"             daemon [_thread_blocked, id=3984, stack(0x000000daf4300000,0x000000daf4400000) (1024K)]
  0x00000230fa6914b0 JavaThread "Reference Handler"          daemon [_thread_blocked, id=10896, stack(0x000000daf4400000,0x000000daf4500000) (1024K)]
  0x00000230fa691c70 JavaThread "Finalizer"                  daemon [_thread_blocked, id=20504, stack(0x000000daf4500000,0x000000daf4600000) (1024K)]
  0x00000230fa203320 JavaThread "Signal Dispatcher"          daemon [_thread_blocked, id=11664, stack(0x000000daf4600000,0x000000daf4700000) (1024K)]
  0x00000230fa203ae0 JavaThread "Attach Listener"            daemon [_thread_blocked, id=22208, stack(0x000000daf4700000,0x000000daf4800000) (1024K)]
  0x00000230fa2042a0 JavaThread "Service Thread"             daemon [_thread_blocked, id=14128, stack(0x000000daf4800000,0x000000daf4900000) (1024K)]
  0x00000230fa213490 JavaThread "Monitor Deflation Thread"   daemon [_thread_blocked, id=26500, stack(0x000000daf4900000,0x000000daf4a00000) (1024K)]
  0x00000230fa205a70 JavaThread "C2 CompilerThread0"         daemon [_thread_blocked, id=24796, stack(0x000000daf4a00000,0x000000daf4b00000) (1024K)]
  0x00000230fa213f80 JavaThread "C1 CompilerThread0"         daemon [_thread_blocked, id=5876, stack(0x000000daf4b00000,0x000000daf4c00000) (1024K)]
  0x00000230fa81a380 JavaThread "C1 CompilerThread1"         daemon [_thread_blocked, id=21600, stack(0x000000daf4c00000,0x000000daf4d00000) (1024K)]
  0x00000230fa83df60 JavaThread "C1 CompilerThread2"         daemon [_thread_blocked, id=22488, stack(0x000000daf4d00000,0x000000daf4e00000) (1024K)]
  0x00000230faa14990 JavaThread "Notification Thread"        daemon [_thread_blocked, id=23192, stack(0x000000daf4e00000,0x000000daf4f00000) (1024K)]
  0x00000230ff2a96d0 JavaThread "C1 CompilerThread3"         daemon [_thread_blocked, id=22448, stack(0x000000daf4f00000,0x000000daf5000000) (1024K)]
  0x000002309089b2f0 JavaThread "Daemon health stats"               [_thread_blocked, id=24280, stack(0x000000daf5600000,0x000000daf5700000) (1024K)]
  0x0000023091131dc0 JavaThread "Incoming local TCP Connector on port 64637"        [_thread_in_native, id=11116, stack(0x000000daf5b00000,0x000000daf5c00000) (1024K)]
  0x0000023090d8cf90 JavaThread "Daemon periodic checks"            [_thread_blocked, id=26148, stack(0x000000daf5c00000,0x000000daf5d00000) (1024K)]
  0x0000023090d85740 JavaThread "Daemon"                            [_thread_blocked, id=13064, stack(0x000000daf6200000,0x000000daf6300000) (1024K)]
  0x0000023090d81ee0 JavaThread "Handler for socket connection from /127.0.0.1:64637 to /127.0.0.1:64638"        [_thread_in_native, id=15788, stack(0x000000daf6300000,0x000000daf6400000) (1024K)]
  0x0000023090867dd0 JavaThread "Cancel handler"                    [_thread_blocked, id=3760, stack(0x000000daf6400000,0x000000daf6500000) (1024K)]
  0x0000023090b11b40 JavaThread "Daemon worker"                     [_thread_blocked, id=21852, stack(0x000000daf6500000,0x000000daf6600000) (1024K)]
  0x0000023090b10ba0 JavaThread "Asynchronous log dispatcher for DefaultDaemonConnection: socket connection from /127.0.0.1:64637 to /127.0.0.1:64638"        [_thread_blocked, id=21732, stack(0x000000daf6600000,0x000000daf6700000) (1024K)]
  0x0000023090b103d0 JavaThread "Stdin handler"                     [_thread_blocked, id=22760, stack(0x000000daf6700000,0x000000daf6800000) (1024K)]
  0x0000023090b12310 JavaThread "Daemon client event forwarder"        [_thread_blocked, id=21992, stack(0x000000daf6800000,0x000000daf6900000) (1024K)]
  0x0000023090b16960 JavaThread "Cache worker for journal cache (C:\Users\Lenovo\.gradle\caches\journal-1)"        [_thread_blocked, id=5164, stack(0x000000daf6900000,0x000000daf6a00000) (1024K)]
  0x0000023090b16190 JavaThread "File lock request listener"        [_thread_in_native, id=23532, stack(0x000000daf6a00000,0x000000daf6b00000) (1024K)]
  0x0000023090b14250 JavaThread "Cache worker for file hash cache (C:\Users\Lenovo\.gradle\caches\9.5.0\fileHashes)"        [_thread_blocked, id=23796, stack(0x000000daf6b00000,0x000000daf6c00000) (1024K)]
  0x0000023091551050 JavaThread "Cache worker for file hash cache (E:\AndroidStudioProjects\MyApplication\Pertemuan 4\.gradle\9.5.0\fileHashes)"        [_thread_blocked, id=25204, stack(0x000000daf5000000,0x000000daf5100000) (1024K)]
  0x000002309154e940 JavaThread "Cache worker for checksums cache (E:\AndroidStudioProjects\MyApplication\Pertemuan 4\.gradle\9.5.0\checksums)"        [_thread_blocked, id=24120, stack(0x000000daf6c00000,0x000000daf6d00000) (1024K)]
  0x000002309154f110 JavaThread "Cache worker for Build Output Cleanup Cache (E:\AndroidStudioProjects\MyApplication\Pertemuan 4\.gradle\buildOutputCleanup)"        [_thread_blocked, id=21104, stack(0x000000daf6e00000,0x000000daf6f00000) (1024K)]
  0x0000023091213ea0 JavaThread "Cache worker for file content cache (C:\Users\Lenovo\.gradle\caches\9.5.0\fileContent)"        [_thread_blocked, id=20048, stack(0x000000daf6f00000,0x000000daf7000000) (1024K)]
  0x0000023091f4aa80 JavaThread "C2 CompilerThread1"         daemon [_thread_blocked, id=22424, stack(0x000000daf6d00000,0x000000daf6e00000) (1024K)]
  0x0000023091214e40 JavaThread "File watcher server"        daemon [_thread_blocked, id=16660, stack(0x000000daf7000000,0x000000daf7100000) (1024K)]
  0x0000023091217550 JavaThread "File watcher consumer"      daemon [_thread_blocked, id=5064, stack(0x000000daf7100000,0x000000daf7200000) (1024K)]
  0x0000023091217d20 JavaThread "Cache worker for cache directory md-supplier (C:\Users\Lenovo\.gradle\caches\9.5.0\md-supplier)"        [_thread_blocked, id=11808, stack(0x000000daf7200000,0x000000daf7300000) (1024K)]
  0x00000230912184f0 JavaThread "Cache worker for cache directory md-rule (C:\Users\Lenovo\.gradle\caches\9.5.0\md-rule)"        [_thread_blocked, id=10640, stack(0x000000daf7300000,0x000000daf7400000) (1024K)]
  0x00000230929aafa0 JavaThread "build event listener"              [_thread_blocked, id=3812, stack(0x000000daf7500000,0x000000daf7600000) (1024K)]
  0x00000230929a9060 JavaThread "build event listener"              [_thread_blocked, id=20224, stack(0x000000daf7600000,0x000000daf7700000) (1024K)]
  0x00000230929ab770 JavaThread "Build operations"                  [_thread_blocked, id=23268, stack(0x000000daf7700000,0x000000daf7800000) (1024K)]
  0x00000230929aee20 JavaThread "Memory manager"                    [_thread_blocked, id=17828, stack(0x000000daf7400000,0x000000daf7500000) (1024K)]
  0x0000023091e7fc30 JavaThread "included builds"                   [_thread_blocked, id=13176, stack(0x000000daf7800000,0x000000daf7900000) (1024K)]
  0x00000230919eed40 JavaThread "Execution worker"                  [_thread_blocked, id=13780, stack(0x000000daf7900000,0x000000daf7a00000) (1024K)]
  0x00000230919f0c80 JavaThread "Execution worker Thread 2"         [_thread_blocked, id=19156, stack(0x000000daf7a00000,0x000000daf7b00000) (1024K)]
  0x00000230919f23f0 JavaThread "Execution worker Thread 3"         [_thread_blocked, id=22796, stack(0x000000daf7b00000,0x000000daf7c00000) (1024K)]
  0x00000230919ef510 JavaThread "Execution worker Thread 4"         [_thread_blocked, id=3420, stack(0x000000daf7c00000,0x000000daf7d00000) (1024K)]
  0x00000230919f3390 JavaThread "Execution worker Thread 5"         [_thread_blocked, id=22016, stack(0x000000daf7d00000,0x000000daf7e00000) (1024K)]
  0x00000230919efce0 JavaThread "Execution worker Thread 6"         [_thread_blocked, id=23496, stack(0x000000daf7e00000,0x000000daf7f00000) (1024K)]
  0x00000230919f4b00 JavaThread "Execution worker Thread 7"         [_thread_blocked, id=18796, stack(0x000000daf7f00000,0x000000daf8000000) (1024K)]
  0x00000230919f4330 JavaThread "Execution worker Thread 8"         [_thread_blocked, id=12072, stack(0x000000daf8000000,0x000000daf8100000) (1024K)]
  0x00000230919f1c20 JavaThread "Execution worker Thread 9"         [_thread_blocked, id=23444, stack(0x000000daf8100000,0x000000daf8200000) (1024K)]
  0x00000230919f6270 JavaThread "Execution worker Thread 10"        [_thread_blocked, id=12592, stack(0x000000daf8200000,0x000000daf8300000) (1024K)]
  0x00000230944d6b40 JavaThread "Execution worker Thread 11"        [_thread_blocked, id=25332, stack(0x000000daf8300000,0x000000daf8400000) (1024K)]
  0x00000230944d82b0 JavaThread "Execution worker Thread 12"        [_thread_blocked, id=6488, stack(0x000000daf8400000,0x000000daf8500000) (1024K)]
  0x00000230944d53d0 JavaThread "Execution worker Thread 13"        [_thread_blocked, id=10440, stack(0x000000daf8500000,0x000000daf8600000) (1024K)]
  0x00000230944dc130 JavaThread "Execution worker Thread 14"        [_thread_blocked, id=25904, stack(0x000000daf8600000,0x000000daf8700000) (1024K)]
  0x00000230944da9c0 JavaThread "Execution worker Thread 15"        [_thread_blocked, id=6852, stack(0x000000daf8700000,0x000000daf8800000) (1024K)]
  0x00000230944db960 JavaThread "Cache worker for execution history cache (E:\AndroidStudioProjects\MyApplication\Pertemuan 4\.gradle\9.5.0\executionHistory)"        [_thread_blocked, id=25680, stack(0x000000daf8800000,0x000000daf8900000) (1024K)]
  0x000002309370b130 JavaThread "Build operations Thread 2"         [_thread_blocked, id=1988, stack(0x000000daf8900000,0x000000daf8a00000) (1024K)]
  0x000002309370c0d0 JavaThread "Build operations Thread 3"         [_thread_blocked, id=14028, stack(0x000000daf8a00000,0x000000daf8b00000) (1024K)]
  0x000002309370a190 JavaThread "Build operations Thread 4"         [_thread_blocked, id=13284, stack(0x000000daf8b00000,0x000000daf8c00000) (1024K)]
  0x000002309370e010 JavaThread "Build operations Thread 5"         [_thread_blocked, id=13144, stack(0x000000daf8c00000,0x000000daf8d00000) (1024K)]
  0x000002309370d070 JavaThread "Build operations Thread 6"         [_thread_blocked, id=15672, stack(0x000000daf8d00000,0x000000daf8e00000) (1024K)]
  0x000002309370f780 JavaThread "Build operations Thread 7"         [_thread_blocked, id=13440, stack(0x000000daf8e00000,0x000000daf8f00000) (1024K)]
  0x000002309370e7e0 JavaThread "Build operations Thread 8"         [_thread_blocked, id=13872, stack(0x000000daf8f00000,0x000000daf9000000) (1024K)]
  0x0000023091b2c990 JavaThread "Build operations Thread 9"         [_thread_blocked, id=14928, stack(0x000000daf9000000,0x000000daf9100000) (1024K)]
  0x0000023091b2d930 JavaThread "Build operations Thread 10"        [_thread_blocked, id=1120, stack(0x000000daf9100000,0x000000daf9200000) (1024K)]
  0x0000023091b2b220 JavaThread "Build operations Thread 11"        [_thread_blocked, id=20492, stack(0x000000daf9200000,0x000000daf9300000) (1024K)]
  0x0000023091b2a280 JavaThread "Build operations Thread 12"        [_thread_blocked, id=22532, stack(0x000000daf9300000,0x000000daf9400000) (1024K)]
  0x0000023091b2e8d0 JavaThread "Build operations Thread 13"        [_thread_blocked, id=12848, stack(0x000000daf9400000,0x000000daf9500000) (1024K)]
  0x0000023091b317b0 JavaThread "Build operations Thread 14"        [_thread_blocked, id=25748, stack(0x000000daf9500000,0x000000daf9600000) (1024K)]
  0x0000023091b2f0a0 JavaThread "Build operations Thread 15"        [_thread_blocked, id=21540, stack(0x000000daf9600000,0x000000daf9700000) (1024K)]
  0x0000023091b32f20 JavaThread "Build operations Thread 16"        [_thread_blocked, id=21480, stack(0x000000daf9700000,0x000000daf9800000) (1024K)]
  0x0000023091b35e00 JavaThread "WorkerExecutor Queue"              [_thread_blocked, id=26380, stack(0x000000daf9800000,0x000000daf9900000) (1024K)]
  0x0000023091b37d40 JavaThread "ForkJoinPool-1-worker-1"    daemon [_thread_blocked, id=5664, stack(0x000000daf9900000,0x000000daf9a00000) (1024K)]
  0x0000023091b38510 JavaThread "ForkJoinPool-1-worker-2"    daemon [_thread_blocked, id=14604, stack(0x000000daf9a00000,0x000000daf9b00000) (1024K)]
  0x0000023091b38ce0 JavaThread "ForkJoinPool-1-worker-3"    daemon [_thread_blocked, id=22680, stack(0x000000daf9b00000,0x000000daf9c00000) (1024K)]
  0x0000023091b35630 JavaThread "ForkJoinPool-1-worker-4"    daemon [_thread_blocked, id=25596, stack(0x000000daf9c00000,0x000000daf9d00000) (1024K)]
  0x0000023091e80bd0 JavaThread "ForkJoinPool-1-worker-5"    daemon [_thread_blocked, id=17888, stack(0x000000daf9d00000,0x000000daf9e00000) (1024K)]
  0x0000023091e81b70 JavaThread "ForkJoinPool-1-worker-6"    daemon [_thread_blocked, id=23576, stack(0x000000daf9e00000,0x000000daf9f00000) (1024K)]
  0x00000230952e6770 JavaThread "ForkJoinPool-1-worker-7"    daemon [_thread_blocked, id=24824, stack(0x000000daf9f00000,0x000000dafa000000) (1024K)]
  0x00000230952e30c0 JavaThread "ForkJoinPool-1-worker-8"    daemon [_thread_blocked, id=19884, stack(0x000000dafa000000,0x000000dafa100000) (1024K)]
  0x00000230952e5000 JavaThread "ForkJoinPool-1-worker-9"    daemon [_thread_blocked, id=3544, stack(0x000000dafa100000,0x000000dafa200000) (1024K)]
  0x0000023093764150 JavaThread "ForkJoinPool-1-worker-10"   daemon [_thread_blocked, id=24792, stack(0x000000dafa200000,0x000000dafa300000) (1024K)]
  0x0000023094cff010 JavaThread "ForkJoinPool-1-worker-11"   daemon [_thread_blocked, id=19748, stack(0x000000dafa300000,0x000000dafa400000) (1024K)]
  0x00000230952e57d0 JavaThread "ForkJoinPool-1-worker-12"   daemon [_thread_blocked, id=25340, stack(0x000000dafa400000,0x000000dafa500000) (1024K)]
  0x0000023091857b50 JavaThread "ForkJoinPool-1-worker-13"   daemon [_thread_blocked, id=11328, stack(0x000000dafa500000,0x000000dafa600000) (1024K)]
  0x0000023095116540 JavaThread "ForkJoinPool-1-worker-14"   daemon [_thread_blocked, id=13616, stack(0x000000dafa600000,0x000000dafa700000) (1024K)]
  0x0000023094cfe840 JavaThread "ForkJoinPool-1-worker-15"   daemon [_thread_blocked, id=20920, stack(0x000000dafa700000,0x000000dafa800000) (1024K)]
  0x000002309514e870 JavaThread "ForkJoinPool-1-worker-16"   daemon [_thread_blocked, id=6608, stack(0x000000dafa800000,0x000000dafa900000) (1024K)]
  0x0000023094cf53c0 JavaThread "WorkerExecutor Queue Thread 2"        [_thread_blocked, id=1504, stack(0x000000dafa900000,0x000000dafaa00000) (1024K)]
  0x0000023093682ab0 JavaThread "ForkJoinPool-2-worker-1"    daemon [_thread_blocked, id=12640, stack(0x000000dafaa00000,0x000000dafab00000) (1024K)]
  0x00000230936822e0 JavaThread "ForkJoinPool-2-worker-2"    daemon [_thread_blocked, id=26416, stack(0x000000dafab00000,0x000000dafac00000) (1024K)]
  0x000002309aa04730 JavaThread "ForkJoinPool-2-worker-3"    daemon [_thread_blocked, id=24392, stack(0x000000dafac00000,0x000000dafad00000) (1024K)]
  0x00000230952ea5f0 JavaThread "ForkJoinPool-2-worker-4"    daemon [_thread_blocked, id=8840, stack(0x000000dafad00000,0x000000dafae00000) (1024K)]
  0x000002309a14cc20 JavaThread "ForkJoinPool-2-worker-5"    daemon [_thread_blocked, id=8924, stack(0x000000dafae00000,0x000000dafaf00000) (1024K)]
  0x000002309a8f2020 JavaThread "ForkJoinPool-2-worker-6"    daemon [_thread_blocked, id=17396, stack(0x000000dafaf00000,0x000000dafb000000) (1024K)]
  0x000002309a39fd30 JavaThread "ForkJoinPool-2-worker-7"    daemon [_thread_blocked, id=26508, stack(0x000000dafb000000,0x000000dafb100000) (1024K)]
  0x00000230937629e0 JavaThread "ForkJoinPool-2-worker-8"    daemon [_thread_blocked, id=25796, stack(0x000000dafb100000,0x000000dafb200000) (1024K)]
  0x000002309a14d3f0 JavaThread "ForkJoinPool-2-worker-9"    daemon [_thread_blocked, id=15508, stack(0x000000dafb200000,0x000000dafb300000) (1024K)]
  0x00000230ff448840 JavaThread "ForkJoinPool-2-worker-10"   daemon [_thread_blocked, id=5996, stack(0x000000dafb300000,0x000000dafb400000) (1024K)]
  0x00000230ff03bd60 JavaThread "ForkJoinPool-2-worker-11"   daemon [_thread_blocked, id=21804, stack(0x000000dafb400000,0x000000dafb500000) (1024K)]
  0x0000023091858af0 JavaThread "ForkJoinPool-2-worker-12"   daemon [_thread_blocked, id=6516, stack(0x000000dafb500000,0x000000dafb600000) (1024K)]
  0x00000230952e9e20 JavaThread "ForkJoinPool-2-worker-13"   daemon [_thread_blocked, id=23180, stack(0x000000dafb600000,0x000000dafb700000) (1024K)]
  0x0000023094ed5a20 JavaThread "ForkJoinPool-2-worker-14"   daemon [_thread_blocked, id=21908, stack(0x000000dafb700000,0x000000dafb800000) (1024K)]
  0x00000230910874e0 JavaThread "ForkJoinPool-2-worker-15"   daemon [_thread_blocked, id=5532, stack(0x000000dafb800000,0x000000dafb900000) (1024K)]
  0x00000230910895b0 JavaThread "ForkJoinPool-2-worker-16"   daemon [_thread_blocked, id=16392, stack(0x000000dafb900000,0x000000dafba00000) (1024K)]
  0x0000023094cf6360 JavaThread "WorkerExecutor Queue Thread 3"        [_thread_blocked, id=12648, stack(0x000000dafba00000,0x000000dafbb00000) (1024K)]
  0x0000023091083e30 JavaThread "Thread-59"                         [_thread_in_native, id=15160, stack(0x000000dafbb00000,0x000000dafbc00000) (1024K)]
Total: 108

Other Threads:
=>0x00000230fa1c4d60 VMThread "VM Thread"                           [id=22096, stack(0x000000daf4200000,0x000000daf4300000) (1024K)]
  0x00000230fa189bb0 WatcherThread "VM Periodic Task Thread"        [id=24292, stack(0x000000daf4100000,0x000000daf4200000) (1024K)]
  0x00000230f0e7a190 WorkerThread "GC Thread#0"                     [id=16296, stack(0x000000daf3c00000,0x000000daf3d00000) (1024K)]
  0x000002308fa413d0 WorkerThread "GC Thread#1"                     [id=1920, stack(0x000000daf5100000,0x000000daf5200000) (1024K)]
  0x000002308fb71df0 WorkerThread "GC Thread#2"                     [id=15960, stack(0x000000daf5200000,0x000000daf5300000) (1024K)]
  0x000002308fb72220 WorkerThread "GC Thread#3"                     [id=23564, stack(0x000000daf5300000,0x000000daf5400000) (1024K)]
  0x000002308fb72650 WorkerThread "GC Thread#4"                     [id=19932, stack(0x000000daf5400000,0x000000daf5500000) (1024K)]
  0x00000230ff78f920 WorkerThread "GC Thread#5"                     [id=12304, stack(0x000000daf5500000,0x000000daf5600000) (1024K)]
  0x00000230ff790eb0 WorkerThread "GC Thread#6"                     [id=17452, stack(0x000000daf5700000,0x000000daf5800000) (1024K)]
  0x00000230ff78ec30 WorkerThread "GC Thread#7"                     [id=13816, stack(0x000000daf5800000,0x000000daf5900000) (1024K)]
  0x00000230ff791300 WorkerThread "GC Thread#8"                     [id=16656, stack(0x000000daf5900000,0x000000daf5a00000) (1024K)]
  0x0000023090adfa80 WorkerThread "GC Thread#9"                     [id=7756, stack(0x000000daf5a00000,0x000000daf5b00000) (1024K)]
  0x0000023090ae3f80 WorkerThread "GC Thread#10"                    [id=11648, stack(0x000000daf5d00000,0x000000daf5e00000) (1024K)]
  0x0000023090ae3b30 WorkerThread "GC Thread#11"                    [id=24268, stack(0x000000daf5e00000,0x000000daf5f00000) (1024K)]
  0x0000023090ae0770 WorkerThread "GC Thread#12"                    [id=13812, stack(0x000000daf5f00000,0x000000daf6000000) (1024K)]
  0x00000230f0e94270 ConcurrentGCThread "G1 Main Marker"            [id=2216, stack(0x000000daf3d00000,0x000000daf3e00000) (1024K)]
  0x00000230f0e95cf0 WorkerThread "G1 Conc#0"                       [id=24132, stack(0x000000daf3e00000,0x000000daf3f00000) (1024K)]
  0x0000023090ae0bc0 WorkerThread "G1 Conc#1"                       [id=13128, stack(0x000000daf6000000,0x000000daf6100000) (1024K)]
  0x0000023090ae18b0 WorkerThread "G1 Conc#2"                       [id=23740, stack(0x000000daf6100000,0x000000daf6200000) (1024K)]
  0x00000230fa04e7c0 ConcurrentGCThread "G1 Refine#0"               [id=22624, stack(0x000000daf3f00000,0x000000daf4000000) (1024K)]
  0x00000230fa04ee80 ConcurrentGCThread "G1 Service"                [id=14684, stack(0x000000daf4000000,0x000000daf4100000) (1024K)]
Total: 21

Threads with active compile tasks:
C2 CompilerThread0  17160 13915       4       com.android.tools.r8.dex.z::h (919 bytes)
C2 CompilerThread1  17160 13961       4       com.android.tools.r8.internal.mg0::a (65 bytes)
Total: 2

VM state: at safepoint (normal execution)

VM Mutex/Monitor currently owned by a thread:  ([mutex/lock_event])
[0x00007ffec2134698] Threads_lock - owner thread: 0x00000230fa1c4d60
[0x00007ffec2134818] Heap_lock - owner thread: 0x000002309a8f2020

Heap address: 0x0000000080000000, size: 2048 MB, Compressed Oops mode: 32-bit

CDS archive(s) not mapped
Compressed class space mapped at: 0x000000002c000000-0x000000006c000000, reserved size: 1073741824
UseCompressedClassPointers 1, UseCompactObjectHeaders 0
Narrow klass pointer bits 32, Max shift 3
Narrow klass base: 0x0000000000000000, Narrow klass shift: 0
Encoding Range: [0x0000000000000000 - 0x0000000100000000), (4294967296 bytes)
Klass Range:    [0x000000002c000000 - 0x000000006c000000), (1073741824 bytes)
Klass ID Range:  [738197504 - 1811939321) (1073741817)
No protection zone.

GC Precious Log:
 CardTable entry size: 512
 Card Set container configuration: InlinePtr #cards 5 size 8 Array Of Cards #cards 10 size 36 Howl #buckets 4 coarsen threshold 1843 Howl Bitmap #cards 512 size 80 coarsen threshold 460 Card regions per heap region 1 cards per card region 2048
 CPUs: 16 total, 16 available
 Memory: 7916M
 Large Page Support: Disabled
 NUMA Support: Disabled
 Compressed Oops: Enabled (32-bit)
 Heap Region Size: 1M
 Heap Min Capacity: 8M
 Heap Initial Capacity: 124M
 Heap Max Capacity: 2G
 Pre-touch: Disabled
 Parallel Workers: 13
 Concurrent Workers: 3
 Concurrent Refinement Workers: 13
 Periodic GC: Disabled

Heap:
 garbage-first heap   total reserved 2097152K, committed 440320K, used 320000K [0x0000000080000000, 0x0000000100000000)
  region size 1024K, 13 young (13312K), 13 survivors (13312K)

Heap Regions: E=young(eden), S=young(survivor), O=old, HS=humongous(starts), HC=humongous(continues), CS=collection set, F=free, TAMS=top-at-mark-start, PB=parsable bottom
|   0|0x0000000080000000, 0x0000000080100000, 0x0000000080100000|100%|HS|  |TAMS 0x0000000080100000| PB 0x0000000080000000| Complete |  0
|   1|0x0000000080100000, 0x0000000080200000, 0x0000000080200000|100%|HC|  |TAMS 0x0000000080200000| PB 0x0000000080100000| Complete |  0
|   2|0x0000000080200000, 0x0000000080300000, 0x0000000080300000|100%|HC|  |TAMS 0x0000000080300000| PB 0x0000000080200000| Complete |  0
|   3|0x0000000080300000, 0x0000000080400000, 0x0000000080400000|100%|HC|  |TAMS 0x0000000080400000| PB 0x0000000080300000| Complete |  0
|   4|0x0000000080400000, 0x0000000080500000, 0x0000000080500000|100%| O|  |TAMS 0x0000000080500000| PB 0x0000000080400000| Untracked |  0
|   5|0x0000000080500000, 0x0000000080600000, 0x0000000080600000|100%| O|  |TAMS 0x0000000080600000| PB 0x0000000080500000| Untracked |  0
|   6|0x0000000080600000, 0x0000000080700000, 0x0000000080700000|100%| O|  |TAMS 0x0000000080700000| PB 0x0000000080600000| Untracked |  0
|   7|0x0000000080700000, 0x0000000080800000, 0x0000000080800000|100%|HS|  |TAMS 0x0000000080800000| PB 0x0000000080700000| Complete |  0
|   8|0x0000000080800000, 0x0000000080900000, 0x0000000080900000|100%| O|  |TAMS 0x0000000080900000| PB 0x0000000080800000| Untracked |  0
|   9|0x0000000080900000, 0x0000000080a00000, 0x0000000080a00000|100%| O|  |TAMS 0x0000000080a00000| PB 0x0000000080900000| Untracked |  0
|  10|0x0000000080a00000, 0x0000000080b00000, 0x0000000080b00000|100%| O|  |TAMS 0x0000000080b00000| PB 0x0000000080a00000| Untracked |  0
|  11|0x0000000080b00000, 0x0000000080c00000, 0x0000000080c00000|100%| O|  |TAMS 0x0000000080c00000| PB 0x0000000080b00000| Untracked |  0
|  12|0x0000000080c00000, 0x0000000080d00000, 0x0000000080d00000|100%| O|  |TAMS 0x0000000080d00000| PB 0x0000000080c00000| Untracked |  0
|  13|0x0000000080d00000, 0x0000000080e00000, 0x0000000080e00000|100%| O|  |TAMS 0x0000000080e00000| PB 0x0000000080d00000| Untracked |  0
|  14|0x0000000080e00000, 0x0000000080f00000, 0x0000000080f00000|100%| O|  |TAMS 0x0000000080f00000| PB 0x0000000080e00000| Untracked |  0
|  15|0x0000000080f00000, 0x0000000081000000, 0x0000000081000000|100%| O|  |TAMS 0x0000000081000000| PB 0x0000000080f00000| Untracked |  0
|  16|0x0000000081000000, 0x0000000081100000, 0x0000000081100000|100%| O|  |TAMS 0x0000000081100000| PB 0x0000000081000000| Untracked |  0
|  17|0x0000000081100000, 0x0000000081200000, 0x0000000081200000|100%| O|  |TAMS 0x0000000081200000| PB 0x0000000081100000| Untracked |  0
|  18|0x0000000081200000, 0x0000000081300000, 0x0000000081300000|100%| O|  |TAMS 0x0000000081300000| PB 0x0000000081200000| Untracked |  0
|  19|0x0000000081300000, 0x0000000081400000, 0x0000000081400000|100%|HS|  |TAMS 0x0000000081400000| PB 0x0000000081300000| Complete |  0
|  20|0x0000000081400000, 0x0000000081500000, 0x0000000081500000|100%| O|  |TAMS 0x0000000081500000| PB 0x0000000081400000| Untracked |  0
|  21|0x0000000081500000, 0x0000000081600000, 0x0000000081600000|100%| O|  |TAMS 0x0000000081600000| PB 0x0000000081500000| Untracked |  0
|  22|0x0000000081600000, 0x0000000081700000, 0x0000000081700000|100%| O|  |TAMS 0x0000000081700000| PB 0x0000000081600000| Untracked |  0
|  23|0x0000000081700000, 0x0000000081800000, 0x0000000081800000|100%| O|  |TAMS 0x0000000081800000| PB 0x0000000081700000| Untracked |  0
|  24|0x0000000081800000, 0x0000000081900000, 0x0000000081900000|100%| O|  |TAMS 0x0000000081900000| PB 0x0000000081800000| Untracked |  0
|  25|0x0000000081900000, 0x0000000081a00000, 0x0000000081a00000|100%|HS|  |TAMS 0x0000000081a00000| PB 0x0000000081900000| Complete |  0
|  26|0x0000000081a00000, 0x0000000081b00000, 0x0000000081b00000|100%| O|  |TAMS 0x0000000081b00000| PB 0x0000000081a00000| Untracked |  0
|  27|0x0000000081b00000, 0x0000000081c00000, 0x0000000081c00000|100%| O|  |TAMS 0x0000000081c00000| PB 0x0000000081b00000| Untracked |  0
|  28|0x0000000081c00000, 0x0000000081d00000, 0x0000000081d00000|100%|HS|  |TAMS 0x0000000081d00000| PB 0x0000000081c00000| Complete |  0
|  29|0x0000000081d00000, 0x0000000081e00000, 0x0000000081e00000|100%|HS|  |TAMS 0x0000000081e00000| PB 0x0000000081d00000| Complete |  0
|  30|0x0000000081e00000, 0x0000000081f00000, 0x0000000081f00000|100%|HC|  |TAMS 0x0000000081f00000| PB 0x0000000081e00000| Complete |  0
|  31|0x0000000081f00000, 0x0000000082000000, 0x0000000082000000|100%|HS|  |TAMS 0x0000000082000000| PB 0x0000000081f00000| Complete |  0
|  32|0x0000000082000000, 0x0000000082100000, 0x0000000082100000|100%|HS|  |TAMS 0x0000000082100000| PB 0x0000000082000000| Complete |  0
|  33|0x0000000082100000, 0x0000000082200000, 0x0000000082200000|100%|HS|  |TAMS 0x0000000082200000| PB 0x0000000082100000| Complete |  0
|  34|0x0000000082200000, 0x0000000082300000, 0x0000000082300000|100%|HC|  |TAMS 0x0000000082300000| PB 0x0000000082200000| Complete |  0
|  35|0x0000000082300000, 0x0000000082400000, 0x0000000082400000|100%| O|  |TAMS 0x0000000082400000| PB 0x0000000082300000| Untracked |  0
|  36|0x0000000082400000, 0x0000000082500000, 0x0000000082500000|100%| O|  |TAMS 0x0000000082500000| PB 0x0000000082400000| Untracked |  0
|  37|0x0000000082500000, 0x0000000082600000, 0x0000000082600000|100%| O|  |TAMS 0x0000000082600000| PB 0x0000000082500000| Untracked |  0
|  38|0x0000000082600000, 0x0000000082700000, 0x0000000082700000|100%| O|  |TAMS 0x0000000082700000| PB 0x0000000082600000| Untracked |  0
|  39|0x0000000082700000, 0x0000000082800000, 0x0000000082800000|100%| O|  |TAMS 0x0000000082800000| PB 0x0000000082700000| Untracked |  0
|  40|0x0000000082800000, 0x0000000082900000, 0x0000000082900000|100%| O|  |TAMS 0x0000000082900000| PB 0x0000000082800000| Untracked |  0
|  41|0x0000000082900000, 0x0000000082a00000, 0x0000000082a00000|100%| O|  |TAMS 0x0000000082a00000| PB 0x0000000082900000| Untracked |  0
|  42|0x0000000082a00000, 0x0000000082b00000, 0x0000000082b00000|100%| O|  |TAMS 0x0000000082b00000| PB 0x0000000082a00000| Untracked |  0
|  43|0x0000000082b00000, 0x0000000082c00000, 0x0000000082c00000|100%| O|  |TAMS 0x0000000082c00000| PB 0x0000000082b00000| Untracked |  0
|  44|0x0000000082c00000, 0x0000000082d00000, 0x0000000082d00000|100%| O|  |TAMS 0x0000000082d00000| PB 0x0000000082c00000| Untracked |  0
|  45|0x0000000082d00000, 0x0000000082e00000, 0x0000000082e00000|100%| O|  |TAMS 0x0000000082e00000| PB 0x0000000082d00000| Untracked |  0
|  46|0x0000000082e00000, 0x0000000082f00000, 0x0000000082f00000|100%|HS|  |TAMS 0x0000000082f00000| PB 0x0000000082e00000| Complete |  0
|  47|0x0000000082f00000, 0x0000000083000000, 0x0000000083000000|100%|HS|  |TAMS 0x0000000083000000| PB 0x0000000082f00000| Complete |  0
|  48|0x0000000083000000, 0x0000000083100000, 0x0000000083100000|100%| O|  |TAMS 0x0000000083100000| PB 0x0000000083000000| Untracked |  0
|  49|0x0000000083100000, 0x0000000083200000, 0x0000000083200000|100%| O|  |TAMS 0x0000000083200000| PB 0x0000000083100000| Untracked |  0
|  50|0x0000000083200000, 0x0000000083300000, 0x0000000083300000|100%| O|  |TAMS 0x0000000083300000| PB 0x0000000083200000| Untracked |  0
|  51|0x0000000083300000, 0x0000000083400000, 0x0000000083400000|100%| O|  |TAMS 0x0000000083400000| PB 0x0000000083300000| Untracked |  0
|  52|0x0000000083400000, 0x0000000083500000, 0x0000000083500000|100%| O|  |TAMS 0x0000000083500000| PB 0x0000000083400000| Untracked |  0
|  53|0x0000000083500000, 0x0000000083600000, 0x0000000083600000|100%| O|  |TAMS 0x0000000083600000| PB 0x0000000083500000| Untracked |  0
|  54|0x0000000083600000, 0x0000000083700000, 0x0000000083700000|100%| O|  |TAMS 0x0000000083700000| PB 0x0000000083600000| Untracked |  0
|  55|0x0000000083700000, 0x0000000083800000, 0x0000000083800000|100%| O|  |TAMS 0x0000000083800000| PB 0x0000000083700000| Untracked |  0
|  56|0x0000000083800000, 0x0000000083900000, 0x0000000083900000|100%|HS|  |TAMS 0x0000000083900000| PB 0x0000000083800000| Complete |  0
|  57|0x0000000083900000, 0x0000000083a00000, 0x0000000083a00000|100%| O|  |TAMS 0x0000000083a00000| PB 0x0000000083900000| Untracked |  0
|  58|0x0000000083a00000, 0x0000000083b00000, 0x0000000083b00000|100%| O|  |TAMS 0x0000000083b00000| PB 0x0000000083a00000| Untracked |  0
|  59|0x0000000083b00000, 0x0000000083c00000, 0x0000000083c00000|100%| O|  |TAMS 0x0000000083c00000| PB 0x0000000083b00000| Untracked |  0
|  60|0x0000000083c00000, 0x0000000083d00000, 0x0000000083d00000|100%| O|  |TAMS 0x0000000083d00000| PB 0x0000000083c00000| Untracked |  0
|  61|0x0000000083d00000, 0x0000000083e00000, 0x0000000083e00000|100%| O|  |TAMS 0x0000000083e00000| PB 0x0000000083d00000| Untracked |  0
|  62|0x0000000083e00000, 0x0000000083f00000, 0x0000000083f00000|100%| O|  |TAMS 0x0000000083f00000| PB 0x0000000083e00000| Untracked |  0
|  63|0x0000000083f00000, 0x0000000084000000, 0x0000000084000000|100%| O|  |TAMS 0x0000000084000000| PB 0x0000000083f00000| Untracked |  0
|  64|0x0000000084000000, 0x0000000084100000, 0x0000000084100000|100%| O|  |TAMS 0x0000000084100000| PB 0x0000000084000000| Untracked |  0
|  65|0x0000000084100000, 0x0000000084200000, 0x0000000084200000|100%| O|  |TAMS 0x0000000084200000| PB 0x0000000084100000| Untracked |  0
|  66|0x0000000084200000, 0x0000000084300000, 0x0000000084300000|100%| O|  |TAMS 0x0000000084300000| PB 0x0000000084200000| Untracked |  0
|  67|0x0000000084300000, 0x0000000084400000, 0x0000000084400000|100%| O|  |TAMS 0x0000000084400000| PB 0x0000000084300000| Untracked |  0
|  68|0x0000000084400000, 0x0000000084500000, 0x0000000084500000|100%| O|  |TAMS 0x0000000084500000| PB 0x0000000084400000| Untracked |  0
|  69|0x0000000084500000, 0x0000000084600000, 0x0000000084600000|100%| O|  |TAMS 0x0000000084600000| PB 0x0000000084500000| Untracked |  0
|  70|0x0000000084600000, 0x0000000084700000, 0x0000000084700000|100%| O|  |TAMS 0x0000000084700000| PB 0x0000000084600000| Untracked |  0
|  71|0x0000000084700000, 0x0000000084800000, 0x0000000084800000|100%|HS|  |TAMS 0x0000000084800000| PB 0x0000000084700000| Complete |  0
|  72|0x0000000084800000, 0x0000000084900000, 0x0000000084900000|100%|HC|  |TAMS 0x0000000084900000| PB 0x0000000084800000| Complete |  0
|  73|0x0000000084900000, 0x0000000084a00000, 0x0000000084a00000|100%|HS|  |TAMS 0x0000000084a00000| PB 0x0000000084900000| Complete |  0
|  74|0x0000000084a00000, 0x0000000084b00000, 0x0000000084b00000|100%|HS|  |TAMS 0x0000000084b00000| PB 0x0000000084a00000| Complete |  0
|  75|0x0000000084b00000, 0x0000000084c00000, 0x0000000084c00000|100%|HS|  |TAMS 0x0000000084c00000| PB 0x0000000084b00000| Complete |  0
|  76|0x0000000084c00000, 0x0000000084d00000, 0x0000000084d00000|100%|HC|  |TAMS 0x0000000084d00000| PB 0x0000000084c00000| Complete |  0
|  77|0x0000000084d00000, 0x0000000084e00000, 0x0000000084e00000|100%|HC|  |TAMS 0x0000000084e00000| PB 0x0000000084d00000| Complete |  0
|  78|0x0000000084e00000, 0x0000000084f00000, 0x0000000084f00000|100%|HC|  |TAMS 0x0000000084f00000| PB 0x0000000084e00000| Complete |  0
|  79|0x0000000084f00000, 0x0000000085000000, 0x0000000085000000|100%|HC|  |TAMS 0x0000000085000000| PB 0x0000000084f00000| Complete |  0
|  80|0x0000000085000000, 0x0000000085100000, 0x0000000085100000|100%|HC|  |TAMS 0x0000000085100000| PB 0x0000000085000000| Complete |  0
|  81|0x0000000085100000, 0x0000000085200000, 0x0000000085200000|100%| O|  |TAMS 0x0000000085200000| PB 0x0000000085100000| Untracked |  0
|  82|0x0000000085200000, 0x0000000085300000, 0x0000000085300000|100%| O|  |TAMS 0x0000000085300000| PB 0x0000000085200000| Untracked |  0
|  83|0x0000000085300000, 0x0000000085400000, 0x0000000085400000|100%| O|  |TAMS 0x0000000085300000| PB 0x0000000085300000| Untracked |  0
|  84|0x0000000085400000, 0x0000000085500000, 0x0000000085500000|100%| O|  |TAMS 0x0000000085400000| PB 0x0000000085400000| Untracked |  0
|  85|0x0000000085500000, 0x0000000085600000, 0x0000000085600000|100%| O|  |TAMS 0x0000000085500000| PB 0x0000000085500000| Untracked |  0
|  86|0x0000000085600000, 0x0000000085700000, 0x0000000085700000|100%| O|  |TAMS 0x0000000085600000| PB 0x0000000085600000| Untracked |  0
|  87|0x0000000085700000, 0x0000000085800000, 0x0000000085800000|100%| O|  |TAMS 0x0000000085800000| PB 0x0000000085700000| Untracked |  0
|  88|0x0000000085800000, 0x0000000085900000, 0x0000000085900000|100%| O|  |TAMS 0x0000000085900000| PB 0x0000000085800000| Untracked |  0
|  89|0x0000000085900000, 0x0000000085a00000, 0x0000000085a00000|100%|HS|  |TAMS 0x0000000085a00000| PB 0x0000000085900000| Complete |  0
|  90|0x0000000085a00000, 0x0000000085b00000, 0x0000000085b00000|100%|HC|  |TAMS 0x0000000085b00000| PB 0x0000000085a00000| Complete |  0
|  91|0x0000000085b00000, 0x0000000085c00000, 0x0000000085c00000|100%|HS|  |TAMS 0x0000000085c00000| PB 0x0000000085b00000| Complete |  0
|  92|0x0000000085c00000, 0x0000000085d00000, 0x0000000085d00000|100%| O|  |TAMS 0x0000000085d00000| PB 0x0000000085c00000| Untracked |  0
|  93|0x0000000085d00000, 0x0000000085e00000, 0x0000000085e00000|100%|HS|  |TAMS 0x0000000085e00000| PB 0x0000000085d00000| Complete |  0
|  94|0x0000000085e00000, 0x0000000085f00000, 0x0000000085f00000|100%|HS|  |TAMS 0x0000000085f00000| PB 0x0000000085e00000| Complete |  0
|  95|0x0000000085f00000, 0x0000000086000000, 0x0000000086000000|100%|HS|  |TAMS 0x0000000086000000| PB 0x0000000085f00000| Complete |  0
|  96|0x0000000086000000, 0x0000000086100000, 0x0000000086100000|100%|HC|  |TAMS 0x0000000086100000| PB 0x0000000086000000| Complete |  0
|  97|0x0000000086100000, 0x0000000086200000, 0x0000000086200000|100%|HS|  |TAMS 0x0000000086200000| PB 0x0000000086100000| Complete |  0
|  98|0x0000000086200000, 0x0000000086300000, 0x0000000086300000|100%|HS|  |TAMS 0x0000000086300000| PB 0x0000000086200000| Complete |  0
|  99|0x0000000086300000, 0x0000000086400000, 0x0000000086400000|100%|HC|  |TAMS 0x0000000086400000| PB 0x0000000086300000| Complete |  0
| 100|0x0000000086400000, 0x0000000086500000, 0x0000000086500000|100%|HS|  |TAMS 0x0000000086500000| PB 0x0000000086400000| Complete |  0
| 101|0x0000000086500000, 0x0000000086600000, 0x0000000086600000|100%|HC|  |TAMS 0x0000000086600000| PB 0x0000000086500000| Complete |  0
| 102|0x0000000086600000, 0x0000000086700000, 0x0000000086700000|100%|HC|  |TAMS 0x0000000086700000| PB 0x0000000086600000| Complete |  0
| 103|0x0000000086700000, 0x0000000086800000, 0x0000000086800000|100%|HC|  |TAMS 0x0000000086800000| PB 0x0000000086700000| Complete |  0
| 104|0x0000000086800000, 0x0000000086900000, 0x0000000086900000|100%|HS|  |TAMS 0x0000000086900000| PB 0x0000000086800000| Complete |  0
| 105|0x0000000086900000, 0x0000000086a00000, 0x0000000086a00000|100%|HC|  |TAMS 0x0000000086a00000| PB 0x0000000086900000| Complete |  0
| 106|0x0000000086a00000, 0x0000000086b00000, 0x0000000086b00000|100%| O|  |TAMS 0x0000000086b00000| PB 0x0000000086a00000| Untracked |  0
| 107|0x0000000086b00000, 0x0000000086c00000, 0x0000000086c00000|100%| O|  |TAMS 0x0000000086b00000| PB 0x0000000086b00000| Untracked |  0
| 108|0x0000000086c00000, 0x0000000086d00000, 0x0000000086d00000|100%| O|  |TAMS 0x0000000086c00000| PB 0x0000000086c00000| Untracked |  0
| 109|0x0000000086d00000, 0x0000000086e00000, 0x0000000086e00000|100%| O|  |TAMS 0x0000000086d00000| PB 0x0000000086d00000| Untracked |  0
| 110|0x0000000086e00000, 0x0000000086f00000, 0x0000000086f00000|100%| O|  |TAMS 0x0000000086e00000| PB 0x0000000086e00000| Untracked |  0
| 111|0x0000000086f00000, 0x0000000087000000, 0x0000000087000000|100%| O|  |TAMS 0x0000000086f00000| PB 0x0000000086f00000| Untracked |  0
| 112|0x0000000087000000, 0x0000000087100000, 0x0000000087100000|100%| O|  |TAMS 0x0000000087100000| PB 0x0000000087000000| Untracked |  0
| 113|0x0000000087100000, 0x0000000087200000, 0x0000000087200000|100%| O|  |TAMS 0x0000000087200000| PB 0x0000000087100000| Untracked |  0
| 114|0x0000000087200000, 0x0000000087300000, 0x0000000087300000|100%| O|  |TAMS 0x0000000087300000| PB 0x0000000087200000| Untracked |  0
| 115|0x0000000087300000, 0x0000000087400000, 0x0000000087400000|100%| O|  |TAMS 0x0000000087400000| PB 0x0000000087300000| Untracked |  0
| 116|0x0000000087400000, 0x0000000087500000, 0x0000000087500000|100%| O|  |TAMS 0x0000000087500000| PB 0x0000000087400000| Untracked |  0
| 117|0x0000000087500000, 0x0000000087600000, 0x0000000087600000|100%|HS|  |TAMS 0x0000000087600000| PB 0x0000000087500000| Complete |  0
| 118|0x0000000087600000, 0x0000000087700000, 0x0000000087700000|100%| O|  |TAMS 0x0000000087600000| PB 0x0000000087600000| Untracked |  0
| 119|0x0000000087700000, 0x0000000087800000, 0x0000000087800000|100%| O|  |TAMS 0x0000000087800000| PB 0x0000000087700000| Untracked |  0
| 120|0x0000000087800000, 0x0000000087900000, 0x0000000087900000|100%| O|  |TAMS 0x0000000087800000| PB 0x0000000087800000| Untracked |  0
| 121|0x0000000087900000, 0x0000000087a00000, 0x0000000087a00000|100%|HS|  |TAMS 0x0000000087a00000| PB 0x0000000087900000| Complete |  0
| 122|0x0000000087a00000, 0x0000000087b00000, 0x0000000087b00000|100%|HC|  |TAMS 0x0000000087b00000| PB 0x0000000087a00000| Complete |  0
| 123|0x0000000087b00000, 0x0000000087c00000, 0x0000000087c00000|100%|HS|  |TAMS 0x0000000087c00000| PB 0x0000000087b00000| Complete |  0
| 124|0x0000000087c00000, 0x0000000087d00000, 0x0000000087d00000|100%|HC|  |TAMS 0x0000000087d00000| PB 0x0000000087c00000| Complete |  0
| 125|0x0000000087d00000, 0x0000000087e00000, 0x0000000087e00000|100%|HC|  |TAMS 0x0000000087e00000| PB 0x0000000087d00000| Complete |  0
| 126|0x0000000087e00000, 0x0000000087f00000, 0x0000000087f00000|100%| O|  |TAMS 0x0000000087f00000| PB 0x0000000087e00000| Untracked |  0
| 127|0x0000000087f00000, 0x0000000088000000, 0x0000000088000000|100%| O|  |TAMS 0x0000000088000000| PB 0x0000000087f00000| Untracked |  0
| 128|0x0000000088000000, 0x0000000088100000, 0x0000000088100000|100%| O|  |TAMS 0x0000000088100000| PB 0x0000000088000000| Untracked |  0
| 129|0x0000000088100000, 0x0000000088200000, 0x0000000088200000|100%| O|  |TAMS 0x0000000088200000| PB 0x0000000088100000| Untracked |  0
| 130|0x0000000088200000, 0x0000000088300000, 0x0000000088300000|100%| O|  |TAMS 0x0000000088200000| PB 0x0000000088200000| Untracked |  0
| 131|0x0000000088300000, 0x0000000088400000, 0x0000000088400000|100%| O|  |TAMS 0x0000000088400000| PB 0x0000000088300000| Untracked |  0
| 132|0x0000000088400000, 0x0000000088500000, 0x0000000088500000|100%| O|  |TAMS 0x0000000088500000| PB 0x0000000088400000| Untracked |  0
| 133|0x0000000088500000, 0x0000000088600000, 0x0000000088600000|100%| O|  |TAMS 0x0000000088500000| PB 0x0000000088500000| Untracked |  0
| 134|0x0000000088600000, 0x0000000088700000, 0x0000000088700000|100%| O|  |TAMS 0x0000000088600000| PB 0x0000000088600000| Untracked |  0
| 135|0x0000000088700000, 0x0000000088800000, 0x0000000088800000|100%| O|  |TAMS 0x0000000088800000| PB 0x0000000088700000| Untracked |  0
| 136|0x0000000088800000, 0x0000000088900000, 0x0000000088900000|100%| O|  |TAMS 0x0000000088900000| PB 0x0000000088800000| Untracked |  0
| 137|0x0000000088900000, 0x0000000088a00000, 0x0000000088a00000|100%|HS|  |TAMS 0x0000000088a00000| PB 0x0000000088900000| Complete |  0
| 138|0x0000000088a00000, 0x0000000088b00000, 0x0000000088b00000|100%| O|  |TAMS 0x0000000088b00000| PB 0x0000000088a00000| Untracked |  0
| 139|0x0000000088b00000, 0x0000000088c00000, 0x0000000088c00000|100%|HS|  |TAMS 0x0000000088c00000| PB 0x0000000088b00000| Complete |  0
| 140|0x0000000088c00000, 0x0000000088d00000, 0x0000000088d00000|100%|HS|  |TAMS 0x0000000088d00000| PB 0x0000000088c00000| Complete |  0
| 141|0x0000000088d00000, 0x0000000088e00000, 0x0000000088e00000|100%|HS|  |TAMS 0x0000000088e00000| PB 0x0000000088d00000| Complete |  0
| 142|0x0000000088e00000, 0x0000000088f00000, 0x0000000088f00000|100%|HS|  |TAMS 0x0000000088f00000| PB 0x0000000088e00000| Complete |  0
| 143|0x0000000088f00000, 0x0000000089000000, 0x0000000089000000|100%| O|  |TAMS 0x0000000089000000| PB 0x0000000088f00000| Untracked |  0
| 144|0x0000000089000000, 0x0000000089100000, 0x0000000089100000|100%| O|  |TAMS 0x0000000089100000| PB 0x0000000089000000| Untracked |  0
| 145|0x0000000089100000, 0x0000000089200000, 0x0000000089200000|100%| O|  |TAMS 0x0000000089100000| PB 0x0000000089100000| Untracked |  0
| 146|0x0000000089200000, 0x0000000089300000, 0x0000000089300000|100%| O|  |TAMS 0x0000000089300000| PB 0x0000000089200000| Untracked |  0
| 147|0x0000000089300000, 0x0000000089400000, 0x0000000089400000|100%| O|  |TAMS 0x0000000089400000| PB 0x0000000089300000| Untracked |  0
| 148|0x0000000089400000, 0x0000000089500000, 0x0000000089500000|100%| O|  |TAMS 0x0000000089500000| PB 0x0000000089400000| Untracked |  0
| 149|0x0000000089500000, 0x0000000089600000, 0x0000000089600000|100%| O|  |TAMS 0x0000000089600000| PB 0x0000000089500000| Untracked |  0
| 150|0x0000000089600000, 0x0000000089700000, 0x0000000089700000|100%| O|  |TAMS 0x0000000089700000| PB 0x0000000089600000| Untracked |  0
| 151|0x0000000089700000, 0x0000000089800000, 0x0000000089800000|100%| O|  |TAMS 0x0000000089800000| PB 0x0000000089700000| Untracked |  0
| 152|0x0000000089800000, 0x0000000089900000, 0x0000000089900000|100%| O|  |TAMS 0x0000000089900000| PB 0x0000000089800000| Untracked |  0
| 153|0x0000000089900000, 0x0000000089a00000, 0x0000000089a00000|100%| O|  |TAMS 0x0000000089a00000| PB 0x0000000089900000| Untracked |  0
| 154|0x0000000089a00000, 0x0000000089b00000, 0x0000000089b00000|100%|HS|  |TAMS 0x0000000089b00000| PB 0x0000000089a00000| Complete |  0
| 155|0x0000000089b00000, 0x0000000089c00000, 0x0000000089c00000|100%|HC|  |TAMS 0x0000000089c00000| PB 0x0000000089b00000| Complete |  0
| 156|0x0000000089c00000, 0x0000000089d00000, 0x0000000089d00000|100%|HS|  |TAMS 0x0000000089d00000| PB 0x0000000089c00000| Complete |  0
| 157|0x0000000089d00000, 0x0000000089e00000, 0x0000000089e00000|100%|HS|  |TAMS 0x0000000089e00000| PB 0x0000000089d00000| Complete |  0
| 158|0x0000000089e00000, 0x0000000089f00000, 0x0000000089f00000|100%| O|  |TAMS 0x0000000089f00000| PB 0x0000000089e00000| Untracked |  0
| 159|0x0000000089f00000, 0x000000008a000000, 0x000000008a000000|100%|HS|  |TAMS 0x000000008a000000| PB 0x0000000089f00000| Complete |  0
| 160|0x000000008a000000, 0x000000008a100000, 0x000000008a100000|100%| O|  |TAMS 0x000000008a100000| PB 0x000000008a000000| Untracked |  0
| 161|0x000000008a100000, 0x000000008a200000, 0x000000008a200000|100%| O|  |TAMS 0x000000008a200000| PB 0x000000008a100000| Untracked |  0
| 162|0x000000008a200000, 0x000000008a300000, 0x000000008a300000|100%| O|  |TAMS 0x000000008a300000| PB 0x000000008a200000| Untracked |  0
| 163|0x000000008a300000, 0x000000008a400000, 0x000000008a400000|100%|HS|  |TAMS 0x000000008a400000| PB 0x000000008a300000| Complete |  0
| 164|0x000000008a400000, 0x000000008a500000, 0x000000008a500000|100%| O|  |TAMS 0x000000008a500000| PB 0x000000008a400000| Untracked |  0
| 165|0x000000008a500000, 0x000000008a600000, 0x000000008a600000|100%|HS|  |TAMS 0x000000008a600000| PB 0x000000008a500000| Complete |  0
| 166|0x000000008a600000, 0x000000008a700000, 0x000000008a700000|100%|HS|  |TAMS 0x000000008a700000| PB 0x000000008a600000| Complete |  0
| 167|0x000000008a700000, 0x000000008a800000, 0x000000008a800000|100%|HC|  |TAMS 0x000000008a800000| PB 0x000000008a700000| Complete |  0
| 168|0x000000008a800000, 0x000000008a900000, 0x000000008a900000|100%|HC|  |TAMS 0x000000008a900000| PB 0x000000008a800000| Complete |  0
| 169|0x000000008a900000, 0x000000008aa00000, 0x000000008aa00000|100%|HC|  |TAMS 0x000000008aa00000| PB 0x000000008a900000| Complete |  0
| 170|0x000000008aa00000, 0x000000008ab00000, 0x000000008ab00000|100%|HC|  |TAMS 0x000000008ab00000| PB 0x000000008aa00000| Complete |  0
| 171|0x000000008ab00000, 0x000000008ac00000, 0x000000008ac00000|100%|HS|  |TAMS 0x000000008ac00000| PB 0x000000008ab00000| Complete |  0
| 172|0x000000008ac00000, 0x000000008ad00000, 0x000000008ad00000|100%|HC|  |TAMS 0x000000008ad00000| PB 0x000000008ac00000| Complete |  0
| 173|0x000000008ad00000, 0x000000008ae00000, 0x000000008ae00000|100%|HC|  |TAMS 0x000000008ae00000| PB 0x000000008ad00000| Complete |  0
| 174|0x000000008ae00000, 0x000000008af00000, 0x000000008af00000|100%|HC|  |TAMS 0x000000008af00000| PB 0x000000008ae00000| Complete |  0
| 175|0x000000008af00000, 0x000000008b000000, 0x000000008b000000|100%|HC|  |TAMS 0x000000008b000000| PB 0x000000008af00000| Complete |  0
| 176|0x000000008b000000, 0x000000008b100000, 0x000000008b100000|100%|HS|  |TAMS 0x000000008b100000| PB 0x000000008b000000| Complete |  0
| 177|0x000000008b100000, 0x000000008b200000, 0x000000008b200000|100%|HC|  |TAMS 0x000000008b200000| PB 0x000000008b100000| Complete |  0
| 178|0x000000008b200000, 0x000000008b300000, 0x000000008b300000|100%|HC|  |TAMS 0x000000008b300000| PB 0x000000008b200000| Complete |  0
| 179|0x000000008b300000, 0x000000008b400000, 0x000000008b400000|100%|HC|  |TAMS 0x000000008b400000| PB 0x000000008b300000| Complete |  0
| 180|0x000000008b400000, 0x000000008b500000, 0x000000008b500000|100%|HC|  |TAMS 0x000000008b500000| PB 0x000000008b400000| Complete |  0
| 181|0x000000008b500000, 0x000000008b600000, 0x000000008b600000|100%|HC|  |TAMS 0x000000008b600000| PB 0x000000008b500000| Complete |  0
| 182|0x000000008b600000, 0x000000008b700000, 0x000000008b700000|100%|HS|  |TAMS 0x000000008b700000| PB 0x000000008b600000| Complete |  0
| 183|0x000000008b700000, 0x000000008b800000, 0x000000008b800000|100%|HC|  |TAMS 0x000000008b800000| PB 0x000000008b700000| Complete |  0
| 184|0x000000008b800000, 0x000000008b900000, 0x000000008b900000|100%| O|  |TAMS 0x000000008b900000| PB 0x000000008b800000| Untracked |  0
| 185|0x000000008b900000, 0x000000008ba00000, 0x000000008ba00000|100%|HS|  |TAMS 0x000000008ba00000| PB 0x000000008b900000| Complete |  0
| 186|0x000000008ba00000, 0x000000008bb00000, 0x000000008bb00000|100%|HC|  |TAMS 0x000000008bb00000| PB 0x000000008ba00000| Complete |  0
| 187|0x000000008bb00000, 0x000000008bc00000, 0x000000008bc00000|100%| O|  |TAMS 0x000000008bc00000| PB 0x000000008bb00000| Untracked |  0
| 188|0x000000008bc00000, 0x000000008bd00000, 0x000000008bd00000|100%| O|  |TAMS 0x000000008bd00000| PB 0x000000008bc00000| Untracked |  0
| 189|0x000000008bd00000, 0x000000008be00000, 0x000000008be00000|100%| O|  |TAMS 0x000000008be00000| PB 0x000000008bd00000| Untracked |  0
| 190|0x000000008be00000, 0x000000008bf00000, 0x000000008bf00000|100%| O|  |TAMS 0x000000008bf00000| PB 0x000000008be00000| Untracked |  0
| 191|0x000000008bf00000, 0x000000008c000000, 0x000000008c000000|100%| O|  |TAMS 0x000000008c000000| PB 0x000000008bf00000| Untracked |  0
| 192|0x000000008c000000, 0x000000008c100000, 0x000000008c100000|100%| O|  |TAMS 0x000000008c100000| PB 0x000000008c000000| Untracked |  0
| 193|0x000000008c100000, 0x000000008c200000, 0x000000008c200000|100%| O|  |TAMS 0x000000008c200000| PB 0x000000008c100000| Untracked |  0
| 194|0x000000008c200000, 0x000000008c300000, 0x000000008c300000|100%| O|  |TAMS 0x000000008c300000| PB 0x000000008c200000| Untracked |  0
| 195|0x000000008c300000, 0x000000008c400000, 0x000000008c400000|100%| O|  |TAMS 0x000000008c400000| PB 0x000000008c300000| Untracked |  0
| 196|0x000000008c400000, 0x000000008c500000, 0x000000008c500000|100%| O|  |TAMS 0x000000008c500000| PB 0x000000008c400000| Untracked |  0
| 197|0x000000008c500000, 0x000000008c600000, 0x000000008c600000|100%| O|  |TAMS 0x000000008c600000| PB 0x000000008c500000| Untracked |  0
| 198|0x000000008c600000, 0x000000008c700000, 0x000000008c700000|100%| O|  |TAMS 0x000000008c700000| PB 0x000000008c600000| Untracked |  0
| 199|0x000000008c700000, 0x000000008c800000, 0x000000008c800000|100%| O|  |TAMS 0x000000008c800000| PB 0x000000008c700000| Untracked |  0
| 200|0x000000008c800000, 0x000000008c900000, 0x000000008c900000|100%| O|  |TAMS 0x000000008c900000| PB 0x000000008c800000| Untracked |  0
| 201|0x000000008c900000, 0x000000008ca00000, 0x000000008ca00000|100%| O|  |TAMS 0x000000008c900000| PB 0x000000008c900000| Untracked |  0
| 202|0x000000008ca00000, 0x000000008cb00000, 0x000000008cb00000|100%| O|  |TAMS 0x000000008ca00000| PB 0x000000008ca00000| Untracked |  0
| 203|0x000000008cb00000, 0x000000008cc00000, 0x000000008cc00000|100%| O|  |TAMS 0x000000008cc00000| PB 0x000000008cb00000| Untracked |  0
| 204|0x000000008cc00000, 0x000000008cd00000, 0x000000008cd00000|100%| O|  |TAMS 0x000000008cd00000| PB 0x000000008cc00000| Untracked |  0
| 205|0x000000008cd00000, 0x000000008ce00000, 0x000000008ce00000|100%| O|  |TAMS 0x000000008ce00000| PB 0x000000008cd00000| Untracked |  0
| 206|0x000000008ce00000, 0x000000008cf00000, 0x000000008cf00000|100%| O|  |TAMS 0x000000008cf00000| PB 0x000000008ce00000| Untracked |  0
| 207|0x000000008cf00000, 0x000000008d000000, 0x000000008d000000|100%| O|  |TAMS 0x000000008d000000| PB 0x000000008cf00000| Untracked |  0
| 208|0x000000008d000000, 0x000000008d100000, 0x000000008d100000|100%| O|  |TAMS 0x000000008d100000| PB 0x000000008d000000| Untracked |  0
| 209|0x000000008d100000, 0x000000008d200000, 0x000000008d200000|100%| O|  |TAMS 0x000000008d200000| PB 0x000000008d100000| Untracked |  0
| 210|0x000000008d200000, 0x000000008d300000, 0x000000008d300000|100%| O|  |TAMS 0x000000008d300000| PB 0x000000008d200000| Untracked |  0
| 211|0x000000008d300000, 0x000000008d400000, 0x000000008d400000|100%| O|  |TAMS 0x000000008d400000| PB 0x000000008d300000| Untracked |  0
| 212|0x000000008d400000, 0x000000008d500000, 0x000000008d500000|100%| O|  |TAMS 0x000000008d500000| PB 0x000000008d400000| Untracked |  0
| 213|0x000000008d500000, 0x000000008d600000, 0x000000008d600000|100%|HS|  |TAMS 0x000000008d600000| PB 0x000000008d500000| Complete |  0
| 214|0x000000008d600000, 0x000000008d700000, 0x000000008d700000|100%|HS|  |TAMS 0x000000008d700000| PB 0x000000008d600000| Complete |  0
| 215|0x000000008d700000, 0x000000008d800000, 0x000000008d800000|100%|HC|  |TAMS 0x000000008d800000| PB 0x000000008d700000| Complete |  0
| 216|0x000000008d800000, 0x000000008d900000, 0x000000008d900000|100%| O|  |TAMS 0x000000008d900000| PB 0x000000008d800000| Untracked |  0
| 217|0x000000008d900000, 0x000000008da00000, 0x000000008da00000|100%| O|  |TAMS 0x000000008da00000| PB 0x000000008d900000| Untracked |  0
| 218|0x000000008da00000, 0x000000008db00000, 0x000000008db00000|100%| O|  |TAMS 0x000000008db00000| PB 0x000000008da00000| Untracked |  0
| 219|0x000000008db00000, 0x000000008dc00000, 0x000000008dc00000|100%| O|  |TAMS 0x000000008dc00000| PB 0x000000008db00000| Untracked |  0
| 220|0x000000008dc00000, 0x000000008dd00000, 0x000000008dd00000|100%|HS|  |TAMS 0x000000008dd00000| PB 0x000000008dc00000| Complete |  0
| 221|0x000000008dd00000, 0x000000008de00000, 0x000000008de00000|100%|HC|  |TAMS 0x000000008de00000| PB 0x000000008dd00000| Complete |  0
| 222|0x000000008de00000, 0x000000008df00000, 0x000000008df00000|100%| O|  |TAMS 0x000000008df00000| PB 0x000000008de00000| Untracked |  0
| 223|0x000000008df00000, 0x000000008e000000, 0x000000008e000000|100%|HS|  |TAMS 0x000000008e000000| PB 0x000000008df00000| Complete |  0
| 224|0x000000008e000000, 0x000000008e100000, 0x000000008e100000|100%| O|  |TAMS 0x000000008e100000| PB 0x000000008e000000| Untracked |  0
| 225|0x000000008e100000, 0x000000008e200000, 0x000000008e200000|100%| O|  |TAMS 0x000000008e200000| PB 0x000000008e100000| Untracked |  0
| 226|0x000000008e200000, 0x000000008e300000, 0x000000008e300000|100%| O|  |TAMS 0x000000008e300000| PB 0x000000008e200000| Untracked |  0
| 227|0x000000008e300000, 0x000000008e400000, 0x000000008e400000|100%|HS|  |TAMS 0x000000008e400000| PB 0x000000008e300000| Complete |  0
| 228|0x000000008e400000, 0x000000008e500000, 0x000000008e500000|100%|HC|  |TAMS 0x000000008e500000| PB 0x000000008e400000| Complete |  0
| 229|0x000000008e500000, 0x000000008e600000, 0x000000008e600000|100%| O|  |TAMS 0x000000008e600000| PB 0x000000008e500000| Untracked |  0
| 230|0x000000008e600000, 0x000000008e700000, 0x000000008e700000|100%| O|  |TAMS 0x000000008e700000| PB 0x000000008e600000| Untracked |  0
| 231|0x000000008e700000, 0x000000008e800000, 0x000000008e800000|100%| O|  |TAMS 0x000000008e800000| PB 0x000000008e700000| Untracked |  0
| 232|0x000000008e800000, 0x000000008e900000, 0x000000008e900000|100%| O|  |TAMS 0x000000008e900000| PB 0x000000008e800000| Untracked |  0
| 233|0x000000008e900000, 0x000000008ea00000, 0x000000008ea00000|100%| O|  |TAMS 0x000000008ea00000| PB 0x000000008e900000| Untracked |  0
| 234|0x000000008ea00000, 0x000000008eb00000, 0x000000008eb00000|100%| O|  |TAMS 0x000000008eb00000| PB 0x000000008ea00000| Untracked |  0
| 235|0x000000008eb00000, 0x000000008ec00000, 0x000000008ec00000|100%|HS|  |TAMS 0x000000008ec00000| PB 0x000000008eb00000| Complete |  0
| 236|0x000000008ec00000, 0x000000008ed00000, 0x000000008ed00000|100%|HC|  |TAMS 0x000000008ed00000| PB 0x000000008ec00000| Complete |  0
| 237|0x000000008ed00000, 0x000000008ee00000, 0x000000008ee00000|100%|HC|  |TAMS 0x000000008ee00000| PB 0x000000008ed00000| Complete |  0
| 238|0x000000008ee00000, 0x000000008ef00000, 0x000000008ef00000|100%|HC|  |TAMS 0x000000008ef00000| PB 0x000000008ee00000| Complete |  0
| 239|0x000000008ef00000, 0x000000008f000000, 0x000000008f000000|100%| O|  |TAMS 0x000000008f000000| PB 0x000000008ef00000| Untracked |  0
| 240|0x000000008f000000, 0x000000008f100000, 0x000000008f100000|100%| O|  |TAMS 0x000000008f100000| PB 0x000000008f000000| Untracked |  0
| 241|0x000000008f100000, 0x000000008f200000, 0x000000008f200000|100%| O|  |TAMS 0x000000008f200000| PB 0x000000008f100000| Untracked |  0
| 242|0x000000008f200000, 0x000000008f300000, 0x000000008f300000|100%|HS|  |TAMS 0x000000008f300000| PB 0x000000008f200000| Complete |  0
| 243|0x000000008f300000, 0x000000008f400000, 0x000000008f400000|100%|HC|  |TAMS 0x000000008f400000| PB 0x000000008f300000| Complete |  0
| 244|0x000000008f400000, 0x000000008f500000, 0x000000008f500000|100%| O|  |TAMS 0x000000008f500000| PB 0x000000008f400000| Untracked |  0
| 245|0x000000008f500000, 0x000000008f600000, 0x000000008f600000|100%| O|  |TAMS 0x000000008f600000| PB 0x000000008f500000| Untracked |  0
| 246|0x000000008f600000, 0x000000008f700000, 0x000000008f700000|100%| O|  |TAMS 0x000000008f700000| PB 0x000000008f600000| Untracked |  0
| 247|0x000000008f700000, 0x000000008f800000, 0x000000008f800000|100%|HS|  |TAMS 0x000000008f800000| PB 0x000000008f700000| Complete |  0
| 248|0x000000008f800000, 0x000000008f900000, 0x000000008f900000|100%|HC|  |TAMS 0x000000008f900000| PB 0x000000008f800000| Complete |  0
| 249|0x000000008f900000, 0x000000008fa00000, 0x000000008fa00000|100%| O|  |TAMS 0x000000008fa00000| PB 0x000000008f900000| Untracked |  0
| 250|0x000000008fa00000, 0x000000008fb00000, 0x000000008fb00000|100%| O|  |TAMS 0x000000008fb00000| PB 0x000000008fa00000| Untracked |  0
| 251|0x000000008fb00000, 0x000000008fc00000, 0x000000008fc00000|100%| O|  |TAMS 0x000000008fc00000| PB 0x000000008fb00000| Untracked |  0
| 252|0x000000008fc00000, 0x000000008fd00000, 0x000000008fd00000|100%| O|  |TAMS 0x000000008fd00000| PB 0x000000008fc00000| Untracked |  0
| 253|0x000000008fd00000, 0x000000008fe00000, 0x000000008fe00000|100%| O|  |TAMS 0x000000008fe00000| PB 0x000000008fd00000| Untracked |  0
| 254|0x000000008fe00000, 0x000000008ff00000, 0x000000008ff00000|100%| O|  |TAMS 0x000000008ff00000| PB 0x000000008fe00000| Untracked |  0
| 255|0x000000008ff00000, 0x0000000090000000, 0x0000000090000000|100%|HS|  |TAMS 0x0000000090000000| PB 0x000000008ff00000| Complete |  0
| 256|0x0000000090000000, 0x0000000090100000, 0x0000000090100000|100%|HC|  |TAMS 0x0000000090100000| PB 0x0000000090000000| Complete |  0
| 257|0x0000000090100000, 0x0000000090200000, 0x0000000090200000|100%|HC|  |TAMS 0x0000000090200000| PB 0x0000000090100000| Complete |  0
| 258|0x0000000090200000, 0x0000000090300000, 0x0000000090300000|100%| O|  |TAMS 0x0000000090300000| PB 0x0000000090200000| Untracked |  0
| 259|0x0000000090300000, 0x0000000090400000, 0x0000000090400000|100%| O|  |TAMS 0x0000000090400000| PB 0x0000000090300000| Untracked |  0
| 260|0x0000000090400000, 0x0000000090500000, 0x0000000090500000|100%| O|  |TAMS 0x00000000904a6060| PB 0x0000000090400000| Untracked |  0
| 261|0x0000000090500000, 0x0000000090600000, 0x0000000090600000|100%| O|  |TAMS 0x0000000090500000| PB 0x0000000090500000| Untracked |  0
| 262|0x0000000090600000, 0x0000000090700000, 0x0000000090700000|100%| O|  |TAMS 0x0000000090600000| PB 0x0000000090600000| Untracked |  0
| 263|0x0000000090700000, 0x0000000090800000, 0x0000000090800000|100%| O|  |TAMS 0x0000000090700000| PB 0x0000000090700000| Untracked |  0
| 264|0x0000000090800000, 0x0000000090900000, 0x0000000090900000|100%| O|  |TAMS 0x0000000090800000| PB 0x0000000090800000| Untracked |  0
| 265|0x0000000090900000, 0x0000000090980000, 0x0000000090a00000| 50%| O|  |TAMS 0x0000000090900000| PB 0x0000000090900000| Untracked |  0
| 266|0x0000000090a00000, 0x0000000090a00000, 0x0000000090b00000|  0%| F|  |TAMS 0x0000000090a00000| PB 0x0000000090a00000| Untracked |  0
| 267|0x0000000090b00000, 0x0000000090b00000, 0x0000000090c00000|  0%| F|  |TAMS 0x0000000090b00000| PB 0x0000000090b00000| Untracked |  0
| 268|0x0000000090c00000, 0x0000000090c00000, 0x0000000090d00000|  0%| F|  |TAMS 0x0000000090c00000| PB 0x0000000090c00000| Untracked |  0
| 269|0x0000000090d00000, 0x0000000090d00000, 0x0000000090e00000|  0%| F|  |TAMS 0x0000000090d00000| PB 0x0000000090d00000| Untracked |  0
| 270|0x0000000090e00000, 0x0000000090e00000, 0x0000000090f00000|  0%| F|  |TAMS 0x0000000090e00000| PB 0x0000000090e00000| Untracked |  0
| 271|0x0000000090f00000, 0x0000000090f00000, 0x0000000091000000|  0%| F|  |TAMS 0x0000000090f00000| PB 0x0000000090f00000| Untracked |  0
| 272|0x0000000091000000, 0x0000000091000000, 0x0000000091100000|  0%| F|  |TAMS 0x0000000091000000| PB 0x0000000091000000| Untracked |  0
| 273|0x0000000091100000, 0x0000000091100000, 0x0000000091200000|  0%| F|  |TAMS 0x0000000091100000| PB 0x0000000091100000| Untracked |  0
| 274|0x0000000091200000, 0x0000000091200000, 0x0000000091300000|  0%| F|  |TAMS 0x0000000091200000| PB 0x0000000091200000| Untracked |  0
| 275|0x0000000091300000, 0x0000000091300000, 0x0000000091400000|  0%| F|  |TAMS 0x0000000091300000| PB 0x0000000091300000| Untracked |  0
| 276|0x0000000091400000, 0x0000000091400000, 0x0000000091500000|  0%| F|  |TAMS 0x0000000091400000| PB 0x0000000091400000| Untracked |  0
| 277|0x0000000091500000, 0x0000000091500000, 0x0000000091600000|  0%| F|  |TAMS 0x0000000091500000| PB 0x0000000091500000| Untracked |  0
| 278|0x0000000091600000, 0x0000000091600000, 0x0000000091700000|  0%| F|  |TAMS 0x0000000091600000| PB 0x0000000091600000| Untracked |  0
| 279|0x0000000091700000, 0x0000000091700000, 0x0000000091800000|  0%| F|  |TAMS 0x0000000091700000| PB 0x0000000091700000| Untracked |  0
| 280|0x0000000091800000, 0x0000000091800000, 0x0000000091900000|  0%| F|  |TAMS 0x0000000091800000| PB 0x0000000091800000| Untracked |  0
| 281|0x0000000091900000, 0x0000000091900000, 0x0000000091a00000|  0%| F|  |TAMS 0x0000000091900000| PB 0x0000000091900000| Untracked |  0
| 282|0x0000000091a00000, 0x0000000091a00000, 0x0000000091b00000|  0%| F|  |TAMS 0x0000000091a00000| PB 0x0000000091a00000| Untracked |  0
| 283|0x0000000091b00000, 0x0000000091b00000, 0x0000000091c00000|  0%| F|  |TAMS 0x0000000091b00000| PB 0x0000000091b00000| Untracked |  0
| 284|0x0000000091c00000, 0x0000000091c00000, 0x0000000091d00000|  0%| F|  |TAMS 0x0000000091c00000| PB 0x0000000091c00000| Untracked |  0
| 285|0x0000000091d00000, 0x0000000091d00000, 0x0000000091e00000|  0%| F|  |TAMS 0x0000000091d00000| PB 0x0000000091d00000| Untracked |  0
| 286|0x0000000091e00000, 0x0000000091e00000, 0x0000000091f00000|  0%| F|  |TAMS 0x0000000091e00000| PB 0x0000000091e00000| Untracked |  0
| 287|0x0000000091f00000, 0x0000000091f00000, 0x0000000092000000|  0%| F|  |TAMS 0x0000000091f00000| PB 0x0000000091f00000| Untracked |  0
| 288|0x0000000092000000, 0x0000000092000000, 0x0000000092100000|  0%| F|  |TAMS 0x0000000092000000| PB 0x0000000092000000| Untracked |  0
| 289|0x0000000092100000, 0x0000000092100000, 0x0000000092200000|  0%| F|  |TAMS 0x0000000092100000| PB 0x0000000092100000| Untracked |  0
| 290|0x0000000092200000, 0x0000000092200000, 0x0000000092300000|  0%| F|  |TAMS 0x0000000092200000| PB 0x0000000092200000| Untracked |  0
| 291|0x0000000092300000, 0x0000000092300000, 0x0000000092400000|  0%| F|  |TAMS 0x0000000092300000| PB 0x0000000092300000| Untracked |  0
| 292|0x0000000092400000, 0x0000000092400000, 0x0000000092500000|  0%| F|  |TAMS 0x0000000092400000| PB 0x0000000092400000| Untracked |  0
| 293|0x0000000092500000, 0x0000000092500000, 0x0000000092600000|  0%| F|  |TAMS 0x0000000092500000| PB 0x0000000092500000| Untracked |  0
| 294|0x0000000092600000, 0x0000000092600000, 0x0000000092700000|  0%| F|  |TAMS 0x0000000092600000| PB 0x0000000092600000| Untracked |  0
| 295|0x0000000092700000, 0x0000000092800000, 0x0000000092800000|100%| S|CS|TAMS 0x0000000092700000| PB 0x0000000092700000| Complete |  0
| 296|0x0000000092800000, 0x0000000092900000, 0x0000000092900000|100%| S|CS|TAMS 0x0000000092800000| PB 0x0000000092800000| Complete |  0
| 297|0x0000000092900000, 0x0000000092a00000, 0x0000000092a00000|100%| S|CS|TAMS 0x0000000092900000| PB 0x0000000092900000| Complete |  0
| 298|0x0000000092a00000, 0x0000000092b00000, 0x0000000092b00000|100%| S|CS|TAMS 0x0000000092a00000| PB 0x0000000092a00000| Complete |  0
| 299|0x0000000092b00000, 0x0000000092c00000, 0x0000000092c00000|100%| S|CS|TAMS 0x0000000092b00000| PB 0x0000000092b00000| Complete |  0
| 300|0x0000000092c00000, 0x0000000092d00000, 0x0000000092d00000|100%| S|CS|TAMS 0x0000000092c00000| PB 0x0000000092c00000| Complete |  0
| 301|0x0000000092d00000, 0x0000000092e00000, 0x0000000092e00000|100%| S|CS|TAMS 0x0000000092d00000| PB 0x0000000092d00000| Complete |  0
| 302|0x0000000092e00000, 0x0000000092f00000, 0x0000000092f00000|100%| S|CS|TAMS 0x0000000092e00000| PB 0x0000000092e00000| Complete |  0
| 303|0x0000000092f00000, 0x0000000093000000, 0x0000000093000000|100%| S|CS|TAMS 0x0000000092f00000| PB 0x0000000092f00000| Complete |  0
| 304|0x0000000093000000, 0x0000000093100000, 0x0000000093100000|100%| S|CS|TAMS 0x0000000093000000| PB 0x0000000093000000| Complete |  0
| 305|0x0000000093100000, 0x0000000093200000, 0x0000000093200000|100%| S|CS|TAMS 0x0000000093100000| PB 0x0000000093100000| Complete |  0
| 306|0x0000000093200000, 0x0000000093300000, 0x0000000093300000|100%| S|CS|TAMS 0x0000000093200000| PB 0x0000000093200000| Complete |  0
| 307|0x0000000093300000, 0x0000000093400000, 0x0000000093400000|100%| S|CS|TAMS 0x0000000093300000| PB 0x0000000093300000| Complete |  0
| 308|0x0000000093400000, 0x0000000093400000, 0x0000000093500000|  0%| F|  |TAMS 0x0000000093400000| PB 0x0000000093400000| Untracked |  0
| 309|0x0000000093500000, 0x0000000093500000, 0x0000000093600000|  0%| F|  |TAMS 0x0000000093500000| PB 0x0000000093500000| Untracked |  0
| 310|0x0000000093600000, 0x0000000093600000, 0x0000000093700000|  0%| F|  |TAMS 0x0000000093600000| PB 0x0000000093600000| Untracked |  0
| 311|0x0000000093700000, 0x0000000093700000, 0x0000000093800000|  0%| F|  |TAMS 0x0000000093700000| PB 0x0000000093700000| Untracked |  0
| 312|0x0000000093800000, 0x0000000093800000, 0x0000000093900000|  0%| F|  |TAMS 0x0000000093800000| PB 0x0000000093800000| Untracked |  0
| 313|0x0000000093900000, 0x0000000093900000, 0x0000000093a00000|  0%| F|  |TAMS 0x0000000093900000| PB 0x0000000093900000| Untracked |  0
| 314|0x0000000093a00000, 0x0000000093a00000, 0x0000000093b00000|  0%| F|  |TAMS 0x0000000093a00000| PB 0x0000000093a00000| Untracked |  0
| 315|0x0000000093b00000, 0x0000000093b00000, 0x0000000093c00000|  0%| F|  |TAMS 0x0000000093b00000| PB 0x0000000093b00000| Untracked |  0
| 316|0x0000000093c00000, 0x0000000093c00000, 0x0000000093d00000|  0%| F|  |TAMS 0x0000000093c00000| PB 0x0000000093c00000| Untracked |  0
| 317|0x0000000093d00000, 0x0000000093d00000, 0x0000000093e00000|  0%| F|  |TAMS 0x0000000093d00000| PB 0x0000000093d00000| Untracked |  0
| 318|0x0000000093e00000, 0x0000000093e00000, 0x0000000093f00000|  0%| F|  |TAMS 0x0000000093e00000| PB 0x0000000093e00000| Untracked |  0
| 319|0x0000000093f00000, 0x0000000093f00000, 0x0000000094000000|  0%| F|  |TAMS 0x0000000093f00000| PB 0x0000000093f00000| Untracked |  0
| 320|0x0000000094000000, 0x0000000094000000, 0x0000000094100000|  0%| F|  |TAMS 0x0000000094000000| PB 0x0000000094000000| Untracked |  0
| 321|0x0000000094100000, 0x0000000094100000, 0x0000000094200000|  0%| F|  |TAMS 0x0000000094100000| PB 0x0000000094100000| Untracked |  0
| 322|0x0000000094200000, 0x0000000094200000, 0x0000000094300000|  0%| F|  |TAMS 0x0000000094200000| PB 0x0000000094200000| Untracked |  0
| 323|0x0000000094300000, 0x0000000094300000, 0x0000000094400000|  0%| F|  |TAMS 0x0000000094300000| PB 0x0000000094300000| Untracked |  0
| 324|0x0000000094400000, 0x0000000094400000, 0x0000000094500000|  0%| F|  |TAMS 0x0000000094400000| PB 0x0000000094400000| Untracked |  0
| 325|0x0000000094500000, 0x0000000094500000, 0x0000000094600000|  0%| F|  |TAMS 0x0000000094500000| PB 0x0000000094500000| Untracked |  0
| 326|0x0000000094600000, 0x0000000094600000, 0x0000000094700000|  0%| F|  |TAMS 0x0000000094600000| PB 0x0000000094600000| Untracked |  0
| 327|0x0000000094700000, 0x0000000094700000, 0x0000000094800000|  0%| F|  |TAMS 0x0000000094700000| PB 0x0000000094700000| Untracked |  0
| 328|0x0000000094800000, 0x0000000094800000, 0x0000000094900000|  0%| F|  |TAMS 0x0000000094800000| PB 0x0000000094800000| Untracked |  0
| 329|0x0000000094900000, 0x0000000094900000, 0x0000000094a00000|  0%| F|  |TAMS 0x0000000094900000| PB 0x0000000094900000| Untracked |  0
| 330|0x0000000094a00000, 0x0000000094a00000, 0x0000000094b00000|  0%| F|  |TAMS 0x0000000094a00000| PB 0x0000000094a00000| Untracked |  0
| 331|0x0000000094b00000, 0x0000000094b00000, 0x0000000094c00000|  0%| F|  |TAMS 0x0000000094b00000| PB 0x0000000094b00000| Untracked |  0
| 332|0x0000000094c00000, 0x0000000094c00000, 0x0000000094d00000|  0%| F|  |TAMS 0x0000000094c00000| PB 0x0000000094c00000| Untracked |  0
| 333|0x0000000094d00000, 0x0000000094d00000, 0x0000000094e00000|  0%| F|  |TAMS 0x0000000094d00000| PB 0x0000000094d00000| Untracked |  0
| 334|0x0000000094e00000, 0x0000000094e00000, 0x0000000094f00000|  0%| F|  |TAMS 0x0000000094e00000| PB 0x0000000094e00000| Untracked |  0
| 335|0x0000000094f00000, 0x0000000094f00000, 0x0000000095000000|  0%| F|  |TAMS 0x0000000094f00000| PB 0x0000000094f00000| Untracked |  0
| 336|0x0000000095000000, 0x0000000095000000, 0x0000000095100000|  0%| F|  |TAMS 0x0000000095000000| PB 0x0000000095000000| Untracked |  0
| 337|0x0000000095100000, 0x0000000095100000, 0x0000000095200000|  0%| F|  |TAMS 0x0000000095100000| PB 0x0000000095100000| Untracked |  0
| 338|0x0000000095200000, 0x0000000095200000, 0x0000000095300000|  0%| F|  |TAMS 0x0000000095200000| PB 0x0000000095200000| Untracked |  0
| 339|0x0000000095300000, 0x0000000095300000, 0x0000000095400000|  0%| F|  |TAMS 0x0000000095300000| PB 0x0000000095300000| Untracked |  0
| 340|0x0000000095400000, 0x0000000095400000, 0x0000000095500000|  0%| F|  |TAMS 0x0000000095400000| PB 0x0000000095400000| Untracked |  0
| 341|0x0000000095500000, 0x0000000095500000, 0x0000000095600000|  0%| F|  |TAMS 0x0000000095500000| PB 0x0000000095500000| Untracked |  0
| 342|0x0000000095600000, 0x0000000095600000, 0x0000000095700000|  0%| F|  |TAMS 0x0000000095600000| PB 0x0000000095600000| Untracked |  0
| 343|0x0000000095700000, 0x0000000095700000, 0x0000000095800000|  0%| F|  |TAMS 0x0000000095700000| PB 0x0000000095700000| Untracked |  0
| 344|0x0000000095800000, 0x0000000095800000, 0x0000000095900000|  0%| F|  |TAMS 0x0000000095800000| PB 0x0000000095800000| Untracked |  0
| 345|0x0000000095900000, 0x0000000095900000, 0x0000000095a00000|  0%| F|  |TAMS 0x0000000095900000| PB 0x0000000095900000| Untracked |  0
| 346|0x0000000095a00000, 0x0000000095a00000, 0x0000000095b00000|  0%| F|  |TAMS 0x0000000095a00000| PB 0x0000000095a00000| Untracked |  0
| 347|0x0000000095b00000, 0x0000000095b00000, 0x0000000095c00000|  0%| F|  |TAMS 0x0000000095b00000| PB 0x0000000095b00000| Untracked |  0
| 348|0x0000000095c00000, 0x0000000095c00000, 0x0000000095d00000|  0%| F|  |TAMS 0x0000000095c00000| PB 0x0000000095c00000| Untracked |  0
| 349|0x0000000095d00000, 0x0000000095d00000, 0x0000000095e00000|  0%| F|  |TAMS 0x0000000095d00000| PB 0x0000000095d00000| Untracked |  0
| 350|0x0000000095e00000, 0x0000000095e00000, 0x0000000095f00000|  0%| F|  |TAMS 0x0000000095e00000| PB 0x0000000095e00000| Untracked |  0
| 351|0x0000000095f00000, 0x0000000095f00000, 0x0000000096000000|  0%| F|  |TAMS 0x0000000095f00000| PB 0x0000000095f00000| Untracked |  0
| 352|0x0000000096000000, 0x0000000096000000, 0x0000000096100000|  0%| F|  |TAMS 0x0000000096000000| PB 0x0000000096000000| Untracked |  0
| 353|0x0000000096100000, 0x0000000096100000, 0x0000000096200000|  0%| F|  |TAMS 0x0000000096100000| PB 0x0000000096100000| Untracked |  0
| 354|0x0000000096200000, 0x0000000096200000, 0x0000000096300000|  0%| F|  |TAMS 0x0000000096200000| PB 0x0000000096200000| Untracked |  0
| 355|0x0000000096300000, 0x0000000096300000, 0x0000000096400000|  0%| F|  |TAMS 0x0000000096300000| PB 0x0000000096300000| Untracked |  0
| 356|0x0000000096400000, 0x0000000096400000, 0x0000000096500000|  0%| F|  |TAMS 0x0000000096400000| PB 0x0000000096400000| Untracked |  0
| 357|0x0000000096500000, 0x0000000096500000, 0x0000000096600000|  0%| F|  |TAMS 0x0000000096500000| PB 0x0000000096500000| Untracked |  0
| 358|0x0000000096600000, 0x0000000096600000, 0x0000000096700000|  0%| F|  |TAMS 0x0000000096600000| PB 0x0000000096600000| Untracked |  0
| 359|0x0000000096700000, 0x0000000096700000, 0x0000000096800000|  0%| F|  |TAMS 0x0000000096700000| PB 0x0000000096700000| Untracked |  0
| 360|0x0000000096800000, 0x0000000096800000, 0x0000000096900000|  0%| F|  |TAMS 0x0000000096800000| PB 0x0000000096800000| Untracked |  0
| 361|0x0000000096900000, 0x0000000096900000, 0x0000000096a00000|  0%| F|  |TAMS 0x0000000096900000| PB 0x0000000096900000| Untracked |  0
| 362|0x0000000096a00000, 0x0000000096a00000, 0x0000000096b00000|  0%| F|  |TAMS 0x0000000096a00000| PB 0x0000000096a00000| Untracked |  0
| 363|0x0000000096b00000, 0x0000000096b00000, 0x0000000096c00000|  0%| F|  |TAMS 0x0000000096b00000| PB 0x0000000096b00000| Untracked |  0
| 364|0x0000000096c00000, 0x0000000096c00000, 0x0000000096d00000|  0%| F|  |TAMS 0x0000000096c00000| PB 0x0000000096c00000| Untracked |  0
| 365|0x0000000096d00000, 0x0000000096d00000, 0x0000000096e00000|  0%| F|  |TAMS 0x0000000096d00000| PB 0x0000000096d00000| Untracked |  0
| 366|0x0000000096e00000, 0x0000000096e00000, 0x0000000096f00000|  0%| F|  |TAMS 0x0000000096e00000| PB 0x0000000096e00000| Untracked |  0
| 367|0x0000000096f00000, 0x0000000096f00000, 0x0000000097000000|  0%| F|  |TAMS 0x0000000096f00000| PB 0x0000000096f00000| Untracked |  0
| 368|0x0000000097000000, 0x0000000097000000, 0x0000000097100000|  0%| F|  |TAMS 0x0000000097000000| PB 0x0000000097000000| Untracked |  0
| 369|0x0000000097100000, 0x0000000097100000, 0x0000000097200000|  0%| F|  |TAMS 0x0000000097100000| PB 0x0000000097100000| Untracked |  0
| 370|0x0000000097200000, 0x0000000097200000, 0x0000000097300000|  0%| F|  |TAMS 0x0000000097200000| PB 0x0000000097200000| Untracked |  0
| 371|0x0000000097300000, 0x0000000097300000, 0x0000000097400000|  0%| F|  |TAMS 0x0000000097300000| PB 0x0000000097300000| Untracked |  0
| 372|0x0000000097400000, 0x0000000097400000, 0x0000000097500000|  0%| F|  |TAMS 0x0000000097400000| PB 0x0000000097400000| Untracked |  0
| 373|0x0000000097500000, 0x0000000097500000, 0x0000000097600000|  0%| F|  |TAMS 0x0000000097500000| PB 0x0000000097500000| Untracked |  0
| 374|0x0000000097600000, 0x0000000097600000, 0x0000000097700000|  0%| F|  |TAMS 0x0000000097600000| PB 0x0000000097600000| Untracked |  0
| 375|0x0000000097700000, 0x0000000097700000, 0x0000000097800000|  0%| F|  |TAMS 0x0000000097700000| PB 0x0000000097700000| Untracked |  0
| 376|0x0000000097800000, 0x0000000097800000, 0x0000000097900000|  0%| F|  |TAMS 0x0000000097800000| PB 0x0000000097800000| Untracked |  0
| 377|0x0000000097900000, 0x0000000097900000, 0x0000000097a00000|  0%| F|  |TAMS 0x0000000097900000| PB 0x0000000097900000| Untracked |  0
| 378|0x0000000097a00000, 0x0000000097a00000, 0x0000000097b00000|  0%| F|  |TAMS 0x0000000097a00000| PB 0x0000000097a00000| Untracked |  0
| 379|0x0000000097b00000, 0x0000000097b00000, 0x0000000097c00000|  0%| F|  |TAMS 0x0000000097b00000| PB 0x0000000097b00000| Untracked |  0
| 380|0x0000000097c00000, 0x0000000097c00000, 0x0000000097d00000|  0%| F|  |TAMS 0x0000000097c00000| PB 0x0000000097c00000| Untracked |  0
| 381|0x0000000097d00000, 0x0000000097d00000, 0x0000000097e00000|  0%| F|  |TAMS 0x0000000097d00000| PB 0x0000000097d00000| Untracked |  0
|2000|0x00000000fd000000, 0x00000000fd100000, 0x00000000fd100000|100%| O|  |TAMS 0x00000000fd100000| PB 0x00000000fd000000| Untracked |  0
|2001|0x00000000fd100000, 0x00000000fd100000, 0x00000000fd200000|  0%| F|  |TAMS 0x00000000fd100000| PB 0x00000000fd100000| Untracked |  0
|2002|0x00000000fd200000, 0x00000000fd300000, 0x00000000fd300000|100%| O|  |TAMS 0x00000000fd300000| PB 0x00000000fd200000| Untracked |  0
|2003|0x00000000fd300000, 0x00000000fd400000, 0x00000000fd400000|100%| O|  |TAMS 0x00000000fd400000| PB 0x00000000fd300000| Untracked |  0
|2004|0x00000000fd400000, 0x00000000fd500000, 0x00000000fd500000|100%| O|  |TAMS 0x00000000fd500000| PB 0x00000000fd400000| Untracked |  0
|2005|0x00000000fd500000, 0x00000000fd600000, 0x00000000fd600000|100%| O|  |TAMS 0x00000000fd600000| PB 0x00000000fd500000| Untracked |  0
|2006|0x00000000fd600000, 0x00000000fd700000, 0x00000000fd700000|100%| O|  |TAMS 0x00000000fd700000| PB 0x00000000fd600000| Untracked |  0
|2007|0x00000000fd700000, 0x00000000fd800000, 0x00000000fd800000|100%| O|  |TAMS 0x00000000fd800000| PB 0x00000000fd700000| Untracked |  0
|2008|0x00000000fd800000, 0x00000000fd900000, 0x00000000fd900000|100%| O|  |TAMS 0x00000000fd900000| PB 0x00000000fd800000| Untracked |  0
|2009|0x00000000fd900000, 0x00000000fda00000, 0x00000000fda00000|100%| O|  |TAMS 0x00000000fda00000| PB 0x00000000fd900000| Untracked |  0
|2010|0x00000000fda00000, 0x00000000fdb00000, 0x00000000fdb00000|100%| O|  |TAMS 0x00000000fdb00000| PB 0x00000000fda00000| Untracked |  0
|2011|0x00000000fdb00000, 0x00000000fdc00000, 0x00000000fdc00000|100%| O|  |TAMS 0x00000000fdc00000| PB 0x00000000fdb00000| Untracked |  0
|2012|0x00000000fdc00000, 0x00000000fdd00000, 0x00000000fdd00000|100%| O|  |TAMS 0x00000000fdd00000| PB 0x00000000fdc00000| Untracked |  0
|2013|0x00000000fdd00000, 0x00000000fde00000, 0x00000000fde00000|100%| O|  |TAMS 0x00000000fde00000| PB 0x00000000fdd00000| Untracked |  0
|2014|0x00000000fde00000, 0x00000000fdf00000, 0x00000000fdf00000|100%| O|  |TAMS 0x00000000fdf00000| PB 0x00000000fde00000| Untracked |  0
|2015|0x00000000fdf00000, 0x00000000fe000000, 0x00000000fe000000|100%| O|  |TAMS 0x00000000fe000000| PB 0x00000000fdf00000| Untracked |  0
|2016|0x00000000fe000000, 0x00000000fe100000, 0x00000000fe100000|100%| O|  |TAMS 0x00000000fe100000| PB 0x00000000fe000000| Untracked |  0
|2017|0x00000000fe100000, 0x00000000fe200000, 0x00000000fe200000|100%| O|  |TAMS 0x00000000fe200000| PB 0x00000000fe100000| Untracked |  0
|2018|0x00000000fe200000, 0x00000000fe300000, 0x00000000fe300000|100%| O|  |TAMS 0x00000000fe300000| PB 0x00000000fe200000| Untracked |  0
|2019|0x00000000fe300000, 0x00000000fe400000, 0x00000000fe400000|100%| O|  |TAMS 0x00000000fe400000| PB 0x00000000fe300000| Untracked |  0
|2020|0x00000000fe400000, 0x00000000fe500000, 0x00000000fe500000|100%| O|  |TAMS 0x00000000fe500000| PB 0x00000000fe400000| Untracked |  0
|2021|0x00000000fe500000, 0x00000000fe600000, 0x00000000fe600000|100%| O|  |TAMS 0x00000000fe600000| PB 0x00000000fe500000| Untracked |  0
|2022|0x00000000fe600000, 0x00000000fe700000, 0x00000000fe700000|100%| O|  |TAMS 0x00000000fe700000| PB 0x00000000fe600000| Untracked |  0
|2023|0x00000000fe700000, 0x00000000fe700000, 0x00000000fe800000|  0%| F|  |TAMS 0x00000000fe700000| PB 0x00000000fe700000| Untracked |  0
|2024|0x00000000fe800000, 0x00000000fe800000, 0x00000000fe900000|  0%| F|  |TAMS 0x00000000fe800000| PB 0x00000000fe800000| Untracked |  0
|2025|0x00000000fe900000, 0x00000000fe900000, 0x00000000fea00000|  0%| F|  |TAMS 0x00000000fe900000| PB 0x00000000fe900000| Untracked |  0
|2026|0x00000000fea00000, 0x00000000feb00000, 0x00000000feb00000|100%| O|  |TAMS 0x00000000feb00000| PB 0x00000000fea00000| Untracked |  0
|2027|0x00000000feb00000, 0x00000000feb00000, 0x00000000fec00000|  0%| F|  |TAMS 0x00000000feb00000| PB 0x00000000feb00000| Untracked |  0
|2028|0x00000000fec00000, 0x00000000fec00000, 0x00000000fed00000|  0%| F|  |TAMS 0x00000000fec00000| PB 0x00000000fec00000| Untracked |  0
|2029|0x00000000fed00000, 0x00000000fee00000, 0x00000000fee00000|100%| O|  |TAMS 0x00000000fee00000| PB 0x00000000fed00000| Untracked |  0
|2030|0x00000000fee00000, 0x00000000fef00000, 0x00000000fef00000|100%| O|  |TAMS 0x00000000fef00000| PB 0x00000000fee00000| Untracked |  0
|2031|0x00000000fef00000, 0x00000000fef00000, 0x00000000ff000000|  0%| F|  |TAMS 0x00000000fef00000| PB 0x00000000fef00000| Untracked |  0
|2032|0x00000000ff000000, 0x00000000ff100000, 0x00000000ff100000|100%| O|  |TAMS 0x00000000ff100000| PB 0x00000000ff000000| Untracked |  0
|2033|0x00000000ff100000, 0x00000000ff200000, 0x00000000ff200000|100%| O|  |TAMS 0x00000000ff200000| PB 0x00000000ff100000| Untracked |  0
|2034|0x00000000ff200000, 0x00000000ff300000, 0x00000000ff300000|100%| O|  |TAMS 0x00000000ff300000| PB 0x00000000ff200000| Untracked |  0
|2035|0x00000000ff300000, 0x00000000ff400000, 0x00000000ff400000|100%| O|  |TAMS 0x00000000ff400000| PB 0x00000000ff300000| Untracked |  0
|2036|0x00000000ff400000, 0x00000000ff400000, 0x00000000ff500000|  0%| F|  |TAMS 0x00000000ff400000| PB 0x00000000ff400000| Untracked |  0
|2037|0x00000000ff500000, 0x00000000ff500000, 0x00000000ff600000|  0%| F|  |TAMS 0x00000000ff500000| PB 0x00000000ff500000| Untracked |  0
|2038|0x00000000ff600000, 0x00000000ff600000, 0x00000000ff700000|  0%| F|  |TAMS 0x00000000ff600000| PB 0x00000000ff600000| Untracked |  0
|2039|0x00000000ff700000, 0x00000000ff700000, 0x00000000ff800000|  0%| F|  |TAMS 0x00000000ff700000| PB 0x00000000ff700000| Untracked |  0
|2040|0x00000000ff800000, 0x00000000ff800000, 0x00000000ff900000|  0%| F|  |TAMS 0x00000000ff800000| PB 0x00000000ff800000| Untracked |  0
|2041|0x00000000ff900000, 0x00000000ffa00000, 0x00000000ffa00000|100%| O|  |TAMS 0x00000000ffa00000| PB 0x00000000ff900000| Untracked |  0
|2042|0x00000000ffa00000, 0x00000000ffb00000, 0x00000000ffb00000|100%| O|  |TAMS 0x00000000ffb00000| PB 0x00000000ffa00000| Untracked |  0
|2043|0x00000000ffb00000, 0x00000000ffc00000, 0x00000000ffc00000|100%| O|  |TAMS 0x00000000ffc00000| PB 0x00000000ffb00000| Untracked |  0
|2044|0x00000000ffc00000, 0x00000000ffc00000, 0x00000000ffd00000|  0%| F|  |TAMS 0x00000000ffc00000| PB 0x00000000ffc00000| Untracked |  0
|2045|0x00000000ffd00000, 0x00000000ffd00000, 0x00000000ffe00000|  0%| F|  |TAMS 0x00000000ffd00000| PB 0x00000000ffd00000| Untracked |  0
|2046|0x00000000ffe00000, 0x00000000fff00000, 0x00000000fff00000|100%| O|  |TAMS 0x00000000fff00000| PB 0x00000000ffe00000| Untracked |  0
|2047|0x00000000fff00000, 0x0000000100000000, 0x0000000100000000|100%| O|  |TAMS 0x0000000100000000| PB 0x00000000fff00000| Untracked |  0

Card table byte_map: [0x00000230f50b0000,0x00000230f54b0000] _byte_map_base: 0x00000230f4cb0000

Marking Bits: (CMBitMap*) 0x00000230f0e7a920
 Bits: [0x00000230f54b0000, 0x00000230f74b0000)

Polling page: 0x00000230eecd0000

Metaspace:
Metaspace        used 101092K, committed 102848K, reserved 1179648K
 class space     used 14823K, committed 15680K, reserved 1048576K

Usage:
  Non-class:     84.25 MB used.
      Class:     14.48 MB used.
       Both:     98.72 MB used.

Virtual space:
  Non-class space:      128.00 MB reserved,      85.12 MB ( 67%) committed,  2 nodes.
      Class space:        1.00 GB reserved,      15.31 MB (  1%) committed,  1 nodes.
             Both:        1.12 GB reserved,     100.44 MB (  9%) committed. 

Chunk freelists:
   Non-Class:  10.64 MB
       Class:  688.00 KB
        Both:  11.31 MB

MaxMetaspaceSize: unlimited
CompressedClassSpaceSize: 1.00 GB
Initial GC threshold: 21.00 MB
Current GC threshold: 150.00 MB
CDS: off
 - commit_granule_bytes: 65536.
 - commit_granule_words: 8192.
 - virtual_space_node_default_size: 8388608.
 - enlarge_chunks_in_place: 1.
UseCompressedClassPointers 1, UseCompactObjectHeaders 0
Narrow klass pointer bits 32, Max shift 3
Narrow klass base: 0x0000000000000000, Narrow klass shift: 0
Encoding Range: [0x0000000000000000 - 0x0000000100000000), (4294967296 bytes)
Klass Range:    [0x000000002c000000 - 0x000000006c000000), (1073741824 bytes)
Klass ID Range:  [738197504 - 1811939321) (1073741817)
No protection zone.


Internal statistics:

num_allocs_failed_limit: 6.
num_arena_births: 3432.
num_arena_deaths: 70.
num_vsnodes_births: 3.
num_vsnodes_deaths: 0.
num_space_committed: 1606.
num_space_uncommitted: 0.
num_chunks_returned_to_freelist: 106.
num_chunks_taken_from_freelist: 7662.
num_chunk_merges: 42.
num_chunk_splits: 4955.
num_chunks_enlarged: 3031.
num_inconsistent_stats: 0.

CodeHeap 'non-profiled nmethods': size=119232Kb used=4066Kb max_used=4066Kb free=115166Kb
 bounds [0x0000023087b90000, 0x0000023087f90000, 0x000002308f000000]
CodeHeap 'profiled nmethods': size=119104Kb used=17419Kb max_used=17419Kb free=101684Kb
 bounds [0x0000023080000000, 0x0000023081110000, 0x0000023087450000]
CodeHeap 'non-nmethods': size=7424Kb used=3670Kb max_used=3809Kb free=3753Kb
 bounds [0x0000023087450000, 0x0000023087820000, 0x0000023087b90000]
CodeCache: size=245760Kb, used=25155Kb, max_used=25294Kb, free=220603Kb
 total_blobs=12759, nmethods=11909, adapters=749, full_count=0
Compilation: enabled, stopped_count=0, restarted_count=0

Compilation events (20 events):
Event: 16.963 Thread 0x00000230fa213f80 13956       3       com.android.tools.r8.internal.se0::hashCode (21 bytes)
Event: 16.963 Thread 0x00000230fa213f80 nmethod 13956 0x0000023081100f88 code [0x0000023081101080, 0x00000230811012f0]
Event: 16.964 Thread 0x00000230fa213f80 13957       3       com.android.tools.r8.internal.ze0::<init> (35 bytes)
Event: 16.964 Thread 0x00000230fa213f80 nmethod 13957 0x0000023081101308 code [0x0000023081101400, 0x0000023081101930]
Event: 16.966 Thread 0x00000230fa81a380 13960       2       com.android.tools.r8.internal.uk0::<init> (8 bytes)
Event: 16.966 Thread 0x00000230fa83df60 13962       2       com.android.tools.r8.graph.s6$k::F0 (2 bytes)
Event: 16.966 Thread 0x00000230fa81a380 nmethod 13960 0x0000023081101988 code [0x0000023081101a80, 0x0000023081101b98]
Event: 16.966 Thread 0x00000230fa83df60 nmethod 13962 0x0000023081101c88 code [0x0000023081101d80, 0x0000023081101e88]
Event: 16.966 Thread 0x00000230ff2a96d0 13964       3       com.android.tools.r8.internal.ad0::<init> (37 bytes)
Event: 16.967 Thread 0x00000230ff2a96d0 nmethod 13964 0x0000023081101f88 code [0x0000023081102080, 0x00000230811021d0]
Event: 16.968 Thread 0x00000230fa83df60 13965       3       com.android.tools.r8.internal.gi0::<init> (7 bytes)
Event: 16.968 Thread 0x00000230fa83df60 nmethod 13965 0x0000023081102288 code [0x0000023081102380, 0x00000230811024b0]
Event: 16.968 Thread 0x00000230fa81a380 13967       3       com.android.tools.r8.graph.j6$$Lambda/0x000000002cdbf3b0::apply (8 bytes)
Event: 16.968 Thread 0x00000230fa81a380 nmethod 13967 0x0000023081102588 code [0x0000023081102680, 0x0000023081102868]
Event: 16.970 Thread 0x0000023091f4aa80 nmethod 13879 0x0000023087f88288 code [0x0000023087f88380, 0x0000023087f88778]
Event: 16.970 Thread 0x0000023091f4aa80 13961       4       com.android.tools.r8.internal.mg0::a (65 bytes)
Event: 16.971 Thread 0x00000230fa81a380 13969       2       com.android.tools.r8.internal.xa0::<init> (7 bytes)
Event: 16.971 Thread 0x00000230fa81a380 nmethod 13969 0x0000023081102888 code [0x0000023081102980, 0x0000023081102a98]
Event: 16.971 Thread 0x00000230fa213f80 13970       3       com.android.tools.r8.internal.ne0::<init> (12 bytes)
Event: 16.972 Thread 0x00000230fa213f80 nmethod 13970 0x0000023081102b88 code [0x0000023081102c80, 0x0000023081102eb8]

GC Heap Usage History (20 events):
Event: 13.669 {heap After GC invocations=34 (full 0):
 garbage-first heap   total reserved 2097152K, committed 199680K, used 112890K [0x0000000080000000, 0x0000000100000000)
  region size 1024K, 11 young (11264K), 11 survivors (11264K)
}
Event: 13.769 {heap Before GC invocations=34 (full 0):
 garbage-first heap   total reserved 2097152K, committed 199680K, used 130298K [0x0000000080000000, 0x0000000100000000)
  region size 1024K, 30 young (30720K), 11 survivors (11264K)
}
Event: 13.777 {heap After GC invocations=35 (full 0):
 garbage-first heap   total reserved 2097152K, committed 199680K, used 119833K [0x0000000080000000, 0x0000000100000000)
  region size 1024K, 7 young (7168K), 7 survivors (7168K)
}
Event: 14.068 {heap Before GC invocations=36 (full 0):
 garbage-first heap   total reserved 2097152K, committed 204800K, used 187417K [0x0000000080000000, 0x0000000100000000)
  region size 1024K, 61 young (62464K), 7 survivors (7168K)
}
Event: 14.080 {heap After GC invocations=37 (full 0):
 garbage-first heap   total reserved 2097152K, committed 212992K, used 150440K [0x0000000080000000, 0x0000000100000000)
  region size 1024K, 8 young (8192K), 8 survivors (8192K)
}
Event: 14.168 {heap Before GC invocations=37 (full 0):
 garbage-first heap   total reserved 2097152K, committed 212992K, used 194472K [0x0000000080000000, 0x0000000100000000)
  region size 1024K, 47 young (48128K), 8 survivors (8192K)
}
Event: 14.182 {heap After GC invocations=38 (full 0):
 garbage-first heap   total reserved 2097152K, committed 218112K, used 166071K [0x0000000080000000, 0x0000000100000000)
  region size 1024K, 6 young (6144K), 6 survivors (6144K)
}
Event: 14.260 {heap Before GC invocations=38 (full 0):
 garbage-first heap   total reserved 2097152K, committed 218112K, used 196791K [0x0000000080000000, 0x0000000100000000)
  region size 1024K, 37 young (37888K), 6 survivors (6144K)
}
Event: 14.274 {heap After GC invocations=39 (full 0):
 garbage-first heap   total reserved 2097152K, committed 369664K, used 177329K [0x0000000080000000, 0x0000000100000000)
  region size 1024K, 5 young (5120K), 5 survivors (5120K)
}
Event: 14.913 {heap Before GC invocations=40 (full 0):
 garbage-first heap   total reserved 2097152K, committed 369664K, used 334001K [0x0000000080000000, 0x0000000100000000)
  region size 1024K, 123 young (125952K), 5 survivors (5120K)
}
Event: 14.943 {heap After GC invocations=41 (full 0):
 garbage-first heap   total reserved 2097152K, committed 369664K, used 221602K [0x0000000080000000, 0x0000000100000000)
  region size 1024K, 16 young (16384K), 16 survivors (16384K)
}
Event: 15.355 {heap Before GC invocations=41 (full 0):
 garbage-first heap   total reserved 2097152K, committed 369664K, used 368034K [0x0000000080000000, 0x0000000100000000)
  region size 1024K, 96 young (98304K), 16 survivors (16384K)
}
Event: 15.390 {heap After GC invocations=42 (full 0):
 garbage-first heap   total reserved 2097152K, committed 406528K, used 261323K [0x0000000080000000, 0x0000000100000000)
  region size 1024K, 14 young (14336K), 14 survivors (14336K)
}
Event: 15.417 {heap Before GC invocations=42 (full 0):
 garbage-first heap   total reserved 2097152K, committed 406528K, used 265419K [0x0000000080000000, 0x0000000100000000)
  region size 1024K, 19 young (19456K), 14 survivors (14336K)
}
Event: 15.425 {heap After GC invocations=43 (full 0):
 garbage-first heap   total reserved 2097152K, committed 406528K, used 264601K [0x0000000080000000, 0x0000000100000000)
  region size 1024K, 2 young (2048K), 2 survivors (2048K)
}
Event: 15.933 {heap Before GC invocations=44 (full 0):
 garbage-first heap   total reserved 2097152K, committed 440320K, used 356761K [0x0000000080000000, 0x0000000100000000)
  region size 1024K, 91 young (93184K), 2 survivors (2048K)
}
Event: 15.954 {heap After GC invocations=45 (full 0):
 garbage-first heap   total reserved 2097152K, committed 440320K, used 289792K [0x0000000080000000, 0x0000000100000000)
  region size 1024K, 12 young (12288K), 12 survivors (12288K)
}
Event: 16.382 {heap Before GC invocations=45 (full 0):
 garbage-first heap   total reserved 2097152K, committed 440320K, used 387072K [0x0000000080000000, 0x0000000100000000)
  region size 1024K, 105 young (107520K), 12 survivors (12288K)
}
Event: 16.415 {heap After GC invocations=46 (full 0):
 garbage-first heap   total reserved 2097152K, committed 440320K, used 298648K [0x0000000080000000, 0x0000000100000000)
  region size 1024K, 14 young (14336K), 14 survivors (14336K)
}
Event: 16.972 {heap Before GC invocations=46 (full 0):
 garbage-first heap   total reserved 2097152K, committed 440320K, used 387736K [0x0000000080000000, 0x0000000100000000)
  region size 1024K, 102 young (104448K), 14 survivors (14336K)
}

Metaspace Usage History (20 events):
Event: 13.669 {metaspace After GC invocations=34 (full 0):
 Metaspace       used 81067K, committed 82688K, reserved 1179648K
  class space    used 11804K, committed 12544K, reserved 1048576K
}
Event: 13.769 {metaspace Before GC invocations=34 (full 0):
 Metaspace       used 81576K, committed 83200K, reserved 1179648K
  class space    used 11857K, committed 12608K, reserved 1048576K
}
Event: 13.777 {metaspace After GC invocations=35 (full 0):
 Metaspace       used 81576K, committed 83200K, reserved 1179648K
  class space    used 11857K, committed 12608K, reserved 1048576K
}
Event: 14.068 {metaspace Before GC invocations=36 (full 0):
 Metaspace       used 81821K, committed 83392K, reserved 1179648K
  class space    used 11871K, committed 12608K, reserved 1048576K
}
Event: 14.080 {metaspace After GC invocations=37 (full 0):
 Metaspace       used 81821K, committed 83392K, reserved 1179648K
  class space    used 11871K, committed 12608K, reserved 1048576K
}
Event: 14.168 {metaspace Before GC invocations=37 (full 0):
 Metaspace       used 81940K, committed 83648K, reserved 1179648K
  class space    used 11889K, committed 12672K, reserved 1048576K
}
Event: 14.182 {metaspace After GC invocations=38 (full 0):
 Metaspace       used 81940K, committed 83648K, reserved 1179648K
  class space    used 11889K, committed 12672K, reserved 1048576K
}
Event: 14.260 {metaspace Before GC invocations=38 (full 0):
 Metaspace       used 82023K, committed 83712K, reserved 1179648K
  class space    used 11897K, committed 12672K, reserved 1048576K
}
Event: 14.274 {metaspace After GC invocations=39 (full 0):
 Metaspace       used 82023K, committed 83712K, reserved 1179648K
  class space    used 11897K, committed 12672K, reserved 1048576K
}
Event: 14.913 {metaspace Before GC invocations=40 (full 0):
 Metaspace       used 84848K, committed 86464K, reserved 1179648K
  class space    used 12308K, committed 13056K, reserved 1048576K
}
Event: 14.943 {metaspace After GC invocations=41 (full 0):
 Metaspace       used 84848K, committed 86464K, reserved 1179648K
  class space    used 12308K, committed 13056K, reserved 1048576K
}
Event: 15.355 {metaspace Before GC invocations=41 (full 0):
 Metaspace       used 89293K, committed 90944K, reserved 1179648K
  class space    used 12978K, committed 13760K, reserved 1048576K
}
Event: 15.390 {metaspace After GC invocations=42 (full 0):
 Metaspace       used 89293K, committed 90944K, reserved 1179648K
  class space    used 12978K, committed 13760K, reserved 1048576K
}
Event: 15.417 {metaspace Before GC invocations=42 (full 0):
 Metaspace       used 89394K, committed 91072K, reserved 1179648K
  class space    used 13002K, committed 13760K, reserved 1048576K
}
Event: 15.425 {metaspace After GC invocations=43 (full 0):
 Metaspace       used 89394K, committed 91072K, reserved 1179648K
  class space    used 13002K, committed 13760K, reserved 1048576K
}
Event: 15.933 {metaspace Before GC invocations=44 (full 0):
 Metaspace       used 93220K, committed 94912K, reserved 1179648K
  class space    used 13469K, committed 14272K, reserved 1048576K
}
Event: 15.954 {metaspace After GC invocations=45 (full 0):
 Metaspace       used 93220K, committed 94912K, reserved 1179648K
  class space    used 13469K, committed 14272K, reserved 1048576K
}
Event: 16.382 {metaspace Before GC invocations=45 (full 0):
 Metaspace       used 95949K, committed 97600K, reserved 1179648K
  class space    used 13801K, committed 14592K, reserved 1048576K
}
Event: 16.415 {metaspace After GC invocations=46 (full 0):
 Metaspace       used 95949K, committed 97600K, reserved 1179648K
  class space    used 13801K, committed 14592K, reserved 1048576K
}
Event: 16.972 {metaspace Before GC invocations=46 (full 0):
 Metaspace       used 101092K, committed 102848K, reserved 1179648K
  class space    used 14823K, committed 15680K, reserved 1048576K
}

Dll operation events (3 events):
Event: 0.019 Loaded shared library E:\Android\AndroidStudio\jbr\bin\java.dll
Event: 0.028 Loaded shared library E:\Android\AndroidStudio\jbr\bin\zip.dll
Event: 1.053 Loaded shared library E:\Android\AndroidStudio\jbr\bin\verify.dll

Deoptimization events (20 events):
Event: 16.863 Thread 0x00000230952e9e20 Uncommon trap: trap_request=0xffffffde fr.pc=0x0000023087f69a64 relative=0x0000000000000064
Event: 16.863 Thread 0x00000230952e9e20 Uncommon trap: reason=class_check action=maybe_recompile pc=0x0000023087f69a64 method=com.android.tools.r8.internal.mk1.V()Z @ 6 c2
Event: 16.863 Thread 0x00000230952e9e20 DEOPT PACKING pc=0x0000023087f69a64 sp=0x000000dafb6fe3e0
Event: 16.863 Thread 0x00000230952e9e20 DEOPT UNPACKING pc=0x0000023087568582 sp=0x000000dafb6fe380 mode 2
Event: 16.864 Thread 0x000002309a14d3f0 Uncommon trap: trap_request=0xffffffde fr.pc=0x0000023087f69a64 relative=0x0000000000000064
Event: 16.864 Thread 0x000002309a14d3f0 Uncommon trap: reason=class_check action=maybe_recompile pc=0x0000023087f69a64 method=com.android.tools.r8.internal.mk1.V()Z @ 6 c2
Event: 16.864 Thread 0x000002309a14d3f0 DEOPT PACKING pc=0x0000023087f69a64 sp=0x000000dafb2fe550
Event: 16.864 Thread 0x000002309a14d3f0 DEOPT UNPACKING pc=0x0000023087568582 sp=0x000000dafb2fe4f0 mode 2
Event: 16.865 Thread 0x0000023091858af0 Uncommon trap: trap_request=0xffffff45 fr.pc=0x0000023087cc6edc relative=0x000000000000035c
Event: 16.865 Thread 0x0000023091858af0 Uncommon trap: reason=unstable_if action=reinterpret pc=0x0000023087cc6edc method=com.android.tools.r8.internal.l41.a(I)Z @ 45 c2
Event: 16.865 Thread 0x0000023091858af0 DEOPT PACKING pc=0x0000023087cc6edc sp=0x000000dafb5fe730
Event: 16.866 Thread 0x0000023091858af0 DEOPT UNPACKING pc=0x0000023087568582 sp=0x000000dafb5fe660 mode 2
Event: 16.899 Thread 0x00000230ff448840 DEOPT PACKING pc=0x0000023080f60234 sp=0x000000dafb3fe670
Event: 16.899 Thread 0x00000230ff448840 DEOPT UNPACKING pc=0x00000230874a1702 sp=0x000000dafb3fdb88 mode 0
Event: 16.903 Thread 0x000002309a14d3f0 DEOPT PACKING pc=0x0000023081087229 sp=0x000000dafb2fec20
Event: 16.903 Thread 0x000002309a14d3f0 DEOPT UNPACKING pc=0x00000230874a1702 sp=0x000000dafb2fe218 mode 0
Event: 16.910 Thread 0x000002309aa04730 DEOPT PACKING pc=0x0000023081087229 sp=0x000000dafacfede0
Event: 16.910 Thread 0x000002309aa04730 DEOPT UNPACKING pc=0x00000230874a1702 sp=0x000000dafacfe3d8 mode 0
Event: 16.915 Thread 0x00000230ff03bd60 DEOPT PACKING pc=0x0000023081087229 sp=0x000000dafb4fe990
Event: 16.916 Thread 0x00000230ff03bd60 DEOPT UNPACKING pc=0x00000230874a1702 sp=0x000000dafb4fdf88 mode 0

Classes loaded (20 events):
Event: 16.733 Loading class java/util/concurrent/Semaphore$NonfairSync
Event: 16.733 Loading class java/util/concurrent/Semaphore$Sync
Event: 16.733 Loading class java/util/concurrent/Semaphore$Sync done
Event: 16.733 Loading class java/util/concurrent/Semaphore$NonfairSync done
Event: 16.850 Loading class java/nio/ShortBuffer
Event: 16.850 Loading class java/util/IdentityHashMap$EntrySpliterator
Event: 16.850 Loading class java/util/IdentityHashMap$IdentityHashMapSpliterator
Event: 16.850 Loading class java/util/IdentityHashMap$IdentityHashMapSpliterator done
Event: 16.850 Loading class java/util/IdentityHashMap$EntrySpliterator done
Event: 16.851 Loading class java/nio/ShortBuffer done
Event: 16.851 Loading class java/nio/HeapShortBuffer
Event: 16.851 Loading class java/nio/HeapShortBuffer done
Event: 16.851 Loading class java/util/stream/SortedOps
Event: 16.852 Loading class java/util/stream/SortedOps done
Event: 16.852 Loading class java/util/stream/SortedOps$OfRef
Event: 16.853 Loading class java/util/stream/SortedOps$OfRef done
Event: 16.854 Loading class java/util/stream/SortedOps$RefSortingSink
Event: 16.854 Loading class java/util/stream/SortedOps$AbstractRefSortingSink
Event: 16.854 Loading class java/util/stream/SortedOps$AbstractRefSortingSink done
Event: 16.854 Loading class java/util/stream/SortedOps$RefSortingSink done

Classes unloaded (20 events):
Event: 12.467 Thread 0x00000230fa1c4d60 Unloading class 0x000000002ca87400 'java/lang/invoke/LambdaForm$MH+0x000000002ca87400'
Event: 12.467 Thread 0x00000230fa1c4d60 Unloading class 0x000000002ca87000 'java/lang/invoke/LambdaForm$MH+0x000000002ca87000'
Event: 12.467 Thread 0x00000230fa1c4d60 Unloading class 0x000000002ca86400 'java/lang/invoke/LambdaForm$MH+0x000000002ca86400'
Event: 12.467 Thread 0x00000230fa1c4d60 Unloading class 0x000000002ca86000 'java/lang/invoke/LambdaForm$MH+0x000000002ca86000'
Event: 12.467 Thread 0x00000230fa1c4d60 Unloading class 0x000000002ca85800 'java/lang/invoke/LambdaForm$MH+0x000000002ca85800'
Event: 12.467 Thread 0x00000230fa1c4d60 Unloading class 0x000000002ca85c00 'java/lang/invoke/LambdaForm$MH+0x000000002ca85c00'
Event: 12.467 Thread 0x00000230fa1c4d60 Unloading class 0x000000002ca84c00 'java/lang/invoke/LambdaForm$MH+0x000000002ca84c00'
Event: 12.467 Thread 0x00000230fa1c4d60 Unloading class 0x000000002ca84000 'java/lang/invoke/LambdaForm$MH+0x000000002ca84000'
Event: 12.467 Thread 0x00000230fa1c4d60 Unloading class 0x000000002ca85000 'java/lang/invoke/LambdaForm$MH+0x000000002ca85000'
Event: 12.467 Thread 0x00000230fa1c4d60 Unloading class 0x000000002ca85400 'java/lang/invoke/LambdaForm$MH+0x000000002ca85400'
Event: 12.467 Thread 0x00000230fa1c4d60 Unloading class 0x000000002ca84800 'java/lang/invoke/LambdaForm$MH+0x000000002ca84800'
Event: 12.467 Thread 0x00000230fa1c4d60 Unloading class 0x000000002ca84400 'java/lang/invoke/LambdaForm$MH+0x000000002ca84400'
Event: 12.467 Thread 0x00000230fa1c4d60 Unloading class 0x000000002ca51400 'java/lang/invoke/LambdaForm$MH+0x000000002ca51400'
Event: 14.390 Thread 0x00000230fa1c4d60 Unloading class 0x000000002cc52000 'java/lang/invoke/LambdaForm$DMH+0x000000002cc52000'
Event: 14.390 Thread 0x00000230fa1c4d60 Unloading class 0x000000002cc51c00 'java/lang/invoke/LambdaForm$DMH+0x000000002cc51c00'
Event: 14.390 Thread 0x00000230fa1c4d60 Unloading class 0x000000002cc51400 'java/lang/invoke/LambdaForm$DMH+0x000000002cc51400'
Event: 14.390 Thread 0x00000230fa1c4d60 Unloading class 0x000000002cc51000 'java/lang/invoke/LambdaForm$DMH+0x000000002cc51000'
Event: 14.390 Thread 0x00000230fa1c4d60 Unloading class 0x000000002cc50c00 'java/lang/invoke/LambdaForm$DMH+0x000000002cc50c00'
Event: 14.390 Thread 0x00000230fa1c4d60 Unloading class 0x000000002cc50800 'java/lang/invoke/LambdaForm$DMH+0x000000002cc50800'
Event: 14.390 Thread 0x00000230fa1c4d60 Unloading class 0x000000002cc50400 'java/lang/invoke/LambdaForm$DMH+0x000000002cc50400'

Classes redefined (0 events):
No events

Internal exceptions (20 events):
Event: 16.926 Thread 0x0000023093764150 Exception <a 'sun/nio/fs/WindowsException'{0x0000000094073400}> (0x0000000094073400) 
thrown [s\src\hotspot\share\prims\jni.cpp, line 535]
Event: 16.929 Thread 0x0000023093764150 Exception <a 'sun/nio/fs/WindowsException'{0x00000000940783a8}> (0x00000000940783a8) 
thrown [s\src\hotspot\share\prims\jni.cpp, line 535]
Event: 16.930 Thread 0x0000023093764150 Exception <a 'sun/nio/fs/WindowsException'{0x000000009407d9b8}> (0x000000009407d9b8) 
thrown [s\src\hotspot\share\prims\jni.cpp, line 535]
Event: 16.932 Thread 0x0000023093764150 Exception <a 'sun/nio/fs/WindowsException'{0x0000000093e832c8}> (0x0000000093e832c8) 
thrown [s\src\hotspot\share\prims\jni.cpp, line 535]
Event: 16.935 Thread 0x0000023093764150 Exception <a 'sun/nio/fs/WindowsException'{0x0000000093e94bc8}> (0x0000000093e94bc8) 
thrown [s\src\hotspot\share\prims\jni.cpp, line 535]
Event: 16.938 Thread 0x0000023093764150 Exception <a 'sun/nio/fs/WindowsException'{0x0000000093dd5298}> (0x0000000093dd5298) 
thrown [s\src\hotspot\share\prims\jni.cpp, line 535]
Event: 16.940 Thread 0x00000230952e30c0 Exception <a 'sun/nio/fs/WindowsException'{0x0000000093c75698}> (0x0000000093c75698) 
thrown [s\src\hotspot\share\prims\jni.cpp, line 535]
Event: 16.943 Thread 0x00000230952e30c0 Exception <a 'sun/nio/fs/WindowsException'{0x0000000093c7c620}> (0x0000000093c7c620) 
thrown [s\src\hotspot\share\prims\jni.cpp, line 535]
Event: 16.945 Thread 0x00000230952e30c0 Exception <a 'sun/nio/fs/WindowsException'{0x0000000093a01208}> (0x0000000093a01208) 
thrown [s\src\hotspot\share\prims\jni.cpp, line 535]
Event: 16.947 Thread 0x00000230952e30c0 Exception <a 'sun/nio/fs/WindowsException'{0x0000000093aa22c8}> (0x0000000093aa22c8) 
thrown [s\src\hotspot\share\prims\jni.cpp, line 535]
Event: 16.949 Thread 0x0000023094cff010 Exception <a 'sun/nio/fs/WindowsException'{0x000000009391f208}> (0x000000009391f208) 
thrown [s\src\hotspot\share\prims\jni.cpp, line 535]
Event: 16.951 Thread 0x00000230952e30c0 Exception <a 'sun/nio/fs/WindowsException'{0x000000009395d2a8}> (0x000000009395d2a8) 
thrown [s\src\hotspot\share\prims\jni.cpp, line 535]
Event: 16.952 Thread 0x0000023094cff010 Exception <a 'sun/nio/fs/WindowsException'{0x00000000939265b8}> (0x00000000939265b8) 
thrown [s\src\hotspot\share\prims\jni.cpp, line 535]
Event: 16.953 Thread 0x0000023094cff010 Exception <a 'sun/nio/fs/WindowsException'{0x000000009392b638}> (0x000000009392b638) 
thrown [s\src\hotspot\share\prims\jni.cpp, line 535]
Event: 16.955 Thread 0x0000023094cff010 Exception <a 'sun/nio/fs/WindowsException'{0x00000000939332a0}> (0x00000000939332a0) 
thrown [s\src\hotspot\share\prims\jni.cpp, line 535]
Event: 16.959 Thread 0x0000023093764150 Exception <a 'sun/nio/fs/WindowsException'{0x0000000093910be0}> (0x0000000093910be0) 
thrown [s\src\hotspot\share\prims\jni.cpp, line 535]
Event: 16.962 Thread 0x0000023093764150 Exception <a 'sun/nio/fs/WindowsException'{0x0000000093917e30}> (0x0000000093917e30) 
thrown [s\src\hotspot\share\prims\jni.cpp, line 535]
Event: 16.965 Thread 0x0000023093764150 Exception <a 'sun/nio/fs/WindowsException'{0x0000000093501038}> (0x0000000093501038) 
thrown [s\src\hotspot\share\prims\jni.cpp, line 535]
Event: 16.967 Thread 0x0000023093764150 Exception <a 'sun/nio/fs/WindowsException'{0x0000000093581660}> (0x0000000093581660) 
thrown [s\src\hotspot\share\prims\jni.cpp, line 535]
Event: 16.968 Thread 0x0000023093764150 Exception <a 'sun/nio/fs/WindowsException'{0x00000000935888a0}> (0x00000000935888a0) 
thrown [s\src\hotspot\share\prims\jni.cpp, line 535]

VM Operations (20 events):
Event: 15.578 Executing safepoint VM operation: G1PauseRemark done
Event: 15.650 Executing safepoint VM operation: G1PauseCleanup
Event: 15.650 Executing safepoint VM operation: G1PauseCleanup done
Event: 15.672 Executing non-safepoint VM operation: HandshakeAllThreads (Deoptimize)
Event: 15.672 Executing non-safepoint VM operation: HandshakeAllThreads (Deoptimize) done
Event: 15.824 Executing non-safepoint VM operation: HandshakeAllThreads (Deoptimize)
Event: 15.824 Executing non-safepoint VM operation: HandshakeAllThreads (Deoptimize) done
Event: 15.933 Executing safepoint VM operation: G1CollectForAllocation (G1 Evacuation Pause)
Event: 15.954 Executing safepoint VM operation: G1CollectForAllocation (G1 Evacuation Pause) done
Event: 16.353 Executing non-safepoint VM operation: HandshakeAllThreads (Deoptimize)
Event: 16.354 Executing non-safepoint VM operation: HandshakeAllThreads (Deoptimize) done
Event: 16.356 Executing non-safepoint VM operation: HandshakeAllThreads (Deoptimize)
Event: 16.356 Executing non-safepoint VM operation: HandshakeAllThreads (Deoptimize) done
Event: 16.382 Executing safepoint VM operation: G1CollectForAllocation (G1 Evacuation Pause)
Event: 16.415 Executing safepoint VM operation: G1CollectForAllocation (G1 Evacuation Pause) done
Event: 16.576 Executing non-safepoint VM operation: HandshakeAllThreads (Deoptimize)
Event: 16.577 Executing non-safepoint VM operation: HandshakeAllThreads (Deoptimize) done
Event: 16.745 Executing non-safepoint VM operation: HandshakeAllThreads (Deoptimize)
Event: 16.746 Executing non-safepoint VM operation: HandshakeAllThreads (Deoptimize) done
Event: 16.972 Executing safepoint VM operation: G1CollectForAllocation (G1 Evacuation Pause)

Memory protections (0 events):
No events

Nmethod flushes (20 events):
Event: 15.576 Thread 0x00000230fa1c4d60 flushing  nmethod 0x0000023080bb6808
Event: 15.576 Thread 0x00000230fa1c4d60 flushing  nmethod 0x0000023080bb6b08
Event: 15.576 Thread 0x00000230fa1c4d60 flushing  nmethod 0x0000023080bb7008
Event: 15.576 Thread 0x00000230fa1c4d60 flushing  nmethod 0x0000023080c7b888
Event: 15.576 Thread 0x00000230fa1c4d60 flushing  nmethod 0x0000023080c7d588
Event: 15.576 Thread 0x00000230fa1c4d60 flushing  nmethod 0x0000023080c7f908
Event: 15.576 Thread 0x00000230fa1c4d60 flushing  nmethod 0x0000023080c7fc08
Event: 15.576 Thread 0x00000230fa1c4d60 flushing  nmethod 0x0000023080ccc408
Event: 15.576 Thread 0x00000230fa1c4d60 flushing  nmethod 0x0000023080ccd108
Event: 15.576 Thread 0x00000230fa1c4d60 flushing  nmethod 0x0000023080ccde88
Event: 15.576 Thread 0x00000230fa1c4d60 flushing  nmethod 0x0000023080ccf588
Event: 15.576 Thread 0x00000230fa1c4d60 flushing  nmethod 0x0000023080cd1488
Event: 15.576 Thread 0x00000230fa1c4d60 flushing  nmethod 0x0000023080cd1788
Event: 15.576 Thread 0x00000230fa1c4d60 flushing  nmethod 0x0000023080cd1a88
Event: 15.576 Thread 0x00000230fa1c4d60 flushing  nmethod 0x0000023080cd4e08
Event: 15.576 Thread 0x00000230fa1c4d60 flushing  nmethod 0x0000023080cd5c88
Event: 15.576 Thread 0x00000230fa1c4d60 flushing  nmethod 0x0000023080cd6388
Event: 15.576 Thread 0x00000230fa1c4d60 flushing  nmethod 0x0000023080cd6808
Event: 15.576 Thread 0x00000230fa1c4d60 flushing  nmethod 0x0000023080d2e188
Event: 15.576 Thread 0x00000230fa1c4d60 flushing  nmethod 0x0000023080d2eb08

Events (20 events):
Event: 13.423 Thread 0x0000023095116540 Thread added: 0x000002309514e870
Event: 13.568 Thread 0x0000023091b35e00 Thread added: 0x0000023094cf53c0
Event: 16.498 Thread 0x0000023094cf53c0 Thread added: 0x0000023093682ab0
Event: 16.498 Thread 0x0000023094cf53c0 Thread added: 0x00000230936822e0
Event: 16.499 Thread 0x0000023093682ab0 Thread added: 0x000002309aa04730
Event: 16.499 Thread 0x00000230936822e0 Thread added: 0x00000230952ea5f0
Event: 16.500 Thread 0x000002309aa04730 Thread added: 0x000002309a14cc20
Event: 16.501 Thread 0x00000230952ea5f0 Thread added: 0x000002309a8f2020
Event: 16.501 Thread 0x000002309a14cc20 Thread added: 0x000002309a39fd30
Event: 16.501 Thread 0x000002309a8f2020 Thread added: 0x00000230937629e0
Event: 16.501 Thread 0x000002309a39fd30 Thread added: 0x000002309a14d3f0
Event: 16.502 Thread 0x00000230937629e0 Thread added: 0x00000230ff448840
Event: 16.502 Thread 0x000002309a14d3f0 Thread added: 0x00000230ff03bd60
Event: 16.503 Thread 0x00000230ff03bd60 Thread added: 0x0000023091858af0
Event: 16.505 Thread 0x00000230ff448840 Thread added: 0x00000230952e9e20
Event: 16.505 Thread 0x0000023091858af0 Thread added: 0x0000023094ed5a20
Event: 16.506 Thread 0x00000230952e9e20 Thread added: 0x00000230910874e0
Event: 16.506 Thread 0x0000023094ed5a20 Thread added: 0x00000230910895b0
Event: 16.552 Thread 0x0000023091e7fc30 Thread added: 0x0000023094cf6360
Event: 16.754 Thread 0x0000023094cf6360 Thread added: 0x0000023091083e30


Dynamic libraries:
0x00007ff78bb40000 - 0x00007ff78bb4a000 	E:\Android\AndroidStudio\jbr\bin\java.exe
0x00007fff94500000 - 0x00007fff94767000 	C:\WINDOWS\SYSTEM32\ntdll.dll
0x00007fff93ab0000 - 0x00007fff93b7b000 	C:\WINDOWS\System32\KERNEL32.DLL
0x00007fff91700000 - 0x00007fff91b02000 	C:\WINDOWS\System32\KERNELBASE.dll
0x00007fff91c60000 - 0x00007fff91dac000 	C:\WINDOWS\System32\ucrtbase.dll
0x00007fff82010000 - 0x00007fff82026000 	E:\Android\AndroidStudio\jbr\bin\jli.dll
0x00007fff837d0000 - 0x00007fff837eb000 	E:\Android\AndroidStudio\jbr\bin\VCRUNTIME140.dll
0x00007fff93d50000 - 0x00007fff93f1f000 	C:\WINDOWS\System32\USER32.dll
0x00007fff91dc0000 - 0x00007fff91de7000 	C:\WINDOWS\System32\win32u.dll
0x00007fff77b90000 - 0x00007fff77e20000 	C:\WINDOWS\WinSxS\amd64_microsoft.windows.common-controls_6595b64144ccf1df_6.0.26100.9278_none_3e0d1ba8e3303201\COMCTL32.dll
0x00007fff94490000 - 0x00007fff944bb000 	C:\WINDOWS\System32\GDI32.dll
0x00007fff924a0000 - 0x00007fff92549000 	C:\WINDOWS\System32\msvcrt.dll
0x00007fff920f0000 - 0x00007fff92219000 	C:\WINDOWS\System32\gdi32full.dll
0x00007fff91df0000 - 0x00007fff91e93000 	C:\WINDOWS\System32\msvcp_win.dll
0x00007fff93b80000 - 0x00007fff93bb1000 	C:\WINDOWS\System32\IMM32.DLL
0x00007fff8dc00000 - 0x00007fff8dc0c000 	E:\Android\AndroidStudio\jbr\bin\vcruntime140_1.dll
0x00007fff132e0000 - 0x00007fff1336d000 	E:\Android\AndroidStudio\jbr\bin\msvcp140.dll
0x00007ffec1350000 - 0x00007ffec222a000 	E:\Android\AndroidStudio\jbr\bin\server\jvm.dll
0x00007fff92550000 - 0x00007fff9260c000 	C:\WINDOWS\System32\ADVAPI32.dll
0x00007fff923f0000 - 0x00007fff92499000 	C:\WINDOWS\System32\sechost.dll
0x00007fff933f0000 - 0x00007fff93508000 	C:\WINDOWS\System32\RPCRT4.dll
0x00007fff92bc0000 - 0x00007fff92c40000 	C:\WINDOWS\System32\WS2_32.dll
0x00007fff82790000 - 0x00007fff827c6000 	C:\WINDOWS\SYSTEM32\WINMM.dll
0x00007fff90fb0000 - 0x00007fff9100e000 	C:\WINDOWS\SYSTEM32\POWRPROF.dll
0x00007fff88a20000 - 0x00007fff88a2b000 	C:\WINDOWS\SYSTEM32\VERSION.dll
0x00007fff90f50000 - 0x00007fff90f65000 	C:\WINDOWS\SYSTEM32\UMPDC.dll
0x00007fff903b0000 - 0x00007fff903cb000 	C:\WINDOWS\SYSTEM32\kernel.appcore.dll
0x00007fff8db70000 - 0x00007fff8db7a000 	E:\Android\AndroidStudio\jbr\bin\jimage.dll
0x00007fff8ea00000 - 0x00007fff8ec4c000 	C:\WINDOWS\SYSTEM32\DBGHELP.DLL
0x00007fff93720000 - 0x00007fff93aa5000 	C:\WINDOWS\System32\combase.dll
0x00007fff92280000 - 0x00007fff92359000 	C:\WINDOWS\System32\OLEAUT32.dll
0x00007fff7a820000 - 0x00007fff7a85b000 	C:\WINDOWS\SYSTEM32\dbgcore.DLL
0x00007fff91ea0000 - 0x00007fff91f4c000 	C:\WINDOWS\System32\bcryptPrimitives.dll
0x00007fff81f80000 - 0x00007fff81f8e000 	E:\Android\AndroidStudio\jbr\bin\instrument.dll
0x00007fff81b20000 - 0x00007fff81b3f000 	E:\Android\AndroidStudio\jbr\bin\java.dll
0x00007fff93580000 - 0x00007fff9371a000 	C:\WINDOWS\System32\ole32.dll
0x00007fff92c50000 - 0x00007fff933e8000 	C:\WINDOWS\System32\SHELL32.dll
0x00007fff81b00000 - 0x00007fff81b17000 	E:\Android\AndroidStudio\jbr\bin\zip.dll
0x00007fff8f140000 - 0x00007fff8f9ee000 	C:\WINDOWS\SYSTEM32\windows.storage.dll
0x00007fff93f30000 - 0x00007fff9402b000 	C:\WINDOWS\System32\SHCORE.dll
0x00007fff93510000 - 0x00007fff93576000 	C:\WINDOWS\System32\shlwapi.dll
0x00007fff91620000 - 0x00007fff91649000 	C:\WINDOWS\SYSTEM32\profapi.dll
0x00007fff81af0000 - 0x00007fff81b00000 	E:\Android\AndroidStudio\jbr\bin\net.dll
0x00007fff90990000 - 0x00007fff909fc000 	C:\WINDOWS\system32\mswsock.dll
0x00007fff818f0000 - 0x00007fff81906000 	E:\Android\AndroidStudio\jbr\bin\nio.dll
0x00007fff70cc0000 - 0x00007fff70cd0000 	E:\Android\AndroidStudio\jbr\bin\verify.dll
0x00007fff55c50000 - 0x00007fff55c77000 	C:\Users\Lenovo\.gradle\native\660c5614fbf4a5f2a75b1949f50a0caf5cd603558e7d8a26e50b933a0cfb79d1\windows-amd64\native-platform.dll
0x00007fff5b880000 - 0x00007fff5b8f7000 	C:\Users\Lenovo\.gradle\native\0.2.8\x86_64-windows-gnu\gradle-fileevents.dll
0x00007fff722b0000 - 0x00007fff722b9000 	E:\Android\AndroidStudio\jbr\bin\management.dll
0x00007fff722a0000 - 0x00007fff722ab000 	E:\Android\AndroidStudio\jbr\bin\management_ext.dll
0x00007fff94120000 - 0x00007fff94128000 	C:\WINDOWS\System32\PSAPI.DLL
0x00007fff8fd40000 - 0x00007fff8fd73000 	C:\WINDOWS\SYSTEM32\IPHLPAPI.DLL
0x00007fff92bb0000 - 0x00007fff92bba000 	C:\WINDOWS\System32\NSI.dll
0x00007fff81850000 - 0x00007fff81859000 	E:\Android\AndroidStudio\jbr\bin\extnet.dll
0x00007fff90c80000 - 0x00007fff90c9b000 	C:\WINDOWS\SYSTEM32\CRYPTSP.dll
0x00007fff90300000 - 0x00007fff90339000 	C:\WINDOWS\system32\rsaenh.dll
0x00007fff90a40000 - 0x00007fff90a74000 	C:\WINDOWS\SYSTEM32\USERENV.dll
0x00007fff915f0000 - 0x00007fff9161a000 	C:\WINDOWS\SYSTEM32\bcrypt.dll
0x00007fff90ca0000 - 0x00007fff90cac000 	C:\WINDOWS\SYSTEM32\CRYPTBASE.dll
0x00007fff648c0000 - 0x00007fff648c8000 	C:\WINDOWS\system32\wshunix.dll

JVMTI agents:
C:\Users\Lenovo\.gradle\wrapper\dists\gradle-9.5.0-bin\bvnork1r7n8i6kp5cnkibsc9q\gradle-9.5.0\lib\agents\gradle-instrumentation-agent-9.5.0.jar path:E:\Android\AndroidStudio\jbr\bin\instrument.dll, loaded, initialized, instrumentlib options:none

dbghelp: loaded successfully - version: 4.0.5 - missing functions: none
symbol engine: initialized successfully - sym options: 0x614 - pdb path: .;E:\Android\AndroidStudio\jbr\bin;C:\WINDOWS\SYSTEM32;C:\WINDOWS\WinSxS\amd64_microsoft.windows.common-controls_6595b64144ccf1df_6.0.26100.9278_none_3e0d1ba8e3303201;E:\Android\AndroidStudio\jbr\bin\server;C:\Users\Lenovo\.gradle\native\660c5614fbf4a5f2a75b1949f50a0caf5cd603558e7d8a26e50b933a0cfb79d1\windows-amd64;C:\Users\Lenovo\.gradle\native\0.2.8\x86_64-windows-gnu

VM Arguments:
jvm_args: --add-opens=java.base/java.lang=ALL-UNNAMED --add-opens=java.base/java.lang.invoke=ALL-UNNAMED --add-opens=java.base/java.util=ALL-UNNAMED --add-opens=java.prefs/java.util.prefs=ALL-UNNAMED --add-exports=jdk.compiler/com.sun.tools.javac.api=ALL-UNNAMED --add-exports=jdk.compiler/com.sun.tools.javac.util=ALL-UNNAMED --add-opens=java.base/java.nio.charset=ALL-UNNAMED --add-opens=java.base/java.net=ALL-UNNAMED --add-opens=java.base/java.util.concurrent=ALL-UNNAMED --add-opens=java.base/java.util.concurrent.atomic=ALL-UNNAMED --add-opens=java.xml/javax.xml.namespace=ALL-UNNAMED --add-opens=java.base/java.time=ALL-UNNAMED --enable-native-access=ALL-UNNAMED -Xmx2048m -Dfile.encoding=UTF-8 -Duser.country=ID -Duser.language=en -Duser.variant -javaagent:C:\Users\Lenovo\.gradle\wrapper\dists\gradle-9.5.0-bin\bvnork1r7n8i6kp5cnkibsc9q\gradle-9.5.0\lib\agents\gradle-instrumentation-agent-9.5.0.jar 
java_command: org.gradle.launcher.daemon.bootstrap.GradleDaemon 9.5.0
java_class_path (initial): C:\Users\Lenovo\.gradle\wrapper\dists\gradle-9.5.0-bin\bvnork1r7n8i6kp5cnkibsc9q\gradle-9.5.0\lib\gradle-daemon-main-9.5.0.jar
Launcher Type: SUN_STANDARD

[Global flags]
     intx CICompilerCount                          = 12                                        {product} {ergonomic}
     uint ConcGCThreads                            = 3                                         {product} {ergonomic}
     uint G1ConcRefinementThreads                  = 13                                        {product} {ergonomic}
   size_t G1HeapRegionSize                         = 1048576                                   {product} {ergonomic}
   size_t InitialHeapSize                          = 130023424                                 {product} {ergonomic}
   size_t MarkStackSize                            = 4194304                                   {product} {ergonomic}
   size_t MarkStackSizeMax                         = 536870912                                 {product} {ergonomic}
   size_t MaxHeapSize                              = 2147483648                                {product} {command line}
   size_t MaxNewSize                               = 1287651328                                {product} {ergonomic}
   size_t MinHeapDeltaBytes                        = 1048576                                   {product} {ergonomic}
   size_t MinHeapSize                              = 8388608                                   {product} {ergonomic}
    uintx NonNMethodCodeHeapSize                   = 7602176                                {pd product} {ergonomic}
    uintx NonProfiledCodeHeapSize                  = 122093568                              {pd product} {ergonomic}
    uintx ProfiledCodeHeapSize                     = 121962496                              {pd product} {ergonomic}
    uintx ReservedCodeCacheSize                    = 251658240                              {pd product} {ergonomic}
     bool SegmentedCodeCache                       = true                                      {product} {ergonomic}
   size_t SoftMaxHeapSize                          = 2147483648                             {manageable} {ergonomic}
     bool UseCompressedOops                        = true                           {product lp64_product} {ergonomic}
     bool UseG1GC                                  = true                                      {product} {ergonomic}
     bool UseLargePagesIndividualAllocation        = false                                  {pd product} {ergonomic}

Logging:
Log output configuration:
 #0: stdout all=warning uptime,level,tags foldmultilines=false
 #1: stderr all=off uptime,level,tags foldmultilines=false

Release file:
JAVA_VERSION="25.0.2" 
MODULES="java.base java.compiler java.datatransfer java.xml java.prefs java.desktop java.instrument java.logging java.management java.security.sasl java.naming java.rmi java.management.rmi java.net.http java.scripting java.security.jgss java.transaction.xa java.sql java.sql.rowset java.xml.crypto java.se java.smartcardio jdk.accessibility jdk.internal.jvmstat jdk.attach jdk.charsets jdk.internal.opt jdk.zipfs jdk.compiler jdk.crypto.cryptoki jdk.crypto.ec jdk.dynalink jdk.hotspot.agent jdk.httpserver jdk.internal.ed jdk.internal.le jdk.internal.md jdk.internal.vm.ci jdk.jartool jdk.javadoc jdk.jcmd jdk.jdeps jdk.jdwp.agent jdk.jdi jdk.jfr jdk.jlink jdk.localedata jdk.management jdk.management.agent jdk.management.jfr jdk.naming.dns jdk.naming.rmi jdk.net jdk.sctp jdk.security.auth jdk.security.jgss jdk.unsupported jdk.unsupported.desktop jdk.xml.dom" 
IMPLEMENTOR="JetBrains s.r.o." 
JAVA_RUNTIME_VERSION="25.0.2+-15348964-b329.117" 
LIBC="default" 
OS_ARCH="x86_64" 
OS_NAME="Windows" 
SOURCE=".:git:3cf398e84a39" 

Environment Variables:
JAVA_HOME=C:\Program Files\Eclipse Adoptium\jdk-21.0.12.101-hotspot
PATH=C:\Program Files\Eclipse Adoptium\jdk-21.0.12.101-hotspot\bin;C:\Users\Lenovo\.config\herd\bin\nvm;C:\oraclexe\app\oracle\product\10.2.0\server\bin;C:\Windows\system32;C:\Windows;C:\Windows\System32\Wbem;C:\Windows\System32\WindowsPowerShell\v1.0\;C:\Windows\System32\OpenSSH\;C:\Program Files (x86)\NVIDIA Corporation\PhysX\Common;C:\Program Files\NVIDIA Corporation\NVIDIA NvDLISR;C:\Program Files\Git\cmd;C:\ProgramData\ComposerSetup\bin;C:\WINDOWS\system32;C:\WINDOWS;C:\WINDOWS\System32\Wbem;C:\WINDOWS\System32\WindowsPowerShell\v1.0\;C:\WINDOWS\System32\OpenSSH\;C:\Program Files\nodejs;E:\Android\Sdk\platform-tools;E:\Android\Sdk\cmdline-tools\latest\bin;E:\src\flutter\bin;C:\Users\Lenovo\.config\herd\bin;C:\Users\Lenovo\AppData\Local\Programs\Python\Python313\Scripts\;C:\Users\Lenovo\AppData\Local\Programs\Python\Python313\;C:\Users\Lenovo\AppData\Local\Programs\Python\Python38\Scripts\;C:\Users\Lenovo\AppData\Local\Programs\Python\Python38\;C:\Users\Lenovo\AppData\Local\Programs\Python\Launcher\;C:\Users\Lenovo\AppData\Local\Microsoft\WindowsApps;C:\Users\Lenovo\AppData\Local\Programs\Microsoft VS Code\bin;C:\Users\Lenovo\AppData\Roaming\Composer\vendor\bin;E:\apache-maven-3.9.10\bin;C:\Users\Lenovo\AppData\Local\Microsoft\WindowsApps;C:\Program Files\JetBrains\IntelliJ IDEA 2025.2.1\bin;C:\Users\Lenovo\AppData\Local\Programs\Ollama;E:\Ollama;C:\Users\Lenovo\AppData\Local\spicetify;;C:\Users\Lenovo\AppData\Local\Programs\DockerDesktop\resources\bin;E:\Antigravity IDE\bin
USERNAME=Lenovo
OS=Windows_NT
PROCESSOR_IDENTIFIER=Intel64 Family 6 Model 186 Stepping 2, GenuineIntel
TMP=C:\Users\Lenovo\AppData\Local\Temp
TEMP=C:\Users\Lenovo\AppData\Local\Temp




Compilation memory statistics disabled.

Periodic native trim disabled

JNI global refs:
JNI global refs: 32, weak refs: 64

JNI global refs memory usage: 835, weak refs: 1465

Process memory usage:
Resident Set Size: 694032K (8% of 8106040K total physical memory with 523892K free physical memory)

OOME stack traces (most recent first):
Classloader memory used:
Loader org.gradle.internal.classloader.VisitableURLClassLoader                         : 40340 K
Loader bootstrap                                                                       : 25963 K
Loader org.gradle.internal.classloader.VisitableURLClassLoader$InstrumentingVisitableURLClassLoader: 25181 K
Loader org.gradle.initialization.MixInLegacyTypesClassLoader                           : 9258 K
Loader jdk.internal.loader.ClassLoaders$AppClassLoader                                 : 188 K
Loader jdk.internal.loader.ClassLoaders$PlatformClassLoader                            : 161 K

Classes loaded by more than one classloader:
Class com.google.common.collect.RegularImmutableMap$KeySet                            : loaded 2 times (x 154B)
Class com.google.common.base.Equivalence$Identity                                     : loaded 2 times (x 84B)
Class com.google.common.base.PairwiseEquivalence                                      : loaded 2 times (x 85B)
Class org.gradle.internal.classloader.FilteringClassLoader                            : loaded 2 times (x 106B)
Class [Lcom.google.common.base.AbstractIterator$State;                                : loaded 2 times (x 71B)
Class com.google.common.base.CharMatcher$IsEither                                     : loaded 2 times (x 113B)
Class org.gradle.internal.classloader.ClassLoaderHierarchy                            : loaded 2 times (x 72B)
Class com.google.common.collect.ImmutableList$1                                       : loaded 2 times (x 99B)
Class com.google.common.collect.ImmutableEnumSet                                      : loaded 2 times (x 148B)
Class com.google.common.util.concurrent.ExecutionError                                : loaded 2 times (x 84B)
Class com.google.common.collect.AbstractMapBasedMultimap$WrappedCollection            : loaded 2 times (x 126B)
Class com.google.common.collect.RegularImmutableMap                                   : loaded 2 times (x 122B)
Class com.google.common.collect.ImmutableMap$MapViewOfValuesAsSingletonSets           : loaded 2 times (x 128B)
Class com.google.common.collect.UnmodifiableListIterator                              : loaded 2 times (x 97B)
Class com.google.common.base.Platform$JdkPatternCompiler                              : loaded 2 times (x 77B)
Class [Lcom.google.common.cache.CacheBuilder$OneWeigher;                              : loaded 2 times (x 71B)
Class com.google.common.base.Suppliers                                                : loaded 2 times (x 73B)
Class org.gradle.internal.classloader.DefaultClassLoaderFactory                       : loaded 2 times (x 84B)
Class com.google.common.base.CharMatcher$None                                         : loaded 2 times (x 114B)
Class [Lcom.google.common.collect.ImmutableMapEntry;                                  : loaded 2 times (x 71B)
Class com.google.common.collect.ImmutableEnumMap                                      : loaded 2 times (x 128B)
Class com.google.common.collect.ListMultimap                                          : loaded 2 times (x 72B)
Class com.google.common.collect.Sets$1                                                : loaded 2 times (x 143B)
Class com.google.common.base.Splitter                                                 : loaded 2 times (x 74B)
Class com.google.common.collect.ImmutableSet$SerializedForm                           : loaded 2 times (x 75B)
Class org.gradle.api.internal.DefaultClassPathProvider                                : loaded 2 times (x 78B)
Class com.google.common.collect.Maps$ViewCachingAbstractMap                           : loaded 2 times (x 127B)
Class com.google.common.collect.Sets$2                                                : loaded 2 times (x 143B)
Class [Lorg.gradle.api.internal.ClassPathProvider;                                    : loaded 2 times (x 71B)
Class org.gradle.api.internal.ClassPathProvider                                       : loaded 2 times (x 72B)
Class com.google.common.collect.Sets$3                                                : loaded 2 times (x 143B)
Class com.google.common.base.AbstractIterator$State                                   : loaded 2 times (x 81B)
Class com.google.common.cache.LocalCache$LocalLoadingCache                            : loaded 2 times (x 136B)
Class org.gradle.internal.service.UnknownServiceException                             : loaded 2 times (x 85B)
Class com.google.common.collect.Sets$4                                                : loaded 2 times (x 143B)
Class com.google.common.cache.LocalCache$Strength$1                                   : loaded 2 times (x 83B)
Class com.google.common.cache.LocalCache$Strength$2                                   : loaded 2 times (x 83B)
Class com.google.common.collect.TransformedIterator                                   : loaded 2 times (x 82B)
Class com.google.common.base.Splitter$1                                               : loaded 2 times (x 79B)
Class com.google.common.cache.LocalCache$Strength$3                                   : loaded 2 times (x 83B)
Class com.google.common.collect.MapDifference                                         : loaded 2 times (x 72B)
Class com.google.common.cache.CacheBuilder$NullListener                               : loaded 2 times (x 84B)
Class org.gradle.internal.classpath.TransformedClassPath                              : loaded 2 times (x 98B)
Class org.gradle.internal.classloader.InstrumentingClassLoader                        : loaded 2 times (x 72B)
Class com.google.common.cache.CacheLoader$FunctionToCacheLoader                       : loaded 2 times (x 77B)
Class com.google.common.collect.Iterators$ArrayItr                                    : loaded 2 times (x 99B)
Class com.google.common.collect.ImmutableCollection$Builder                           : loaded 2 times (x 78B)
Class com.google.common.base.Joiner                                                   : loaded 2 times (x 82B)
Class com.google.common.base.MoreObjects                                              : loaded 2 times (x 73B)
Class com.google.common.collect.Platform                                              : loaded 2 times (x 73B)
Class com.google.common.collect.UnmodifiableIterator                                  : loaded 2 times (x 82B)
Class org.gradle.internal.service.ServiceLocator                                      : loaded 2 times (x 72B)
Class com.google.common.cache.LocalCache$1                                            : loaded 2 times (x 91B)
Class com.google.common.collect.Iterators$SingletonIterator                           : loaded 2 times (x 83B)
Class com.google.common.collect.AbstractMapEntry                                      : loaded 2 times (x 83B)
Class com.google.common.collect.Sets$ImprovedAbstractSet                              : loaded 2 times (x 137B)
Class com.google.common.cache.LocalCache$2                                            : loaded 2 times (x 144B)
Class com.google.common.collect.AbstractMultimap                                      : loaded 2 times (x 125B)
Class com.google.common.collect.RegularImmutableAsList                                : loaded 2 times (x 219B)
Class com.google.common.collect.Iterators                                             : loaded 2 times (x 73B)
Class com.google.common.collect.Lists$StringAsImmutableList                           : loaded 2 times (x 209B)
Class com.google.common.util.concurrent.UncheckedExecutionException                   : loaded 2 times (x 84B)
Class com.google.common.base.CharMatcher$And                                          : loaded 2 times (x 114B)
Class com.google.common.cache.CacheLoader$UnsupportedLoadingOperationException        : loaded 2 times (x 84B)
Class com.google.common.collect.IndexedImmutableSet                                   : loaded 2 times (x 154B)
Class com.google.common.collect.ImmutableMap$1                                        : loaded 2 times (x 83B)
Class com.google.common.collect.BiMap                                                 : loaded 2 times (x 72B)
Class org.gradle.api.internal.classpath.DefaultModuleRegistry$DefaultModule           : loaded 2 times (x 84B)
Class com.google.common.collect.AbstractIterator                                      : loaded 2 times (x 84B)
Class com.google.common.math.MathPreconditions                                        : loaded 2 times (x 73B)
Class com.google.common.collect.ObjectArrays                                          : loaded 2 times (x 73B)
Class com.google.common.collect.AbstractIndexedListIterator                           : loaded 2 times (x 98B)
Class com.google.common.collect.ArrayListMultimapGwtSerializationDependencies         : loaded 2 times (x 173B)
Class com.google.common.collect.Multiset                                              : loaded 2 times (x 72B)
Class com.google.common.collect.ImmutableMapEntrySet                                  : loaded 2 times (x 154B)
Class org.gradle.api.internal.classpath.Module                                        : loaded 2 times (x 72B)
Class com.google.common.cache.Weigher                                                 : loaded 2 times (x 72B)
Class org.gradle.api.internal.classpath.UnknownModuleException                        : loaded 2 times (x 84B)
Class com.google.common.cache.LocalCache$Strength                                     : loaded 2 times (x 83B)
Class com.google.common.cache.Cache                                                   : loaded 2 times (x 72B)
Class com.google.common.collect.ImmutableMap$Builder                                  : loaded 2 times (x 84B)
Class com.google.common.base.NullnessCasts                                            : loaded 2 times (x 73B)
Class com.google.common.cache.RemovalListener                                         : loaded 2 times (x 72B)
Class org.gradle.api.internal.DefaultClassPathRegistry                                : loaded 2 times (x 78B)
Class com.google.common.collect.Multimap                                              : loaded 2 times (x 72B)
Class org.gradle.internal.classpath.DefaultClassPath$ImmutableUniqueList              : loaded 2 times (x 201B)
Class org.gradle.api.internal.ClassPathRegistry                                       : loaded 2 times (x 72B)
Class com.google.common.collect.SingletonImmutableList                                : loaded 2 times (x 209B)
Class com.google.common.cache.CacheBuilder                                            : loaded 2 times (x 74B)
Class org.gradle.internal.classpath.ClassPath                                         : loaded 2 times (x 72B)
Class com.google.common.collect.ImmutableList$ReverseImmutableList                    : loaded 2 times (x 211B)
Class com.google.common.base.JdkPattern                                               : loaded 2 times (x 77B)
Class org.gradle.api.internal.classpath.DefaultModuleRegistry$DefaultModuleAlias      : loaded 2 times (x 82B)
Class com.google.common.base.Suppliers$SupplierOfInstance                             : loaded 2 times (x 81B)
Class com.google.common.collect.Iterators$1                                           : loaded 2 times (x 83B)
Class com.google.common.cache.LocalCache$ComputingValueReference                      : loaded 2 times (x 98B)
Class com.google.common.collect.ImmutableMap$IteratorBasedImmutableMap                : loaded 2 times (x 128B)
Class com.google.common.collect.SingletonImmutableSet                                 : loaded 2 times (x 148B)
Class com.google.common.cache.LocalCache$Segment                                      : loaded 2 times (x 155B)
Class com.google.common.collect.ImmutableBiMap                                        : loaded 2 times (x 145B)
Class com.google.common.cache.CacheLoader                                             : loaded 2 times (x 76B)
Class com.google.common.collect.Iterators$4                                           : loaded 2 times (x 84B)
Class com.google.common.collect.AbstractListMultimap                                  : loaded 2 times (x 173B)
Class org.gradle.api.internal.classpath.ModuleRegistry                                : loaded 2 times (x 72B)
Class org.gradle.internal.installation.GradleInstallation$1                           : loaded 2 times (x 77B)
Class com.google.common.collect.ImmutableSet$JdkBackedSetBuilderImpl                  : loaded 2 times (x 78B)
Class com.google.common.base.Splitter$SplittingIterator                               : loaded 2 times (x 85B)
Class com.google.common.collect.Iterators$5                                           : loaded 2 times (x 84B)
Class com.google.common.base.CharMatcher$ForPredicate                                 : loaded 2 times (x 114B)
Class com.google.common.cache.LocalCache$LocalManualCache$1                           : loaded 2 times (x 77B)
Class com.google.common.base.CharMatcher$AnyOf                                        : loaded 2 times (x 114B)
Class com.google.common.collect.ImmutableCollection                                   : loaded 2 times (x 127B)
Class org.gradle.api.internal.classpath.DefaultModuleRegistry                         : loaded 2 times (x 86B)
Class com.google.common.collect.Lists                                                 : loaded 2 times (x 73B)
Class com.google.common.cache.ReferenceEntry                                          : loaded 2 times (x 72B)
Class com.google.common.base.Converter                                                : loaded 2 times (x 92B)
Class com.google.common.collect.ImmutableSet$CachingAsList                            : loaded 2 times (x 150B)
Class com.google.common.base.FunctionalEquivalence                                    : loaded 2 times (x 85B)
Class com.google.common.collect.Iterators$9                                           : loaded 2 times (x 83B)
Class com.google.common.collect.AbstractMapBasedMultimap                              : loaded 2 times (x 140B)
Class com.google.common.collect.ImmutableAsList                                       : loaded 2 times (x 211B)
Class com.google.common.cache.CacheLoader$SupplierToCacheLoader                       : loaded 2 times (x 77B)
Class org.gradle.internal.service.ServiceLookupException                              : loaded 2 times (x 84B)
Class [Lcom.google.common.cache.LocalCache$EntryFactory;                              : loaded 2 times (x 71B)
Class org.gradle.internal.classloader.ClassLoaderFactory                              : loaded 2 times (x 72B)
Class com.google.common.base.CharMatcher$IsNot                                        : loaded 2 times (x 113B)
Class com.google.common.base.CommonPattern                                            : loaded 2 times (x 76B)
Class com.google.common.cache.LocalCache$LocalManualCache                             : loaded 2 times (x 101B)
Class org.gradle.internal.service.CachingServiceLocator                               : loaded 2 times (x 84B)
Class com.google.common.math.IntMath                                                  : loaded 2 times (x 73B)
Class com.google.common.collect.ImmutableMapEntry                                     : loaded 2 times (x 87B)
Class com.google.common.collect.ImmutableMapEntry$NonTerminalImmutableMapEntry        : loaded 2 times (x 87B)
Class com.google.common.base.Equivalence                                              : loaded 2 times (x 84B)
Class com.google.common.base.Function                                                 : loaded 2 times (x 72B)
Class com.google.common.collect.RegularImmutableList                                  : loaded 2 times (x 215B)
Class com.google.common.cache.CacheBuilder$OneWeigher                                 : loaded 2 times (x 84B)
Class org.gradle.internal.classloader.ClasspathUtil                                   : loaded 2 times (x 73B)
Class com.google.common.collect.Maps                                                  : loaded 2 times (x 73B)
Class org.gradle.api.specs.Spec                                                       : loaded 2 times (x 72B)
Class [Lcom.google.common.collect.ImmutableEntry;                                     : loaded 2 times (x 71B)
Class com.google.common.cache.LocalCache$LoadingValueReference                        : loaded 2 times (x 98B)
Class com.google.common.base.Platform                                                 : loaded 2 times (x 73B)
Class com.google.common.collect.Maps$8                                                : loaded 2 times (x 84B)
Class com.google.common.collect.Sets$SetView                                          : loaded 2 times (x 141B)
Class org.gradle.internal.classloader.VisitableURLClassLoader$InstrumentingVisitableURLClassLoader: loaded 2 times (x 124B)
Class com.google.common.math.IntMath$1                                                : loaded 2 times (x 73B)
Class [Lcom.google.common.cache.CacheBuilder$NullListener;                            : loaded 2 times (x 71B)
Class org.gradle.internal.classloader.VisitableURLClassLoader$Spec                    : loaded 2 times (x 76B)
Class org.gradle.internal.classpath.DefaultClassPath                                  : loaded 2 times (x 92B)
Class com.google.common.base.AbstractIterator                                         : loaded 2 times (x 82B)
Class com.google.common.io.Closer                                                     : loaded 2 times (x 80B)
Class com.google.common.collect.RegularImmutableMap$Values                            : loaded 2 times (x 209B)
Class com.google.common.base.CharMatcher$BitSetMatcher                                : loaded 2 times (x 114B)
Class com.google.common.collect.ImmutableSet                                          : loaded 2 times (x 147B)
Class org.gradle.internal.classloader.ClassLoaderSpec                                 : loaded 2 times (x 73B)
Class com.google.common.cache.CacheStats                                              : loaded 2 times (x 73B)
Class com.google.common.io.Closer$Suppressor                                          : loaded 2 times (x 72B)
Class com.google.common.base.CharMatcher$Or                                           : loaded 2 times (x 114B)
Class org.gradle.api.internal.classpath.Module$ModuleAlias                            : loaded 2 times (x 72B)
Class com.google.common.base.Supplier                                                 : loaded 2 times (x 72B)
Class org.gradle.internal.classloader.VisitableURLClassLoader                         : loaded 2 times (x 118B)
Class org.gradle.internal.Cast                                                        : loaded 2 times (x 73B)
Class org.gradle.api.Action                                                           : loaded 2 times (x 72B)
Class com.google.common.base.Strings                                                  : loaded 2 times (x 73B)
Class com.google.common.collect.Sets                                                  : loaded 2 times (x 73B)
Class com.google.common.base.CharMatcher$FastMatcher                                  : loaded 2 times (x 113B)
Class com.google.common.base.Ticker                                                   : loaded 2 times (x 74B)
Class [Lcom.google.common.cache.LocalCache$Segment;                                   : loaded 2 times (x 71B)
Class com.google.common.base.Predicate                                                : loaded 2 times (x 72B)
Class [Lcom.google.common.cache.LocalCache$Strength;                                  : loaded 2 times (x 71B)
Class com.google.common.cache.CacheBuilder$1                                          : loaded 2 times (x 87B)
Class com.google.common.collect.ImmutableMap                                          : loaded 2 times (x 122B)
Class org.gradle.internal.classpath.DefaultClassPath$ImmutableUniqueList$Builder      : loaded 2 times (x 77B)
Class com.google.common.base.CharMatcher$NegatedFastMatcher                           : loaded 2 times (x 115B)
Class com.google.common.cache.LocalCache                                              : loaded 2 times (x 188B)
Class com.google.common.cache.CacheBuilder$2                                          : loaded 2 times (x 81B)
Class [Lcom.google.common.collect.AbstractMapEntry;                                   : loaded 2 times (x 71B)
Class com.google.common.collect.ImmutableEntry                                        : loaded 2 times (x 84B)
Class com.google.common.cache.CacheBuilder$3                                          : loaded 2 times (x 74B)
Class com.google.common.collect.ArrayListMultimap                                     : loaded 2 times (x 173B)
Class org.gradle.api.GradleException                                                  : loaded 2 times (x 84B)
Class com.google.common.collect.CollectPreconditions                                  : loaded 2 times (x 73B)
Class com.google.common.collect.SortedMapDifference                                   : loaded 2 times (x 72B)
Class com.google.common.cache.LocalCache$EntryFactory                                 : loaded 2 times (x 85B)
Class org.gradle.internal.IoActions                                                   : loaded 2 times (x 73B)
Class com.google.common.cache.CacheLoader$InvalidCacheLoadException                   : loaded 2 times (x 84B)
Class com.google.common.collect.ImmutableSet$RegularSetBuilderImpl                    : loaded 2 times (x 78B)
Class com.google.common.cache.LoadingCache                                            : loaded 2 times (x 72B)
Class com.google.common.collect.RegularImmutableMap$BucketOverflowException           : loaded 2 times (x 84B)
Class [Lcom.google.common.cache.Weigher;                                              : loaded 2 times (x 71B)
Class com.google.common.base.CharMatcher$Negated                                      : loaded 2 times (x 115B)
Class com.google.common.base.CharMatcher$Is                                           : loaded 2 times (x 113B)
Class com.google.common.cache.LocalCache$ValueReference                               : loaded 2 times (x 72B)
Class com.google.common.base.PatternCompiler                                          : loaded 2 times (x 72B)
Class com.google.common.collect.Hashing                                               : loaded 2 times (x 73B)
Class com.google.common.base.Equivalence$Equals                                       : loaded 2 times (x 84B)
Class com.google.common.base.Preconditions                                            : loaded 2 times (x 73B)
Class com.google.common.base.CharMatcher                                              : loaded 2 times (x 113B)
Class com.google.common.base.Joiner$1                                                 : loaded 2 times (x 83B)
Class com.google.common.collect.PeekingIterator                                       : loaded 2 times (x 72B)
Class com.google.common.collect.Table                                                 : loaded 2 times (x 72B)
Class com.google.common.base.CharMatcher$1                                            : loaded 2 times (x 115B)
Class com.google.common.base.CharMatcher$NamedFastMatcher                             : loaded 2 times (x 114B)
Class com.google.common.base.Joiner$2                                                 : loaded 2 times (x 82B)
Class com.google.common.cache.LocalCache$EntryFactory$1                               : loaded 2 times (x 85B)
Class [Lcom.google.common.cache.RemovalListener;                                      : loaded 2 times (x 71B)
Class com.google.common.cache.LocalCache$EntryFactory$2                               : loaded 2 times (x 85B)
Class com.google.common.collect.ImmutableMapEntrySet$RegularEntrySet                  : loaded 2 times (x 154B)
Class com.google.common.cache.LocalCache$EntryFactory$3                               : loaded 2 times (x 85B)
Class com.google.common.base.Ticker$1                                                 : loaded 2 times (x 74B)
Class com.google.common.collect.Maps$BiMapConverter                                   : loaded 2 times (x 92B)
Class com.google.common.base.CharMatcher$InRange                                      : loaded 2 times (x 113B)
Class com.google.common.cache.LocalCache$EntryFactory$4                               : loaded 2 times (x 85B)
Class com.google.common.collect.ImmutableSet$Builder                                  : loaded 2 times (x 87B)
Class com.google.common.cache.LocalCache$EntryFactory$5                               : loaded 2 times (x 85B)
Class com.google.common.cache.LocalCache$EntryFactory$6                               : loaded 2 times (x 85B)
Class org.gradle.internal.installation.CurrentGradleInstallationLocator               : loaded 2 times (x 73B)
Class com.google.common.cache.LocalCache$EntryFactory$7                               : loaded 2 times (x 85B)
Class com.google.common.collect.ImmutableList                                         : loaded 2 times (x 208B)
Class org.gradle.internal.service.DefaultServiceLocator                               : loaded 2 times (x 85B)
Class com.google.common.cache.LocalCache$EntryFactory$8                               : loaded 2 times (x 85B)
Class com.google.common.collect.ImmutableSet$SetBuilderImpl                           : loaded 2 times (x 78B)
Class org.gradle.internal.installation.CurrentGradleInstallation                      : loaded 2 times (x 75B)
Class com.google.common.collect.ForwardingObject                                      : loaded 2 times (x 74B)
Class com.google.common.collect.ImmutableList$SubList                                 : loaded 2 times (x 211B)
Class com.google.common.cache.CacheLoader$1                                           : loaded 2 times (x 77B)
Class org.gradle.util.internal.GUtil                                                  : loaded 2 times (x 73B)
Class com.google.common.cache.AbstractCache$StatsCounter                              : loaded 2 times (x 72B)
Class com.google.common.collect.Iterators$MergingIterator                             : loaded 2 times (x 83B)
Class com.google.common.collect.RegularImmutableSet                                   : loaded 2 times (x 150B)
Class org.gradle.internal.installation.GradleInstallation                             : loaded 2 times (x 77B)
Class com.google.common.base.Splitter$Strategy                                        : loaded 2 times (x 72B)

---------------  S Y S T E M  ---------------

OS:
 Windows 11 , 64 bit Build 26100 (10.0.26100.9444)
OS uptime: 0 days 5:37 hours
Hyper-V role detected

CPU: total 16 (initial active 16) (8 cores per cpu, 2 threads per core) family 6 model 186 stepping 2 microcode 0x410e, cx8, cmov, fxsr, ht, mmx, 3dnowpref, sse, sse2, sse3, ssse3, sse4.1, sse4.2, popcnt, lzcnt, tsc, tscinvbit, avx, avx2, aes, erms, clmul, bmi1, bmi2, adx, sha, fma, vzeroupper, clflush, clflushopt, clwb, hv, serialize, rdtscp, rdpid, fsrm, gfni, f16c, cet_ibt, cet_ss
Processor Information for processor 0
  Max Mhz: 2400, Current Mhz: 1520, Mhz Limit: 2400
Processor Information for processor 1
  Max Mhz: 2400, Current Mhz: 1520, Mhz Limit: 2400
Processor Information for processor 2
  Max Mhz: 2400, Current Mhz: 1520, Mhz Limit: 2400
Processor Information for processor 3
  Max Mhz: 2400, Current Mhz: 1520, Mhz Limit: 2400
Processor Information for processor 4
  Max Mhz: 2400, Current Mhz: 1520, Mhz Limit: 2400
Processor Information for processor 5
  Max Mhz: 2400, Current Mhz: 1520, Mhz Limit: 2400
Processor Information for processor 6
  Max Mhz: 2400, Current Mhz: 1520, Mhz Limit: 2400
Processor Information for processor 7
  Max Mhz: 2400, Current Mhz: 1520, Mhz Limit: 2400
Processor Information for processor 8
  Max Mhz: 2400, Current Mhz: 1520, Mhz Limit: 2400
Processor Information for processor 9
  Max Mhz: 2400, Current Mhz: 1520, Mhz Limit: 2400
Processor Information for processor 10
  Max Mhz: 2400, Current Mhz: 1520, Mhz Limit: 2400
Processor Information for processor 11
  Max Mhz: 2400, Current Mhz: 1520, Mhz Limit: 2400
Processor Information for processor 12
  Max Mhz: 2400, Current Mhz: 1500, Mhz Limit: 1800
Processor Information for processor 13
  Max Mhz: 2400, Current Mhz: 1500, Mhz Limit: 1800
Processor Information for processor 14
  Max Mhz: 2400, Current Mhz: 1500, Mhz Limit: 1800
Processor Information for processor 15
  Max Mhz: 2400, Current Mhz: 1500, Mhz Limit: 1800

Memory: 4k page, system-wide physical 7916M (511M free)
TotalPageFile size 16848M (AvailPageFile size 44M)
current process WorkingSet (physical memory assigned to process): 678M, peak: 678M
current process commit charge ("private bytes"): 769M, peak: 929M

vm_info: OpenJDK 64-Bit Server VM (25.0.2+-15348964-b329.117) for windows-amd64 JRE (25.0.2+-15348964-b329.117), built on 2026-05-05T18:25:19Z with MS VC++ 16.10 / 16.11 (VS2019)

END.
